Using Rizon 4 specifications
[2026-05-18 02:23:06.952] [info] | | | | | | | | | |  Flexiv RDK v1.9  | | | | | | | | | |
[2026-05-18 02:23:08.057] [info] [flexiv::rdk::Robot] Searching for [Rizon4R-062043] ...
[2026-05-18 02:23:08.107] [info] [flexiv::rdk::Robot] Connected to the robot
[2026-05-18 02:23:08.258] [info] [flexiv::rdk::Robot] Validated license: RDK-Professional
[2026-05-18 02:23:08.258] [info] [flexiv::rdk::Robot] Initialization complete
[2026-05-18 02:23:08.261] [info] Enabling robot ...
[2026-05-18 02:23:08.362] [info] Robot is now operational
[2026-05-18 02:23:08.382] [info] [flexiv::rdk::Robot] Control mode switched to [NRT_PRIMITIVE_EXECUTION]
[2026-05-18 02:23:08.402] [info] Zeroing force/torque sensors, make sure nothing is in contact with the robot
[2026-05-18 02:23:09.403] [info] Sensor zeroing complete
[2026-05-18 02:23:21.403] [info] Initialization complete
[2026-05-18 02:23:21.453] [info] [flexiv::rdk::Robot] Control mode switched to [RT_JOINT_TORQUE]
WARNING : Torque commanded on joint 0 too low (-1095.17), saturating to min value(-120.54)
WARNING : Torque commanded on joint 1 too high (5211.32), saturating to max value(120.54)
WARNING : Torque commanded on joint 2 too high (1577.18), saturating to max value(62.72)
WARNING : Torque commanded on joint 3 too high (112.91), saturating to max value(62.72)
WARNING : Torque commanded on joint 6 too high (98.4489), saturating to max value(38.22)
WARNING : Torque commanded on joint 0 too low (-1095.06), saturating to min value(-120.54)
WARNING : Torque commanded on joint 1 too high (5211.47), saturating to max value(120.54)
WARNING : Torque commanded on joint 2 too high (1577.42), saturating to max value(62.72)
WARNING : Torque commanded on joint 3 too high (112.951), saturating to max value(62.72)
WARNING : Torque commanded on joint 6 too high (98.4548), saturating to max value(38.22)
WARNING : Torque commanded on joint 0 too low (-1095.01), saturating to min value(-120.54)
WARNING : Torque commanded on joint 1 too high (5211.65), saturating to max value(120.54)
WARNING : Torque commanded on joint 2 too high (1577.53), saturating to max value(62.72)
WARNING : Torque commanded on joint 3 too high (112.963), saturating to max value(62.72)
WARNING : Torque commanded on joint 6 too high (98.4581), saturating to max value(38.22)
WARNING : Torque commanded on joint 0 too low (-1095), saturating to min value(-120.54)
WARNING : Torque commanded on joint 1 too high (5211.46), saturating to max value(120.54)
WARNING : Torque commanded on joint 2 too high (1577.41), saturating to max value(62.72)
WARNING : Torque commanded on joint 3 too high (112.947), saturating to max value(62.72)
WARNING : Torque commanded on joint 6 too high (98.4523), saturating to max value(38.22)
WARNING : Torque commanded on joint 0 too low (-1095), saturating to min value(-120.54)
WARNING : Torque commanded on joint 1 too high (5211.46), saturating to max value(120.54)
WARNING : Torque commanded on joint 2 too high (1577.4), saturating to max value(62.72)
WARNING : Torque commanded on joint 3 too high (112.951), saturating to max value(62.72)
WARNING : Torque commanded on joint 6 too high (98.452), saturating to max value(38.22)
WARNING : Torque commanded on joint 0 too low (-1094.98), saturating to min value(-120.54)
WARNING : Torque commanded on joint 1 too high (5211.19), saturating to max value(120.54)
WARNING : Torque commanded on joint 2 too high (1577.34), saturating to max value(62.72)
WARNING : Torque commanded on joint 3 too high (112.994), saturating to max value(62.72)
WARNING : Torque commanded on joint 6 too high (98.4483), saturating to max value(38.22)
WARNING : Torque commanded on joint 0 too low (-1094.98), saturating to min value(-120.54)
WARNING : Torque commanded on joint 1 too high (5210.85), saturating to max value(120.54)
WARNING : Torque commanded on joint 2 too high (1577.19), saturating to max value(62.72)
WARNING : Torque commanded on joint 3 too high (113.004), saturating to max value(62.72)
WARNING : Torque commanded on joint 6 too high (98.4415), saturating to max value(38.22)
WARNING : Torque commanded on joint 0 too low (-1095.03), saturating to min value(-120.54)
WARNING : Torque commanded on joint 1 too high (5211.02), saturating to max value(120.54)
WARNING : Torque commanded on joint 2 too high (1577.2), saturating to max value(62.72)
WARNING : Torque commanded on joint 3 too high (112.961), saturating to max value(62.72)
WARNING : Torque commanded on joint 6 too high (98.4434), saturating to max value(38.22)
WARNING : Torque commanded on joint 0 too low (-1094.96), saturating to min value(-120.54)
WARNING : Torque commanded on joint 1 too high (5210.99), saturating to max value(120.54)
WARNING : Torque commanded on joint 2 too high (1577.09), saturating to max value(62.72)
WARNING : Torque commanded on joint 3 too high (112.858), saturating to max value(62.72)
WARNING : Torque commanded on joint 6 too high (98.4382), saturating to max value(38.22)
WARNING : Torque commanded on joint 0 too low (-1095.16), saturating to min value(-120.54)
WARNING : Torque commanded on joint 1 too high (5211.13), saturating to max value(120.54)
WARNING : Torque commanded on joint 2 too high (1577.04), saturating to max value(62.72)
WARNING : Torque commanded on joint 3 too high (112.857), saturating to max value(62.72)
WARNING : Torque commanded on joint 6 too high (98.4404), saturating to max value(38.22)
WARNING : Torque commanded on joint 0 too low (-1095.19), saturating to min value(-120.54)
WARNING : Torque commanded on joint 1 too high (5211.43), saturating to max value(120.54)
WARNING : Torque commanded on joint 2 too high (1577.19), saturating to max value(62.72)
WARNING : Torque commanded on joint 3 too high (112.917), saturating to max value(62.72)
WARNING : Torque commanded on joint 6 too high (98.4495), saturating to max value(38.22)
WARNING : Torque commanded on joint 0 too low (-1095.1), saturating to min value(-120.54)
WARNING : Torque commanded on joint 1 too high (5211), saturating to max value(120.54)
WARNING : Torque commanded on joint 2 too high (1577.13), saturating to max value(62.72)
WARNING : Torque commanded on joint 3 too high (112.973), saturating to max value(62.72)
WARNING : Torque commanded on joint 6 too high (98.445), saturating to max value(38.22)
WARNING : Torque commanded on joint 0 too low (-1094.98), saturating to min value(-120.54)
WARNING : Torque commanded on joint 1 too high (5210.73), saturating to max value(120.54)
WARNING : Torque commanded on joint 2 too high (1577.18), saturating to max value(62.72)
WARNING : Torque commanded on joint 3 too high (113.037), saturating to max value(62.72)
WARNING : Torque commanded on joint 6 too high (98.4437), saturating to max value(38.22)
WARNING : Torque commanded on joint 0 too low (-1095.05), saturating to min value(-120.54)
WARNING : Torque commanded on joint 1 too high (5211.09), saturating to max value(120.54)
WARNING : Torque commanded on joint 2 too high (1577.21), saturating to max value(62.72)
WARNING : Torque commanded on joint 3 too high (113.001), saturating to max value(62.72)
WARNING : Torque commanded on joint 6 too high (98.4464), saturating to max value(38.22)
WARNING : Torque commanded on joint 0 too low (-1095.15), saturating to min value(-120.54)
WARNING : Torque commanded on joint 1 too high (5211.73), saturating to max value(120.54)
WARNING : Torque commanded on joint 2 too high (1577.33), saturating to max value(62.72)
WARNING : Torque commanded on joint 3 too high (112.913), saturating to max value(62.72)
WARNING : Torque commanded on joint 6 too high (98.4545), saturating to max value(38.22)
WARNING : Torque commanded on joint 0 too low (-1095.22), saturating to min value(-120.54)
WARNING : Torque commanded on joint 1 too high (5212.19), saturating to max value(120.54)
WARNING : Torque commanded on joint 2 too high (1577.52), saturating to max value(62.72)
WARNING : Torque commanded on joint 3 too high (112.914), saturating to max value(62.72)
WARNING : Torque commanded on joint 6 too high (98.4654), saturating to max value(38.22)
WARNING : Torque commanded on joint 0 too low (-1095.25), saturating to min value(-120.54)
WARNING : Torque commanded on joint 1 too high (5212.32), saturating to max value(120.54)
WARNING : Torque commanded on joint 2 too high (1577.54), saturating to max value(62.72)
WARNING : Torque commanded on joint 3 too high (112.876), saturating to max value(62.72)
WARNING : Torque commanded on joint 6 too high (98.4671), saturating to max value(38.22)
WARNING : Torque commanded on joint 0 too low (-1095.23), saturating to min value(-120.54)
WARNING : Torque commanded on joint 1 too high (5212.3), saturating to max value(120.54)
WARNING : Torque commanded on joint 2 too high (1577.57), saturating to max value(62.72)
WARNING : Torque commanded on joint 3 too high (112.873), saturating to max value(62.72)
WARNING : Torque commanded on joint 6 too high (98.4685), saturating to max value(38.22)
WARNING : Torque commanded on joint 0 too low (-1095.2), saturating to min value(-120.54)
WARNING : Torque commanded on joint 1 too high (5212.13), saturating to max value(120.54)
WARNING : Torque commanded on joint 2 too high (1577.61), saturating to max value(62.72)
WARNING : Torque commanded on joint 3 too high (112.976), saturating to max value(62.72)
WARNING : Torque commanded on joint 6 too high (98.4694), saturating to max value(38.22)
WARNING : Torque commanded on joint 0 too low (-1095.27), saturating to min value(-120.54)
WARNING : Torque commanded on joint 1 too high (5212.26), saturating to max value(120.54)
WARNING : Torque commanded on joint 2 too high (1577.58), saturating to max value(62.72)
WARNING : Torque commanded on joint 3 too high (112.962), saturating to max value(62.72)
WARNING : Torque commanded on joint 6 too high (98.4706), saturating to max value(38.22)
WARNING : Torque commanded on joint 0 too low (-1095.27), saturating to min value(-120.54)
WARNING : Torque commanded on joint 1 too high (5212.23), saturating to max value(120.54)
WARNING : Torque commanded on joint 2 too high (1577.61), saturating to max value(62.72)
WARNING : Torque commanded on joint 3 too high (112.98), saturating to max value(62.72)
WARNING : Torque commanded on joint 6 too high (98.4722), saturating to max value(38.22)
WARNING : Torque commanded on joint 0 too low (-1095.2), saturating to min value(-120.54)
WARNING : Torque commanded on joint 1 too high (5211.75), saturating to max value(120.54)
WARNING : Torque commanded on joint 2 too high (1577.48), saturating to max value(62.72)
WARNING : Torque commanded on joint 3 too high (113.018), saturating to max value(62.72)
WARNING : Torque commanded on joint 6 too high (98.4645), saturating to max value(38.22)
WARNING : Torque commanded on joint 0 too low (-1095.1), saturating to min value(-120.54)
WARNING : Torque commanded on joint 1 too high (5211.62), saturating to max value(120.54)
WARNING : Torque commanded on joint 2 too high (1577.52), saturating to max value(62.72)
WARNING : Torque commanded on joint 3 too high (113.031), saturating to max value(62.72)
WARNING : Torque commanded on joint 6 too high (98.4632), saturating to max value(38.22)
WARNING : Torque commanded on joint 0 too low (-1095.23), saturating to min value(-120.54)
WARNING : Torque commanded on joint 1 too high (5212.23), saturating to max value(120.54)
WARNING : Torque commanded on joint 2 too high (1577.69), saturating to max value(62.72)
WARNING : Torque commanded on joint 3 too high (113.046), saturating to max value(62.72)
WARNING : Torque commanded on joint 6 too high (98.4747), saturating to max value(38.22)
WARNING : Torque commanded on joint 0 too low (-1095.42), saturating to min value(-120.54)
WARNING : Torque commanded on joint 1 too high (5212.15), saturating to max value(120.54)
WARNING : Torque commanded on joint 2 too high (1577.58), saturating to max value(62.72)
WARNING : Torque commanded on joint 3 too high (113.117), saturating to max value(62.72)
WARNING : Torque commanded on joint 6 too high (98.4773), saturating to max value(38.22)
WARNING : Torque commanded on joint 0 too low (-1095.53), saturating to min value(-120.54)
WARNING : Torque commanded on joint 1 too high (5212.55), saturating to max value(120.54)
WARNING : Torque commanded on joint 2 too high (1577.73), saturating to max value(62.72)
WARNING : Torque commanded on joint 3 too high (113.147), saturating to max value(62.72)
WARNING : Torque commanded on joint 6 too high (98.4879), saturating to max value(38.22)
WARNING : Torque commanded on joint 0 too low (-1095.53), saturating to min value(-120.54)
WARNING : Torque commanded on joint 1 too high (5212.55), saturating to max value(120.54)
WARNING : Torque commanded on joint 2 too high (1577.73), saturating to max value(62.72)
WARNING : Torque commanded on joint 3 too high (113.147), saturating to max value(62.72)
WARNING : Torque commanded on joint 6 too high (98.4879), saturating to max value(38.22)
WARNING : Torque commanded on joint 0 too low (-1095.58), saturating to min value(-120.54)
WARNING : Torque commanded on joint 1 too high (5213.14), saturating to max value(120.54)
WARNING : Torque commanded on joint 2 too high (1578.06), saturating to max value(62.72)
WARNING : Torque commanded on joint 3 too high (113.17), saturating to max value(62.72)
WARNING : Torque commanded on joint 6 too high (98.5039), saturating to max value(38.22)
WARNING : Torque commanded on joint 0 too low (-1095.62), saturating to min value(-120.54)
WARNING : Torque commanded on joint 1 too high (5213.09), saturating to max value(120.54)
WARNING : Torque commanded on joint 2 too high (1578.07), saturating to max value(62.72)
WARNING : Torque commanded on joint 3 too high (113.237), saturating to max value(62.72)
WARNING : Torque commanded on joint 6 too high (98.5058), saturating to max value(38.22)
WARNING : Torque commanded on joint 0 too low (-1095.82), saturating to min value(-120.54)
WARNING : Torque commanded on joint 1 too high (5213.91), saturating to max value(120.54)
WARNING : Torque commanded on joint 2 too high (1578.24), saturating to max value(62.72)
WARNING : Torque commanded on joint 3 too high (113.205), saturating to max value(62.72)
WARNING : Torque commanded on joint 6 too high (98.5202), saturating to max value(38.22)
WARNING : Torque commanded on joint 0 too low (-1095.86), saturating to min value(-120.54)
WARNING : Torque commanded on joint 1 too high (5214.6), saturating to max value(120.54)
WARNING : Torque commanded on joint 2 too high (1578.54), saturating to max value(62.72)
WARNING : Torque commanded on joint 3 too high (113.223), saturating to max value(62.72)
WARNING : Torque commanded on joint 6 too high (98.5341), saturating to max value(38.22)
WARNING : Torque commanded on joint 0 too low (-1095.89), saturating to min value(-120.54)
WARNING : Torque commanded on joint 1 too high (5214.88), saturating to max value(120.54)
WARNING : Torque commanded on joint 2 too high (1578.61), saturating to max value(62.72)
WARNING : Torque commanded on joint 3 too high (113.222), saturating to max value(62.72)
WARNING : Torque commanded on joint 6 too high (98.5397), saturating to max value(38.22)
WARNING : Torque commanded on joint 0 too low (-1095.93), saturating to min value(-120.54)
WARNING : Torque commanded on joint 1 too high (5214.85), saturating to max value(120.54)
WARNING : Torque commanded on joint 2 too high (1578.62), saturating to max value(62.72)
WARNING : Torque commanded on joint 3 too high (113.249), saturating to max value(62.72)
WARNING : Torque commanded on joint 6 too high (98.5422), saturating to max value(38.22)
WARNING : Torque commanded on joint 0 too low (-1095.83), saturating to min value(-120.54)
WARNING : Torque commanded on joint 1 too high (5214.7), saturating to max value(120.54)
WARNING : Torque commanded on joint 2 too high (1578.6), saturating to max value(62.72)
WARNING : Torque commanded on joint 3 too high (113.229), saturating to max value(62.72)
WARNING : Torque commanded on joint 6 too high (98.538), saturating to max value(38.22)
WARNING : Torque commanded on joint 0 too low (-1095.72), saturating to min value(-120.54)
WARNING : Torque commanded on joint 1 too high (5214.31), saturating to max value(120.54)
WARNING : Torque commanded on joint 2 too high (1578.47), saturating to max value(62.72)
WARNING : Torque commanded on joint 3 too high (113.193), saturating to max value(62.72)
WARNING : Torque commanded on joint 6 too high (98.5292), saturating to max value(38.22)
WARNING : Torque commanded on joint 0 too low (-1095.66), saturating to min value(-120.54)
WARNING : Torque commanded on joint 1 too high (5213.89), saturating to max value(120.54)
WARNING : Torque commanded on joint 2 too high (1578.35), saturating to max value(62.72)
WARNING : Torque commanded on joint 3 too high (113.209), saturating to max value(62.72)
WARNING : Torque commanded on joint 6 too high (98.5222), saturating to max value(38.22)
WARNING : Torque commanded on joint 0 too low (-1096.15), saturating to min value(-120.54)
WARNING : Torque commanded on joint 1 too high (5213.94), saturating to max value(120.54)
WARNING : Torque commanded on joint 2 too high (1578.41), saturating to max value(62.72)
WARNING : Torque commanded on joint 3 too high (113.204), saturating to max value(62.72)
WARNING : Torque commanded on joint 6 too high (98.5234), saturating to max value(38.22)
WARNING : Torque commanded on joint 0 too low (-1096.22), saturating to min value(-120.54)
WARNING : Torque commanded on joint 1 too high (5213.99), saturating to max value(120.54)
WARNING : Torque commanded on joint 2 too high (1578.37), saturating to max value(62.72)
WARNING : Torque commanded on joint 3 too high (113.232), saturating to max value(62.72)
WARNING : Torque commanded on joint 6 too high (98.5235), saturating to max value(38.22)
WARNING : Torque commanded on joint 0 too low (-1096.16), saturating to min value(-120.54)
WARNING : Torque commanded on joint 1 too high (5214.06), saturating to max value(120.54)
WARNING : Torque commanded on joint 2 too high (1578.5), saturating to max value(62.72)
WARNING : Torque commanded on joint 3 too high (113.284), saturating to max value(62.72)
WARNING : Torque commanded on joint 6 too high (98.5269), saturating to max value(38.22)
WARNING : Torque commanded on joint 0 too low (-1096.14), saturating to min value(-120.54)
WARNING : Torque commanded on joint 1 too high (5213.75), saturating to max value(120.54)
WARNING : Torque commanded on joint 2 too high (1578.38), saturating to max value(62.72)
WARNING : Torque commanded on joint 3 too high (113.273), saturating to max value(62.72)
WARNING : Torque commanded on joint 6 too high (98.5216), saturating to max value(38.22)
WARNING : Torque commanded on joint 0 too low (-1096.03), saturating to min value(-120.54)
WARNING : Torque commanded on joint 1 too high (5213.54), saturating to max value(120.54)
WARNING : Torque commanded on joint 2 too high (1578.32), saturating to max value(62.72)
WARNING : Torque commanded on joint 3 too high (113.269), saturating to max value(62.72)
WARNING : Torque commanded on joint 6 too high (98.5169), saturating to max value(38.22)
WARNING : Torque commanded on joint 0 too low (-1095.95), saturating to min value(-120.54)
WARNING : Torque commanded on joint 1 too high (5213.21), saturating to max value(120.54)
WARNING : Torque commanded on joint 2 too high (1578.15), saturating to max value(62.72)
WARNING : Torque commanded on joint 3 too high (113.177), saturating to max value(62.72)
WARNING : Torque commanded on joint 6 too high (98.5072), saturating to max value(38.22)
WARNING : Torque commanded on joint 0 too low (-1095.89), saturating to min value(-120.54)
WARNING : Torque commanded on joint 1 too high (5213.06), saturating to max value(120.54)
WARNING : Torque commanded on joint 2 too high (1578.04), saturating to max value(62.72)
WARNING : Torque commanded on joint 3 too high (113.123), saturating to max value(62.72)
WARNING : Torque commanded on joint 6 too high (98.4999), saturating to max value(38.22)
WARNING : Torque commanded on joint 0 too low (-1095.9), saturating to min value(-120.54)
WARNING : Torque commanded on joint 1 too high (5212.84), saturating to max value(120.54)
WARNING : Torque commanded on joint 2 too high (1577.91), saturating to max value(62.72)
WARNING : Torque commanded on joint 3 too high (113.129), saturating to max value(62.72)
WARNING : Torque commanded on joint 6 too high (98.495), saturating to max value(38.22)
WARNING : Torque commanded on joint 0 too low (-1095.84), saturating to min value(-120.54)
WARNING : Torque commanded on joint 1 too high (5212.6), saturating to max value(120.54)
WARNING : Torque commanded on joint 2 too high (1577.8), saturating to max value(62.72)
WARNING : Torque commanded on joint 3 too high (113.12), saturating to max value(62.72)
WARNING : Torque commanded on joint 6 too high (98.4901), saturating to max value(38.22)
WARNING : Torque commanded on joint 0 too low (-1095.77), saturating to min value(-120.54)
WARNING : Torque commanded on joint 1 too high (5212.24), saturating to max value(120.54)
WARNING : Torque commanded on joint 2 too high (1577.61), saturating to max value(62.72)
WARNING : Torque commanded on joint 3 too high (113.059), saturating to max value(62.72)
WARNING : Torque commanded on joint 6 too high (98.4802), saturating to max value(38.22)
WARNING : Torque commanded on joint 0 too low (-1095.61), saturating to min value(-120.54)
WARNING : Torque commanded on joint 1 too high (5211.46), saturating to max value(120.54)
WARNING : Torque commanded on joint 2 too high (1577.34), saturating to max value(62.72)
WARNING : Torque commanded on joint 3 too high (113.043), saturating to max value(62.72)
WARNING : Torque commanded on joint 6 too high (98.4631), saturating to max value(38.22)
WARNING : Torque commanded on joint 0 too low (-1095.45), saturating to min value(-120.54)
WARNING : Torque commanded on joint 1 too high (5210.89), saturating to max value(120.54)
WARNING : Torque commanded on joint 2 too high (1577.16), saturating to max value(62.72)
WARNING : Torque commanded on joint 3 too high (113.019), saturating to max value(62.72)
WARNING : Torque commanded on joint 6 too high (98.4519), saturating to max value(38.22)
WARNING : Torque commanded on joint 0 too low (-1095.51), saturating to min value(-120.54)
WARNING : Torque commanded on joint 1 too high (5210.72), saturating to max value(120.54)
WARNING : Torque commanded on joint 2 too high (1576.99), saturating to max value(62.72)
WARNING : Torque commanded on joint 3 too high (112.977), saturating to max value(62.72)
WARNING : Torque commanded on joint 6 too high (98.447), saturating to max value(38.22)
WARNING : Torque commanded on joint 0 too low (-1095.18), saturating to min value(-120.54)
WARNING : Torque commanded on joint 1 too high (5210.61), saturating to max value(120.54)
WARNING : Torque commanded on joint 2 too high (1576.96), saturating to max value(62.72)
WARNING : Torque commanded on joint 3 too high (112.945), saturating to max value(62.72)
WARNING : Torque commanded on joint 6 too high (98.4431), saturating to max value(38.22)
WARNING : Torque commanded on joint 0 too low (-1095.17), saturating to min value(-120.54)
WARNING : Torque commanded on joint 1 too high (5210.67), saturating to max value(120.54)
WARNING : Torque commanded on joint 2 too high (1576.92), saturating to max value(62.72)
WARNING : Torque commanded on joint 3 too high (112.888), saturating to max value(62.72)
WARNING : Torque commanded on joint 6 too high (98.4401), saturating to max value(38.22)
WARNING : Torque commanded on joint 0 too low (-1095.41), saturating to min value(-120.54)
WARNING : Torque commanded on joint 1 too high (5211.19), saturating to max value(120.54)
WARNING : Torque commanded on joint 2 too high (1576.93), saturating to max value(62.72)
WARNING : Torque commanded on joint 3 too high (112.855), saturating to max value(62.72)
WARNING : Torque commanded on joint 6 too high (98.448), saturating to max value(38.22)
WARNING : Torque commanded on joint 0 too low (-1095.49), saturating to min value(-120.54)
WARNING : Torque commanded on joint 1 too high (5211.15), saturating to max value(120.54)
WARNING : Torque commanded on joint 2 too high (1576.82), saturating to max value(62.72)
WARNING : Torque commanded on joint 3 too high (112.865), saturating to max value(62.72)
WARNING : Torque commanded on joint 6 too high (98.4466), saturating to max value(38.22)
WARNING : Torque commanded on joint 0 too low (-1095.26), saturating to min value(-120.54)
WARNING : Torque commanded on joint 1 too high (5210.73), saturating to max value(120.54)
WARNING : Torque commanded on joint 2 too high (1576.84), saturating to max value(62.72)
WARNING : Torque commanded on joint 3 too high (112.92), saturating to max value(62.72)
WARNING : Torque commanded on joint 6 too high (98.4413), saturating to max value(38.22)
WARNING : Torque commanded on joint 0 too low (-1095.18), saturating to min value(-120.54)
WARNING : Torque commanded on joint 1 too high (5210.19), saturating to max value(120.54)
WARNING : Torque commanded on joint 2 too high (1576.62), saturating to max value(62.72)
WARNING : Torque commanded on joint 3 too high (112.916), saturating to max value(62.72)
WARNING : Torque commanded on joint 6 too high (98.4314), saturating to max value(38.22)
WARNING : Torque commanded on joint 0 too low (-1095.13), saturating to min value(-120.54)
WARNING : Torque commanded on joint 1 too high (5209.9), saturating to max value(120.54)
WARNING : Torque commanded on joint 2 too high (1576.55), saturating to max value(62.72)
WARNING : Torque commanded on joint 3 too high (112.944), saturating to max value(62.72)
WARNING : Torque commanded on joint 6 too high (98.4269), saturating to max value(38.22)
WARNING : Torque commanded on joint 0 too low (-1095.29), saturating to min value(-120.54)
WARNING : Torque commanded on joint 1 too high (5209.87), saturating to max value(120.54)
WARNING : Torque commanded on joint 2 too high (1576.35), saturating to max value(62.72)
WARNING : Torque commanded on joint 3 too high (112.917), saturating to max value(62.72)
WARNING : Torque commanded on joint 6 too high (98.423), saturating to max value(38.22)
WARNING : Torque commanded on joint 0 too low (-1095.44), saturating to min value(-120.54)
WARNING : Torque commanded on joint 1 too high (5210.16), saturating to max value(120.54)
WARNING : Torque commanded on joint 2 too high (1576.31), saturating to max value(62.72)
WARNING : Torque commanded on joint 3 too high (112.888), saturating to max value(62.72)
WARNING : Torque commanded on joint 6 too high (98.4275), saturating to max value(38.22)
WARNING : Torque commanded on joint 0 too low (-1095.49), saturating to min value(-120.54)
WARNING : Torque commanded on joint 1 too high (5210.59), saturating to max value(120.54)
WARNING : Torque commanded on joint 2 too high (1576.44), saturating to max value(62.72)
WARNING : Torque commanded on joint 3 too high (112.846), saturating to max value(62.72)
WARNING : Torque commanded on joint 6 too high (98.4345), saturating to max value(38.22)
WARNING : Torque commanded on joint 0 too low (-1095.34), saturating to min value(-120.54)
WARNING : Torque commanded on joint 1 too high (5210.36), saturating to max value(120.54)
WARNING : Torque commanded on joint 2 too high (1576.4), saturating to max value(62.72)
WARNING : Torque commanded on joint 3 too high (112.798), saturating to max value(62.72)
WARNING : Torque commanded on joint 6 too high (98.4281), saturating to max value(38.22)
WARNING : Torque commanded on joint 0 too low (-1095.35), saturating to min value(-120.54)
WARNING : Torque commanded on joint 1 too high (5210.36), saturating to max value(120.54)
WARNING : Torque commanded on joint 2 too high (1576.39), saturating to max value(62.72)
WARNING : Torque commanded on joint 3 too high (112.846), saturating to max value(62.72)
WARNING : Torque commanded on joint 6 too high (98.4299), saturating to max value(38.22)
WARNING : Torque commanded on joint 0 too low (-1095.3), saturating to min value(-120.54)
WARNING : Torque commanded on joint 1 too high (5210.59), saturating to max value(120.54)
WARNING : Torque commanded on joint 2 too high (1576.53), saturating to max value(62.72)
WARNING : Torque commanded on joint 3 too high (112.865), saturating to max value(62.72)
WARNING : Torque commanded on joint 6 too high (98.4342), saturating to max value(38.22)
WARNING : Torque commanded on joint 0 too low (-1095.36), saturating to min value(-120.54)
WARNING : Torque commanded on joint 1 too high (5210.44), saturating to max value(120.54)
WARNING : Torque commanded on joint 2 too high (1576.44), saturating to max value(62.72)
WARNING : Torque commanded on joint 3 too high (112.861), saturating to max value(62.72)
WARNING : Torque commanded on joint 6 too high (98.4321), saturating to max value(38.22)
WARNING : Torque commanded on joint 0 too low (-1095.69), saturating to min value(-120.54)
WARNING : Torque commanded on joint 1 too high (5210.37), saturating to max value(120.54)
WARNING : Torque commanded on joint 2 too high (1576.27), saturating to max value(62.72)
WARNING : Torque commanded on joint 3 too high (112.835), saturating to max value(62.72)
WARNING : Torque commanded on joint 6 too high (98.4307), saturating to max value(38.22)
WARNING : Torque commanded on joint 0 too low (-1095.61), saturating to min value(-120.54)
WARNING : Torque commanded on joint 1 too high (5210.42), saturating to max value(120.54)
WARNING : Torque commanded on joint 2 too high (1576.33), saturating to max value(62.72)
WARNING : Torque commanded on joint 3 too high (112.805), saturating to max value(62.72)
WARNING : Torque commanded on joint 6 too high (98.4313), saturating to max value(38.22)
WARNING : Torque commanded on joint 0 too low (-1095.36), saturating to min value(-120.54)
WARNING : Torque commanded on joint 1 too high (5210.09), saturating to max value(120.54)
WARNING : Torque commanded on joint 2 too high (1576.37), saturating to max value(62.72)
WARNING : Torque commanded on joint 3 too high (112.825), saturating to max value(62.72)
WARNING : Torque commanded on joint 6 too high (98.426), saturating to max value(38.22)
WARNING : Torque commanded on joint 0 too low (-1095.32), saturating to min value(-120.54)
WARNING : Torque commanded on joint 1 too high (5209.87), saturating to max value(120.54)
WARNING : Torque commanded on joint 2 too high (1576.35), saturating to max value(62.72)
WARNING : Torque commanded on joint 3 too high (112.875), saturating to max value(62.72)
WARNING : Torque commanded on joint 6 too high (98.4233), saturating to max value(38.22)
WARNING : Torque commanded on joint 0 too low (-1095.22), saturating to min value(-120.54)
WARNING : Torque commanded on joint 1 too high (5209.61), saturating to max value(120.54)
WARNING : Torque commanded on joint 2 too high (1576.26), saturating to max value(62.72)
WARNING : Torque commanded on joint 3 too high (112.838), saturating to max value(62.72)
WARNING : Torque commanded on joint 6 too high (98.4185), saturating to max value(38.22)
WARNING : Torque commanded on joint 0 too low (-1095.22), saturating to min value(-120.54)
WARNING : Torque commanded on joint 1 too high (5209.15), saturating to max value(120.54)
WARNING : Torque commanded on joint 2 too high (1576.07), saturating to max value(62.72)
WARNING : Torque commanded on joint 3 too high (112.841), saturating to max value(62.72)
WARNING : Torque commanded on joint 6 too high (98.4102), saturating to max value(38.22)
WARNING : Torque commanded on joint 0 too low (-1095.26), saturating to min value(-120.54)
WARNING : Torque commanded on joint 1 too high (5208.95), saturating to max value(120.54)
WARNING : Torque commanded on joint 2 too high (1575.94), saturating to max value(62.72)
WARNING : Torque commanded on joint 3 too high (112.846), saturating to max value(62.72)
WARNING : Torque commanded on joint 6 too high (98.4058), saturating to max value(38.22)
WARNING : Torque commanded on joint 0 too low (-1095.18), saturating to min value(-120.54)
WARNING : Torque commanded on joint 1 too high (5209.03), saturating to max value(120.54)
WARNING : Torque commanded on joint 2 too high (1576.03), saturating to max value(62.72)
WARNING : Torque commanded on joint 3 too high (112.859), saturating to max value(62.72)
WARNING : Torque commanded on joint 6 too high (98.4073), saturating to max value(38.22)
WARNING : Torque commanded on joint 0 too low (-1095.17), saturating to min value(-120.54)
WARNING : Torque commanded on joint 1 too high (5208.92), saturating to max value(120.54)
WARNING : Torque commanded on joint 2 too high (1575.9), saturating to max value(62.72)
WARNING : Torque commanded on joint 3 too high (112.802), saturating to max value(62.72)
WARNING : Torque commanded on joint 6 too high (98.4002), saturating to max value(38.22)
WARNING : Torque commanded on joint 0 too low (-1095.12), saturating to min value(-120.54)
WARNING : Torque commanded on joint 1 too high (5209.11), saturating to max value(120.54)
WARNING : Torque commanded on joint 2 too high (1575.99), saturating to max value(62.72)
WARNING : Torque commanded on joint 3 too high (112.75), saturating to max value(62.72)
WARNING : Torque commanded on joint 6 too high (98.4021), saturating to max value(38.22)
WARNING : Torque commanded on joint 0 too low (-1095.12), saturating to min value(-120.54)
WARNING : Torque commanded on joint 1 too high (5209.11), saturating to max value(120.54)
WARNING : Torque commanded on joint 2 too high (1575.99), saturating to max value(62.72)
WARNING : Torque commanded on joint 3 too high (112.75), saturating to max value(62.72)
WARNING : Torque commanded on joint 6 too high (98.4021), saturating to max value(38.22)
WARNING : Torque commanded on joint 0 too low (-1095.52), saturating to min value(-120.54)
WARNING : Torque commanded on joint 1 too high (5209.01), saturating to max value(120.54)
WARNING : Torque commanded on joint 2 too high (1575.78), saturating to max value(62.72)
WARNING : Torque commanded on joint 3 too high (112.769), saturating to max value(62.72)
WARNING : Torque commanded on joint 6 too high (98.4011), saturating to max value(38.22)
WARNING : Torque commanded on joint 0 too low (-1095.52), saturating to min value(-120.54)
WARNING : Torque commanded on joint 1 too high (5209.01), saturating to max value(120.54)
WARNING : Torque commanded on joint 2 too high (1575.78), saturating to max value(62.72)
WARNING : Torque commanded on joint 3 too high (112.769), saturating to max value(62.72)
WARNING : Torque commanded on joint 6 too high (98.4011), saturating to max value(38.22)
WARNING : Torque commanded on joint 0 too low (-1095.48), saturating to min value(-120.54)
WARNING : Torque commanded on joint 1 too high (5209.2), saturating to max value(120.54)
WARNING : Torque commanded on joint 2 too high (1575.87), saturating to max value(62.72)
WARNING : Torque commanded on joint 3 too high (112.743), saturating to max value(62.72)
WARNING : Torque commanded on joint 6 too high (98.4043), saturating to max value(38.22)
WARNING : Torque commanded on joint 0 too low (-1095.58), saturating to min value(-120.54)
WARNING : Torque commanded on joint 1 too high (5209.08), saturating to max value(120.54)
WARNING : Torque commanded on joint 2 too high (1575.82), saturating to max value(62.72)
WARNING : Torque commanded on joint 3 too high (112.801), saturating to max value(62.72)
WARNING : Torque commanded on joint 6 too high (98.4052), saturating to max value(38.22)
WARNING : Torque commanded on joint 0 too low (-1095.41), saturating to min value(-120.54)
WARNING : Torque commanded on joint 1 too high (5209.08), saturating to max value(120.54)
WARNING : Torque commanded on joint 2 too high (1575.88), saturating to max value(62.72)
WARNING : Torque commanded on joint 3 too high (112.751), saturating to max value(62.72)
WARNING : Torque commanded on joint 6 too high (98.4027), saturating to max value(38.22)
WARNING : Torque commanded on joint 0 too low (-1095.31), saturating to min value(-120.54)
WARNING : Torque commanded on joint 1 too high (5209.06), saturating to max value(120.54)
WARNING : Torque commanded on joint 2 too high (1575.92), saturating to max value(62.72)
WARNING : Torque commanded on joint 3 too high (112.728), saturating to max value(62.72)
WARNING : Torque commanded on joint 6 too high (98.4016), saturating to max value(38.22)
WARNING : Torque commanded on joint 0 too low (-1095.22), saturating to min value(-120.54)
WARNING : Torque commanded on joint 1 too high (5208.74), saturating to max value(120.54)
WARNING : Torque commanded on joint 2 too high (1575.89), saturating to max value(62.72)
WARNING : Torque commanded on joint 3 too high (112.741), saturating to max value(62.72)
WARNING : Torque commanded on joint 6 too high (98.3974), saturating to max value(38.22)
WARNING : Torque commanded on joint 0 too low (-1095.43), saturating to min value(-120.54)
WARNING : Torque commanded on joint 1 too high (5208.9), saturating to max value(120.54)
WARNING : Torque commanded on joint 2 too high (1575.93), saturating to max value(62.72)
WARNING : Torque commanded on joint 3 too high (112.729), saturating to max value(62.72)
WARNING : Torque commanded on joint 6 too high (98.3991), saturating to max value(38.22)
WARNING : Torque commanded on joint 0 too low (-1095.61), saturating to min value(-120.54)
WARNING : Torque commanded on joint 1 too high (5209.49), saturating to max value(120.54)
WARNING : Torque commanded on joint 2 too high (1576.12), saturating to max value(62.72)
WARNING : Torque commanded on joint 3 too high (112.789), saturating to max value(62.72)
WARNING : Torque commanded on joint 6 too high (98.4125), saturating to max value(38.22)
WARNING : Torque commanded on joint 0 too low (-1095.56), saturating to min value(-120.54)
WARNING : Torque commanded on joint 1 too high (5209.66), saturating to max value(120.54)
WARNING : Torque commanded on joint 2 too high (1576.32), saturating to max value(62.72)
WARNING : Torque commanded on joint 3 too high (112.834), saturating to max value(62.72)
WARNING : Torque commanded on joint 6 too high (98.4186), saturating to max value(38.22)
WARNING : Torque commanded on joint 0 too low (-1095.25), saturating to min value(-120.54)
WARNING : Torque commanded on joint 1 too high (5209.65), saturating to max value(120.54)
WARNING : Torque commanded on joint 2 too high (1576.15), saturating to max value(62.72)
WARNING : Torque commanded on joint 3 too high (112.856), saturating to max value(62.72)
WARNING : Torque commanded on joint 6 too high (98.4203), saturating to max value(38.22)
WARNING : Torque commanded on joint 0 too low (-1095.39), saturating to min value(-120.54)
WARNING : Torque commanded on joint 1 too high (5209.59), saturating to max value(120.54)
WARNING : Torque commanded on joint 2 too high (1575.99), saturating to max value(62.72)
WARNING : Torque commanded on joint 3 too high (112.822), saturating to max value(62.72)
WARNING : Torque commanded on joint 6 too high (98.4172), saturating to max value(38.22)
WARNING : Torque commanded on joint 0 too low (-1095.42), saturating to min value(-120.54)
WARNING : Torque commanded on joint 1 too high (5209.46), saturating to max value(120.54)
WARNING : Torque commanded on joint 2 too high (1575.85), saturating to max value(62.72)
WARNING : Torque commanded on joint 3 too high (112.791), saturating to max value(62.72)
WARNING : Torque commanded on joint 6 too high (98.4122), saturating to max value(38.22)
WARNING : Torque commanded on joint 0 too low (-1095.6), saturating to min value(-120.54)
WARNING : Torque commanded on joint 1 too high (5209.05), saturating to max value(120.54)
WARNING : Torque commanded on joint 2 too high (1575.71), saturating to max value(62.72)
WARNING : Torque commanded on joint 3 too high (112.803), saturating to max value(62.72)
WARNING : Torque commanded on joint 6 too high (98.4056), saturating to max value(38.22)
WARNING : Torque commanded on joint 0 too low (-1095.56), saturating to min value(-120.54)
WARNING : Torque commanded on joint 1 too high (5208.77), saturating to max value(120.54)
WARNING : Torque commanded on joint 2 too high (1575.62), saturating to max value(62.72)
WARNING : Torque commanded on joint 3 too high (112.797), saturating to max value(62.72)
WARNING : Torque commanded on joint 6 too high (98.4016), saturating to max value(38.22)
WARNING : Torque commanded on joint 0 too low (-1095.47), saturating to min value(-120.54)
WARNING : Torque commanded on joint 1 too high (5209.03), saturating to max value(120.54)
WARNING : Torque commanded on joint 2 too high (1575.82), saturating to max value(62.72)
WARNING : Torque commanded on joint 3 too high (112.795), saturating to max value(62.72)
WARNING : Torque commanded on joint 6 too high (98.4074), saturating to max value(38.22)
WARNING : Torque commanded on joint 0 too low (-1095.35), saturating to min value(-120.54)
WARNING : Torque commanded on joint 1 too high (5209.25), saturating to max value(120.54)
WARNING : Torque commanded on joint 2 too high (1576.06), saturating to max value(62.72)
WARNING : Torque commanded on joint 3 too high (112.833), saturating to max value(62.72)
WARNING : Torque commanded on joint 6 too high (98.4141), saturating to max value(38.22)
WARNING : Torque commanded on joint 0 too low (-1095.41), saturating to min value(-120.54)
WARNING : Torque commanded on joint 1 too high (5209.51), saturating to max value(120.54)
WARNING : Torque commanded on joint 2 too high (1576.15), saturating to max value(62.72)
WARNING : Torque commanded on joint 3 too high (112.878), saturating to max value(62.72)
WARNING : Torque commanded on joint 6 too high (98.4197), saturating to max value(38.22)
WARNING : Torque commanded on joint 0 too low (-1095.42), saturating to min value(-120.54)
WARNING : Torque commanded on joint 1 too high (5209.68), saturating to max value(120.54)
WARNING : Torque commanded on joint 2 too high (1576.26), saturating to max value(62.72)
WARNING : Torque commanded on joint 3 too high (112.924), saturating to max value(62.72)
WARNING : Torque commanded on joint 6 too high (98.4249), saturating to max value(38.22)
WARNING : Torque commanded on joint 0 too low (-1095.57), saturating to min value(-120.54)
WARNING : Torque commanded on joint 1 too high (5209.8), saturating to max value(120.54)
WARNING : Torque commanded on joint 2 too high (1576.38), saturating to max value(62.72)
WARNING : Torque commanded on joint 3 too high (112.909), saturating to max value(62.72)
WARNING : Torque commanded on joint 6 too high (98.427), saturating to max value(38.22)
WARNING : Torque commanded on joint 0 too low (-1095.48), saturating to min value(-120.54)
WARNING : Torque commanded on joint 1 too high (5209.76), saturating to max value(120.54)
WARNING : Torque commanded on joint 2 too high (1576.4), saturating to max value(62.72)
WARNING : Torque commanded on joint 3 too high (112.854), saturating to max value(62.72)
WARNING : Torque commanded on joint 6 too high (98.4255), saturating to max value(38.22)
WARNING : Torque commanded on joint 0 too low (-1095.47), saturating to min value(-120.54)
WARNING : Torque commanded on joint 1 too high (5209.64), saturating to max value(120.54)
WARNING : Torque commanded on joint 2 too high (1576.34), saturating to max value(62.72)
WARNING : Torque commanded on joint 3 too high (112.838), saturating to max value(62.72)
WARNING : Torque commanded on joint 6 too high (98.4219), saturating to max value(38.22)
WARNING : Torque commanded on joint 0 too low (-1095.59), saturating to min value(-120.54)
WARNING : Torque commanded on joint 1 too high (5209.84), saturating to max value(120.54)
WARNING : Torque commanded on joint 2 too high (1576.28), saturating to max value(62.72)
WARNING : Torque commanded on joint 3 too high (112.813), saturating to max value(62.72)
WARNING : Torque commanded on joint 6 too high (98.4224), saturating to max value(38.22)
WARNING : Torque commanded on joint 0 too low (-1095.47), saturating to min value(-120.54)
WARNING : Torque commanded on joint 1 too high (5210.02), saturating to max value(120.54)
WARNING : Torque commanded on joint 2 too high (1576.5), saturating to max value(62.72)
WARNING : Torque commanded on joint 3 too high (112.847), saturating to max value(62.72)
WARNING : Torque commanded on joint 6 too high (98.4276), saturating to max value(38.22)
WARNING : Torque commanded on joint 0 too low (-1095.58), saturating to min value(-120.54)
WARNING : Torque commanded on joint 1 too high (5210.5), saturating to max value(120.54)
WARNING : Torque commanded on joint 2 too high (1576.38), saturating to max value(62.72)
WARNING : Torque commanded on joint 3 too high (112.87), saturating to max value(62.72)
WARNING : Torque commanded on joint 6 too high (98.4382), saturating to max value(38.22)
WARNING : Torque commanded on joint 0 too low (-1095.76), saturating to min value(-120.54)
WARNING : Torque commanded on joint 1 too high (5210.81), saturating to max value(120.54)
WARNING : Torque commanded on joint 2 too high (1576.43), saturating to max value(62.72)
WARNING : Torque commanded on joint 3 too high (112.92), saturating to max value(62.72)
WARNING : Torque commanded on joint 6 too high (98.4459), saturating to max value(38.22)
WARNING : Torque commanded on joint 0 too low (-1095.78), saturating to min value(-120.54)
WARNING : Torque commanded on joint 1 too high (5210.69), saturating to max value(120.54)
WARNING : Torque commanded on joint 2 too high (1576.41), saturating to max value(62.72)
WARNING : Torque commanded on joint 3 too high (112.935), saturating to max value(62.72)
WARNING : Torque commanded on joint 6 too high (98.4442), saturating to max value(38.22)
WARNING : Torque commanded on joint 0 too low (-1095.52), saturating to min value(-120.54)
WARNING : Torque commanded on joint 1 too high (5210), saturating to max value(120.54)
WARNING : Torque commanded on joint 2 too high (1576.3), saturating to max value(62.72)
WARNING : Torque commanded on joint 3 too high (112.922), saturating to max value(62.72)
WARNING : Torque commanded on joint 6 too high (98.4319), saturating to max value(38.22)
WARNING : Torque commanded on joint 0 too low (-1095.52), saturating to min value(-120.54)
WARNING : Torque commanded on joint 1 too high (5209.83), saturating to max value(120.54)
WARNING : Torque commanded on joint 2 too high (1576.16), saturating to max value(62.72)
WARNING : Torque commanded on joint 3 too high (112.839), saturating to max value(62.72)
WARNING : Torque commanded on joint 6 too high (98.4257), saturating to max value(38.22)
WARNING : Torque commanded on joint 0 too low (-1095.31), saturating to min value(-120.54)
WARNING : Torque commanded on joint 1 too high (5209.45), saturating to max value(120.54)
WARNING : Torque commanded on joint 2 too high (1576.17), saturating to max value(62.72)
WARNING : Torque commanded on joint 3 too high (112.85), saturating to max value(62.72)
WARNING : Torque commanded on joint 6 too high (98.4208), saturating to max value(38.22)
WARNING : Torque commanded on joint 0 too low (-1095.5), saturating to min value(-120.54)
WARNING : Torque commanded on joint 1 too high (5209.84), saturating to max value(120.54)
WARNING : Torque commanded on joint 2 too high (1576.42), saturating to max value(62.72)
WARNING : Torque commanded on joint 3 too high (112.912), saturating to max value(62.72)
WARNING : Torque commanded on joint 6 too high (98.4314), saturating to max value(38.22)
WARNING : Torque commanded on joint 0 too low (-1095.48), saturating to min value(-120.54)
WARNING : Torque commanded on joint 1 too high (5210.1), saturating to max value(120.54)
WARNING : Torque commanded on joint 2 too high (1576.47), saturating to max value(62.72)
WARNING : Torque commanded on joint 3 too high (112.854), saturating to max value(62.72)
WARNING : Torque commanded on joint 6 too high (98.4326), saturating to max value(38.22)
WARNING : Torque commanded on joint 0 too low (-1095.3), saturating to min value(-120.54)
WARNING : Torque commanded on joint 1 too high (5209.91), saturating to max value(120.54)
WARNING : Torque commanded on joint 2 too high (1576.55), saturating to max value(62.72)
WARNING : Torque commanded on joint 3 too high (112.894), saturating to max value(62.72)
WARNING : Torque commanded on joint 6 too high (98.4304), saturating to max value(38.22)
WARNING : Torque commanded on joint 0 too low (-1095.3), saturating to min value(-120.54)
WARNING : Torque commanded on joint 1 too high (5209.91), saturating to max value(120.54)
WARNING : Torque commanded on joint 2 too high (1576.55), saturating to max value(62.72)
WARNING : Torque commanded on joint 3 too high (112.894), saturating to max value(62.72)
WARNING : Torque commanded on joint 6 too high (98.4304), saturating to max value(38.22)
WARNING : Torque commanded on joint 0 too low (-1095.3), saturating to min value(-120.54)
WARNING : Torque commanded on joint 1 too high (5209.81), saturating to max value(120.54)
WARNING : Torque commanded on joint 2 too high (1576.57), saturating to max value(62.72)
WARNING : Torque commanded on joint 3 too high (112.919), saturating to max value(62.72)
WARNING : Torque commanded on joint 6 too high (98.4315), saturating to max value(38.22)
WARNING : Torque commanded on joint 0 too low (-1095.37), saturating to min value(-120.54)
WARNING : Torque commanded on joint 1 too high (5209.45), saturating to max value(120.54)
WARNING : Torque commanded on joint 2 too high (1576.42), saturating to max value(62.72)
WARNING : Torque commanded on joint 3 too high (112.971), saturating to max value(62.72)
WARNING : Torque commanded on joint 6 too high (98.4256), saturating to max value(38.22)
WARNING : Torque commanded on joint 0 too low (-1095.59), saturating to min value(-120.54)
WARNING : Torque commanded on joint 1 too high (5209.6), saturating to max value(120.54)
WARNING : Torque commanded on joint 2 too high (1576.42), saturating to max value(62.72)
WARNING : Torque commanded on joint 3 too high (112.903), saturating to max value(62.72)
WARNING : Torque commanded on joint 6 too high (98.426), saturating to max value(38.22)
WARNING : Torque commanded on joint 0 too low (-1095.48), saturating to min value(-120.54)
WARNING : Torque commanded on joint 1 too high (5209.71), saturating to max value(120.54)
WARNING : Torque commanded on joint 2 too high (1576.47), saturating to max value(62.72)
WARNING : Torque commanded on joint 3 too high (112.823), saturating to max value(62.72)
WARNING : Torque commanded on joint 6 too high (98.424), saturating to max value(38.22)
WARNING : Torque commanded on joint 0 too low (-1095.53), saturating to min value(-120.54)
WARNING : Torque commanded on joint 1 too high (5210.06), saturating to max value(120.54)
WARNING : Torque commanded on joint 2 too high (1576.56), saturating to max value(62.72)
WARNING : Torque commanded on joint 3 too high (112.801), saturating to max value(62.72)
WARNING : Torque commanded on joint 6 too high (98.4294), saturating to max value(38.22)
WARNING : Torque commanded on joint 0 too low (-1095.23), saturating to min value(-120.54)
WARNING : Torque commanded on joint 1 too high (5210.52), saturating to max value(120.54)
WARNING : Torque commanded on joint 2 too high (1576.52), saturating to max value(62.72)
WARNING : Torque commanded on joint 3 too high (112.789), saturating to max value(62.72)
WARNING : Torque commanded on joint 6 too high (98.4368), saturating to max value(38.22)
WARNING : Torque commanded on joint 0 too low (-1095.22), saturating to min value(-120.54)
WARNING : Torque commanded on joint 1 too high (5210.46), saturating to max value(120.54)
WARNING : Torque commanded on joint 2 too high (1576.51), saturating to max value(62.72)
WARNING : Torque commanded on joint 3 too high (112.787), saturating to max value(62.72)
WARNING : Torque commanded on joint 6 too high (98.436), saturating to max value(38.22)
WARNING : Torque commanded on joint 0 too low (-1095.43), saturating to min value(-120.54)
WARNING : Torque commanded on joint 1 too high (5210.36), saturating to max value(120.54)
WARNING : Torque commanded on joint 2 too high (1576.35), saturating to max value(62.72)
WARNING : Torque commanded on joint 3 too high (112.835), saturating to max value(62.72)
WARNING : Torque commanded on joint 6 too high (98.4357), saturating to max value(38.22)
WARNING : Torque commanded on joint 0 too low (-1095.43), saturating to min value(-120.54)
WARNING : Torque commanded on joint 1 too high (5210.17), saturating to max value(120.54)
WARNING : Torque commanded on joint 2 too high (1576.36), saturating to max value(62.72)
WARNING : Torque commanded on joint 3 too high (112.9), saturating to max value(62.72)
WARNING : Torque commanded on joint 6 too high (98.4366), saturating to max value(38.22)
WARNING : Torque commanded on joint 0 too low (-1095.5), saturating to min value(-120.54)
WARNING : Torque commanded on joint 1 too high (5210.22), saturating to max value(120.54)
WARNING : Torque commanded on joint 2 too high (1576.58), saturating to max value(62.72)
WARNING : Torque commanded on joint 3 too high (112.958), saturating to max value(62.72)
WARNING : Torque commanded on joint 6 too high (98.4413), saturating to max value(38.22)
WARNING : Torque commanded on joint 0 too low (-1095.53), saturating to min value(-120.54)
WARNING : Torque commanded on joint 1 too high (5210.64), saturating to max value(120.54)
WARNING : Torque commanded on joint 2 too high (1576.69), saturating to max value(62.72)
WARNING : Torque commanded on joint 3 too high (112.882), saturating to max value(62.72)
WARNING : Torque commanded on joint 6 too high (98.4468), saturating to max value(38.22)
WARNING : Torque commanded on joint 0 too low (-1095.56), saturating to min value(-120.54)
WARNING : Torque commanded on joint 1 too high (5210.42), saturating to max value(120.54)
WARNING : Torque commanded on joint 2 too high (1576.51), saturating to max value(62.72)
WARNING : Torque commanded on joint 3 too high (112.835), saturating to max value(62.72)
WARNING : Torque commanded on joint 6 too high (98.4396), saturating to max value(38.22)
WARNING : Torque commanded on joint 0 too low (-1095.43), saturating to min value(-120.54)
WARNING : Torque commanded on joint 1 too high (5209.97), saturating to max value(120.54)
WARNING : Torque commanded on joint 2 too high (1576.35), saturating to max value(62.72)
WARNING : Torque commanded on joint 3 too high (112.784), saturating to max value(62.72)
WARNING : Torque commanded on joint 6 too high (98.428), saturating to max value(38.22)
WARNING : Torque commanded on joint 0 too low (-1095.37), saturating to min value(-120.54)
WARNING : Torque commanded on joint 1 too high (5209.54), saturating to max value(120.54)
WARNING : Torque commanded on joint 2 too high (1576.21), saturating to max value(62.72)
WARNING : Torque commanded on joint 3 too high (112.799), saturating to max value(62.72)
WARNING : Torque commanded on joint 6 too high (98.4202), saturating to max value(38.22)
WARNING : Torque commanded on joint 0 too low (-1095.32), saturating to min value(-120.54)
WARNING : Torque commanded on joint 1 too high (5209.35), saturating to max value(120.54)
WARNING : Torque commanded on joint 2 too high (1576.18), saturating to max value(62.72)
WARNING : Torque commanded on joint 3 too high (112.827), saturating to max value(62.72)
WARNING : Torque commanded on joint 6 too high (98.4175), saturating to max value(38.22)
WARNING : Torque commanded on joint 0 too low (-1095.24), saturating to min value(-120.54)
WARNING : Torque commanded on joint 1 too high (5209.69), saturating to max value(120.54)
WARNING : Torque commanded on joint 2 too high (1576.35), saturating to max value(62.72)
WARNING : Torque commanded on joint 3 too high (112.787), saturating to max value(62.72)
WARNING : Torque commanded on joint 6 too high (98.4223), saturating to max value(38.22)
WARNING : Torque commanded on joint 0 too low (-1095.25), saturating to min value(-120.54)
WARNING : Torque commanded on joint 1 too high (5209.83), saturating to max value(120.54)
WARNING : Torque commanded on joint 2 too high (1576.41), saturating to max value(62.72)
WARNING : Torque commanded on joint 3 too high (112.8), saturating to max value(62.72)
WARNING : Torque commanded on joint 6 too high (98.4251), saturating to max value(38.22)
WARNING : Torque commanded on joint 0 too low (-1095.32), saturating to min value(-120.54)
WARNING : Torque commanded on joint 1 too high (5209.9), saturating to max value(120.54)
WARNING : Torque commanded on joint 2 too high (1576.52), saturating to max value(62.72)
WARNING : Torque commanded on joint 3 too high (112.735), saturating to max value(62.72)
WARNING : Torque commanded on joint 6 too high (98.4258), saturating to max value(38.22)
WARNING : Torque commanded on joint 0 too low (-1095.32), saturating to min value(-120.54)
WARNING : Torque commanded on joint 1 too high (5209.68), saturating to max value(120.54)
WARNING : Torque commanded on joint 2 too high (1576.45), saturating to max value(62.72)
WARNING : Torque commanded on joint 3 too high (112.778), saturating to max value(62.72)
WARNING : Torque commanded on joint 6 too high (98.4231), saturating to max value(38.22)
WARNING : Torque commanded on joint 0 too low (-1095.47), saturating to min value(-120.54)
WARNING : Torque commanded on joint 1 too high (5210.11), saturating to max value(120.54)
WARNING : Torque commanded on joint 2 too high (1576.64), saturating to max value(62.72)
WARNING : Torque commanded on joint 3 too high (112.86), saturating to max value(62.72)
WARNING : Torque commanded on joint 6 too high (98.4342), saturating to max value(38.22)
WARNING : Torque commanded on joint 0 too low (-1095.51), saturating to min value(-120.54)
WARNING : Torque commanded on joint 1 too high (5210.26), saturating to max value(120.54)
WARNING : Torque commanded on joint 2 too high (1576.65), saturating to max value(62.72)
WARNING : Torque commanded on joint 3 too high (112.874), saturating to max value(62.72)
WARNING : Torque commanded on joint 6 too high (98.4359), saturating to max value(38.22)
WARNING : Torque commanded on joint 0 too low (-1095.48), saturating to min value(-120.54)
WARNING : Torque commanded on joint 1 too high (5210.2), saturating to max value(120.54)
WARNING : Torque commanded on joint 2 too high (1576.62), saturating to max value(62.72)
WARNING : Torque commanded on joint 3 too high (112.821), saturating to max value(62.72)
WARNING : Torque commanded on joint 6 too high (98.4342), saturating to max value(38.22)
WARNING : Torque commanded on joint 0 too low (-1095.49), saturating to min value(-120.54)
WARNING : Torque commanded on joint 1 too high (5210.09), saturating to max value(120.54)
WARNING : Torque commanded on joint 2 too high (1576.62), saturating to max value(62.72)
WARNING : Torque commanded on joint 3 too high (112.863), saturating to max value(62.72)
WARNING : Torque commanded on joint 6 too high (98.4341), saturating to max value(38.22)
WARNING : Torque commanded on joint 0 too low (-1095.29), saturating to min value(-120.54)
WARNING : Torque commanded on joint 1 too high (5209.92), saturating to max value(120.54)
WARNING : Torque commanded on joint 2 too high (1576.68), saturating to max value(62.72)
WARNING : Torque commanded on joint 3 too high (112.806), saturating to max value(62.72)
WARNING : Torque commanded on joint 6 too high (98.4309), saturating to max value(38.22)
WARNING : Torque commanded on joint 0 too low (-1094.99), saturating to min value(-120.54)
WARNING : Torque commanded on joint 1 too high (5209.89), saturating to max value(120.54)
WARNING : Torque commanded on joint 2 too high (1576.46), saturating to max value(62.72)
WARNING : Torque commanded on joint 3 too high (112.825), saturating to max value(62.72)
WARNING : Torque commanded on joint 6 too high (98.4315), saturating to max value(38.22)
WARNING : Torque commanded on joint 0 too low (-1095.13), saturating to min value(-120.54)
WARNING : Torque commanded on joint 1 too high (5210.43), saturating to max value(120.54)
WARNING : Torque commanded on joint 2 too high (1576.58), saturating to max value(62.72)
WARNING : Torque commanded on joint 3 too high (112.806), saturating to max value(62.72)
WARNING : Torque commanded on joint 6 too high (98.441), saturating to max value(38.22)
WARNING : Torque commanded on joint 0 too low (-1095.13), saturating to min value(-120.54)
WARNING : Torque commanded on joint 1 too high (5210.06), saturating to max value(120.54)
WARNING : Torque commanded on joint 2 too high (1576.43), saturating to max value(62.72)
WARNING : Torque commanded on joint 3 too high (112.839), saturating to max value(62.72)
WARNING : Torque commanded on joint 6 too high (98.4343), saturating to max value(38.22)
WARNING : Torque commanded on joint 0 too low (-1095.27), saturating to min value(-120.54)
WARNING : Torque commanded on joint 1 too high (5209.96), saturating to max value(120.54)
WARNING : Torque commanded on joint 2 too high (1576.46), saturating to max value(62.72)
WARNING : Torque commanded on joint 3 too high (112.886), saturating to max value(62.72)
WARNING : Torque commanded on joint 6 too high (98.4332), saturating to max value(38.22)
WARNING : Torque commanded on joint 0 too low (-1095.35), saturating to min value(-120.54)
WARNING : Torque commanded on joint 1 too high (5210.08), saturating to max value(120.54)
WARNING : Torque commanded on joint 2 too high (1576.41), saturating to max value(62.72)
WARNING : Torque commanded on joint 3 too high (112.861), saturating to max value(62.72)
WARNING : Torque commanded on joint 6 too high (98.433), saturating to max value(38.22)
WARNING : Torque commanded on joint 0 too low (-1095.27), saturating to min value(-120.54)
WARNING : Torque commanded on joint 1 too high (5209.86), saturating to max value(120.54)
WARNING : Torque commanded on joint 2 too high (1576.35), saturating to max value(62.72)
WARNING : Torque commanded on joint 3 too high (112.812), saturating to max value(62.72)
WARNING : Torque commanded on joint 6 too high (98.4276), saturating to max value(38.22)
WARNING : Torque commanded on joint 0 too low (-1095.24), saturating to min value(-120.54)
WARNING : Torque commanded on joint 1 too high (5209.56), saturating to max value(120.54)
WARNING : Torque commanded on joint 2 too high (1576.28), saturating to max value(62.72)
WARNING : Torque commanded on joint 3 too high (112.828), saturating to max value(62.72)
WARNING : Torque commanded on joint 6 too high (98.4222), saturating to max value(38.22)
WARNING : Torque commanded on joint 0 too low (-1095.25), saturating to min value(-120.54)
WARNING : Torque commanded on joint 1 too high (5209.34), saturating to max value(120.54)
WARNING : Torque commanded on joint 2 too high (1576.2), saturating to max value(62.72)
WARNING : Torque commanded on joint 3 too high (112.839), saturating to max value(62.72)
WARNING : Torque commanded on joint 6 too high (98.4198), saturating to max value(38.22)
WARNING : Torque commanded on joint 0 too low (-1095.37), saturating to min value(-120.54)
WARNING : Torque commanded on joint 1 too high (5209.51), saturating to max value(120.54)
WARNING : Torque commanded on joint 2 too high (1576.13), saturating to max value(62.72)
WARNING : Torque commanded on joint 3 too high (112.759), saturating to max value(62.72)
WARNING : Torque commanded on joint 6 too high (98.4203), saturating to max value(38.22)
WARNING : Torque commanded on joint 0 too low (-1095.4), saturating to min value(-120.54)
WARNING : Torque commanded on joint 1 too high (5209.55), saturating to max value(120.54)
WARNING : Torque commanded on joint 2 too high (1576.12), saturating to max value(62.72)
WARNING : Torque commanded on joint 3 too high (112.752), saturating to max value(62.72)
WARNING : Torque commanded on joint 6 too high (98.4206), saturating to max value(38.22)
WARNING : Torque commanded on joint 0 too low (-1095.33), saturating to min value(-120.54)
WARNING : Torque commanded on joint 1 too high (5209.52), saturating to max value(120.54)
WARNING : Torque commanded on joint 2 too high (1576.17), saturating to max value(62.72)
WARNING : Torque commanded on joint 3 too high (112.808), saturating to max value(62.72)
WARNING : Torque commanded on joint 6 too high (98.4206), saturating to max value(38.22)
WARNING : Torque commanded on joint 0 too low (-1095.34), saturating to min value(-120.54)
WARNING : Torque commanded on joint 1 too high (5209.94), saturating to max value(120.54)
WARNING : Torque commanded on joint 2 too high (1576.38), saturating to max value(62.72)
WARNING : Torque commanded on joint 3 too high (112.831), saturating to max value(62.72)
WARNING : Torque commanded on joint 6 too high (98.4295), saturating to max value(38.22)
WARNING : Torque commanded on joint 0 too low (-1095.26), saturating to min value(-120.54)
WARNING : Torque commanded on joint 1 too high (5210.46), saturating to max value(120.54)
WARNING : Torque commanded on joint 2 too high (1576.63), saturating to max value(62.72)
WARNING : Torque commanded on joint 3 too high (112.744), saturating to max value(62.72)
WARNING : Torque commanded on joint 6 too high (98.4387), saturating to max value(38.22)
WARNING : Torque commanded on joint 0 too low (-1095.18), saturating to min value(-120.54)
WARNING : Torque commanded on joint 1 too high (5210.6), saturating to max value(120.54)
WARNING : Torque commanded on joint 2 too high (1576.69), saturating to max value(62.72)
WARNING : Torque commanded on joint 3 too high (112.707), saturating to max value(62.72)
WARNING : Torque commanded on joint 6 too high (98.4391), saturating to max value(38.22)
WARNING : Torque commanded on joint 0 too low (-1095.04), saturating to min value(-120.54)
WARNING : Torque commanded on joint 1 too high (5210.36), saturating to max value(120.54)
WARNING : Torque commanded on joint 2 too high (1576.7), saturating to max value(62.72)
WARNING : Torque commanded on joint 3 too high (112.729), saturating to max value(62.72)
WARNING : Torque commanded on joint 6 too high (98.4347), saturating to max value(38.22)
WARNING : Torque commanded on joint 0 too low (-1095.04), saturating to min value(-120.54)
WARNING : Torque commanded on joint 1 too high (5210.36), saturating to max value(120.54)
WARNING : Torque commanded on joint 2 too high (1576.7), saturating to max value(62.72)
WARNING : Torque commanded on joint 3 too high (112.729), saturating to max value(62.72)
WARNING : Torque commanded on joint 6 too high (98.4347), saturating to max value(38.22)
WARNING : Torque commanded on joint 0 too low (-1095.1), saturating to min value(-120.54)
WARNING : Torque commanded on joint 1 too high (5209.79), saturating to max value(120.54)
WARNING : Torque commanded on joint 2 too high (1576.46), saturating to max value(62.72)
WARNING : Torque commanded on joint 3 too high (112.789), saturating to max value(62.72)
WARNING : Torque commanded on joint 6 too high (98.4265), saturating to max value(38.22)
WARNING : Torque commanded on joint 0 too low (-1095.3), saturating to min value(-120.54)
WARNING : Torque commanded on joint 1 too high (5209.57), saturating to max value(120.54)
WARNING : Torque commanded on joint 2 too high (1576.25), saturating to max value(62.72)
WARNING : Torque commanded on joint 3 too high (112.792), saturating to max value(62.72)
WARNING : Torque commanded on joint 6 too high (98.4231), saturating to max value(38.22)
WARNING : Torque commanded on joint 0 too low (-1095.31), saturating to min value(-120.54)
WARNING : Torque commanded on joint 1 too high (5209.61), saturating to max value(120.54)
WARNING : Torque commanded on joint 2 too high (1576.24), saturating to max value(62.72)
WARNING : Torque commanded on joint 3 too high (112.771), saturating to max value(62.72)
WARNING : Torque commanded on joint 6 too high (98.4233), saturating to max value(38.22)
WARNING : Torque commanded on joint 0 too low (-1095.26), saturating to min value(-120.54)
WARNING : Torque commanded on joint 1 too high (5209.95), saturating to max value(120.54)
WARNING : Torque commanded on joint 2 too high (1576.43), saturating to max value(62.72)
WARNING : Torque commanded on joint 3 too high (112.779), saturating to max value(62.72)
WARNING : Torque commanded on joint 6 too high (98.43), saturating to max value(38.22)
WARNING : Torque commanded on joint 0 too low (-1095.07), saturating to min value(-120.54)
WARNING : Torque commanded on joint 1 too high (5209.73), saturating to max value(120.54)
WARNING : Torque commanded on joint 2 too high (1576.44), saturating to max value(62.72)
WARNING : Torque commanded on joint 3 too high (112.758), saturating to max value(62.72)
WARNING : Torque commanded on joint 6 too high (98.4245), saturating to max value(38.22)
WARNING : Torque commanded on joint 0 too low (-1095.03), saturating to min value(-120.54)
WARNING : Torque commanded on joint 1 too high (5209.48), saturating to max value(120.54)
WARNING : Torque commanded on joint 2 too high (1576.39), saturating to max value(62.72)
WARNING : Torque commanded on joint 3 too high (112.777), saturating to max value(62.72)
WARNING : Torque commanded on joint 6 too high (98.421), saturating to max value(38.22)
WARNING : Torque commanded on joint 0 too low (-1095.05), saturating to min value(-120.54)
WARNING : Torque commanded on joint 1 too high (5209.49), saturating to max value(120.54)
WARNING : Torque commanded on joint 2 too high (1576.38), saturating to max value(62.72)
WARNING : Torque commanded on joint 3 too high (112.807), saturating to max value(62.72)
WARNING : Torque commanded on joint 6 too high (98.4217), saturating to max value(38.22)
WARNING : Torque commanded on joint 0 too low (-1095.04), saturating to min value(-120.54)
WARNING : Torque commanded on joint 1 too high (5209.61), saturating to max value(120.54)
WARNING : Torque commanded on joint 2 too high (1576.42), saturating to max value(62.72)
WARNING : Torque commanded on joint 3 too high (112.766), saturating to max value(62.72)
WARNING : Torque commanded on joint 6 too high (98.4226), saturating to max value(38.22)
WARNING : Torque commanded on joint 0 too low (-1094.95), saturating to min value(-120.54)
WARNING : Torque commanded on joint 1 too high (5209.52), saturating to max value(120.54)
WARNING : Torque commanded on joint 2 too high (1576.49), saturating to max value(62.72)
WARNING : Torque commanded on joint 3 too high (112.807), saturating to max value(62.72)
WARNING : Torque commanded on joint 6 too high (98.4227), saturating to max value(38.22)
WARNING : Torque commanded on joint 0 too low (-1094.97), saturating to min value(-120.54)
WARNING : Torque commanded on joint 1 too high (5209.53), saturating to max value(120.54)
WARNING : Torque commanded on joint 2 too high (1576.48), saturating to max value(62.72)
WARNING : Torque commanded on joint 3 too high (112.792), saturating to max value(62.72)
WARNING : Torque commanded on joint 6 too high (98.4233), saturating to max value(38.22)
WARNING : Torque commanded on joint 0 too low (-1095.05), saturating to min value(-120.54)
WARNING : Torque commanded on joint 1 too high (5209.5), saturating to max value(120.54)
WARNING : Torque commanded on joint 2 too high (1576.37), saturating to max value(62.72)
WARNING : Torque commanded on joint 3 too high (112.743), saturating to max value(62.72)
WARNING : Torque commanded on joint 6 too high (98.4211), saturating to max value(38.22)
WARNING : Torque commanded on joint 0 too low (-1095.13), saturating to min value(-120.54)
WARNING : Torque commanded on joint 1 too high (5209.65), saturating to max value(120.54)
WARNING : Torque commanded on joint 2 too high (1576.36), saturating to max value(62.72)
WARNING : Torque commanded on joint 3 too high (112.749), saturating to max value(62.72)
WARNING : Torque commanded on joint 6 too high (98.4229), saturating to max value(38.22)
WARNING : Torque commanded on joint 0 too low (-1095.13), saturating to min value(-120.54)
WARNING : Torque commanded on joint 1 too high (5209.65), saturating to max value(120.54)
WARNING : Torque commanded on joint 2 too high (1576.36), saturating to max value(62.72)
WARNING : Torque commanded on joint 3 too high (112.749), saturating to max value(62.72)
WARNING : Torque commanded on joint 6 too high (98.4229), saturating to max value(38.22)
WARNING : Torque commanded on joint 0 too low (-1095.27), saturating to min value(-120.54)
WARNING : Torque commanded on joint 1 too high (5209.87), saturating to max value(120.54)
WARNING : Torque commanded on joint 2 too high (1576.33), saturating to max value(62.72)
WARNING : Torque commanded on joint 3 too high (112.732), saturating to max value(62.72)
WARNING : Torque commanded on joint 6 too high (98.4255), saturating to max value(38.22)
WARNING : Torque commanded on joint 0 too low (-1095.3), saturating to min value(-120.54)
WARNING : Torque commanded on joint 1 too high (5209.89), saturating to max value(120.54)
WARNING : Torque commanded on joint 2 too high (1576.37), saturating to max value(62.72)
WARNING : Torque commanded on joint 3 too high (112.786), saturating to max value(62.72)
WARNING : Torque commanded on joint 6 too high (98.4278), saturating to max value(38.22)
WARNING : Torque commanded on joint 0 too low (-1095.47), saturating to min value(-120.54)
WARNING : Torque commanded on joint 1 too high (5210), saturating to max value(120.54)
WARNING : Torque commanded on joint 2 too high (1576.3), saturating to max value(62.72)
WARNING : Torque commanded on joint 3 too high (112.795), saturating to max value(62.72)
WARNING : Torque commanded on joint 6 too high (98.43), saturating to max value(38.22)
WARNING : Torque commanded on joint 0 too low (-1095.45), saturating to min value(-120.54)
WARNING : Torque commanded on joint 1 too high (5209.87), saturating to max value(120.54)
WARNING : Torque commanded on joint 2 too high (1576.27), saturating to max value(62.72)
WARNING : Torque commanded on joint 3 too high (112.814), saturating to max value(62.72)
WARNING : Torque commanded on joint 6 too high (98.4286), saturating to max value(38.22)
WARNING : Torque commanded on joint 0 too low (-1095.38), saturating to min value(-120.54)
WARNING : Torque commanded on joint 1 too high (5209.85), saturating to max value(120.54)
WARNING : Torque commanded on joint 2 too high (1576.36), saturating to max value(62.72)
WARNING : Torque commanded on joint 3 too high (112.839), saturating to max value(62.72)
WARNING : Torque commanded on joint 6 too high (98.4307), saturating to max value(38.22)
WARNING : Torque commanded on joint 0 too low (-1095.17), saturating to min value(-120.54)
WARNING : Torque commanded on joint 1 too high (5209.7), saturating to max value(120.54)
WARNING : Torque commanded on joint 2 too high (1576.35), saturating to max value(62.72)
WARNING : Torque commanded on joint 3 too high (112.755), saturating to max value(62.72)
WARNING : Torque commanded on joint 6 too high (98.4244), saturating to max value(38.22)
WARNING : Torque commanded on joint 0 too low (-1095.28), saturating to min value(-120.54)
WARNING : Torque commanded on joint 1 too high (5210.04), saturating to max value(120.54)
WARNING : Torque commanded on joint 2 too high (1576.39), saturating to max value(62.72)
WARNING : Torque commanded on joint 3 too high (112.743), saturating to max value(62.72)
WARNING : Torque commanded on joint 6 too high (98.4288), saturating to max value(38.22)
WARNING : Torque commanded on joint 0 too low (-1095.21), saturating to min value(-120.54)
WARNING : Torque commanded on joint 1 too high (5209.98), saturating to max value(120.54)
WARNING : Torque commanded on joint 2 too high (1576.41), saturating to max value(62.72)
WARNING : Torque commanded on joint 3 too high (112.734), saturating to max value(62.72)
WARNING : Torque commanded on joint 6 too high (98.4274), saturating to max value(38.22)
WARNING : Torque commanded on joint 0 too low (-1095.1), saturating to min value(-120.54)
WARNING : Torque commanded on joint 1 too high (5209.84), saturating to max value(120.54)
WARNING : Torque commanded on joint 2 too high (1576.42), saturating to max value(62.72)
WARNING : Torque commanded on joint 3 too high (112.712), saturating to max value(62.72)
WARNING : Torque commanded on joint 6 too high (98.4249), saturating to max value(38.22)
WARNING : Torque commanded on joint 0 too low (-1095.07), saturating to min value(-120.54)
WARNING : Torque commanded on joint 1 too high (5209.72), saturating to max value(120.54)
WARNING : Torque commanded on joint 2 too high (1576.43), saturating to max value(62.72)
WARNING : Torque commanded on joint 3 too high (112.746), saturating to max value(62.72)
WARNING : Torque commanded on joint 6 too high (98.4241), saturating to max value(38.22)
WARNING : Torque commanded on joint 0 too low (-1095.03), saturating to min value(-120.54)
WARNING : Torque commanded on joint 1 too high (5209.69), saturating to max value(120.54)
WARNING : Torque commanded on joint 2 too high (1576.48), saturating to max value(62.72)
WARNING : Torque commanded on joint 3 too high (112.78), saturating to max value(62.72)
WARNING : Torque commanded on joint 6 too high (98.4245), saturating to max value(38.22)
WARNING : Torque commanded on joint 0 too low (-1095.03), saturating to min value(-120.54)
WARNING : Torque commanded on joint 1 too high (5209.69), saturating to max value(120.54)
WARNING : Torque commanded on joint 2 too high (1576.48), saturating to max value(62.72)
WARNING : Torque commanded on joint 3 too high (112.78), saturating to max value(62.72)
WARNING : Torque commanded on joint 6 too high (98.4245), saturating to max value(38.22)
WARNING : Torque commanded on joint 0 too low (-1095.08), saturating to min value(-120.54)
WARNING : Torque commanded on joint 1 too high (5209.81), saturating to max value(120.54)
WARNING : Torque commanded on joint 2 too high (1576.43), saturating to max value(62.72)
WARNING : Torque commanded on joint 3 too high (112.716), saturating to max value(62.72)
WARNING : Torque commanded on joint 6 too high (98.4248), saturating to max value(38.22)
WARNING : Torque commanded on joint 0 too low (-1095.22), saturating to min value(-120.54)
WARNING : Torque commanded on joint 1 too high (5209.96), saturating to max value(120.54)
WARNING : Torque commanded on joint 2 too high (1576.41), saturating to max value(62.72)
WARNING : Torque commanded on joint 3 too high (112.717), saturating to max value(62.72)
WARNING : Torque commanded on joint 6 too high (98.4281), saturating to max value(38.22)
WARNING : Torque commanded on joint 0 too low (-1095.28), saturating to min value(-120.54)
WARNING : Torque commanded on joint 1 too high (5209.71), saturating to max value(120.54)
WARNING : Torque commanded on joint 2 too high (1576.29), saturating to max value(62.72)
WARNING : Torque commanded on joint 3 too high (112.73), saturating to max value(62.72)
WARNING : Torque commanded on joint 6 too high (98.4243), saturating to max value(38.22)
WARNING : Torque commanded on joint 0 too low (-1095.25), saturating to min value(-120.54)
WARNING : Torque commanded on joint 1 too high (5209.71), saturating to max value(120.54)
WARNING : Torque commanded on joint 2 too high (1576.3), saturating to max value(62.72)
WARNING : Torque commanded on joint 3 too high (112.727), saturating to max value(62.72)
WARNING : Torque commanded on joint 6 too high (98.4236), saturating to max value(38.22)
WARNING : Torque commanded on joint 0 too low (-1095.13), saturating to min value(-120.54)
WARNING : Torque commanded on joint 1 too high (5209.58), saturating to max value(120.54)
WARNING : Torque commanded on joint 2 too high (1576.35), saturating to max value(62.72)
WARNING : Torque commanded on joint 3 too high (112.771), saturating to max value(62.72)
WARNING : Torque commanded on joint 6 too high (98.4216), saturating to max value(38.22)
WARNING : Torque commanded on joint 0 too low (-1095.27), saturating to min value(-120.54)
WARNING : Torque commanded on joint 1 too high (5209.82), saturating to max value(120.54)
WARNING : Torque commanded on joint 2 too high (1576.35), saturating to max value(62.72)
WARNING : Torque commanded on joint 3 too high (112.776), saturating to max value(62.72)
WARNING : Torque commanded on joint 6 too high (98.4267), saturating to max value(38.22)
WARNING : Torque commanded on joint 0 too low (-1095.17), saturating to min value(-120.54)
WARNING : Torque commanded on joint 1 too high (5210.24), saturating to max value(120.54)
WARNING : Torque commanded on joint 2 too high (1576.6), saturating to max value(62.72)
WARNING : Torque commanded on joint 3 too high (112.77), saturating to max value(62.72)
WARNING : Torque commanded on joint 6 too high (98.434), saturating to max value(38.22)
WARNING : Torque commanded on joint 0 too low (-1095.19), saturating to min value(-120.54)
WARNING : Torque commanded on joint 1 too high (5210.12), saturating to max value(120.54)
WARNING : Torque commanded on joint 2 too high (1576.51), saturating to max value(62.72)
WARNING : Torque commanded on joint 3 too high (112.75), saturating to max value(62.72)
WARNING : Torque commanded on joint 6 too high (98.4309), saturating to max value(38.22)
WARNING : Torque commanded on joint 0 too low (-1095.21), saturating to min value(-120.54)
WARNING : Torque commanded on joint 1 too high (5209.88), saturating to max value(120.54)
WARNING : Torque commanded on joint 2 too high (1576.4), saturating to max value(62.72)
WARNING : Torque commanded on joint 3 too high (112.763), saturating to max value(62.72)
WARNING : Torque commanded on joint 6 too high (98.4266), saturating to max value(38.22)
WARNING : Torque commanded on joint 0 too low (-1095.11), saturating to min value(-120.54)
WARNING : Torque commanded on joint 1 too high (5209.57), saturating to max value(120.54)
WARNING : Torque commanded on joint 2 too high (1576.39), saturating to max value(62.72)
WARNING : Torque commanded on joint 3 too high (112.855), saturating to max value(62.72)
WARNING : Torque commanded on joint 6 too high (98.4228), saturating to max value(38.22)
WARNING : Torque commanded on joint 0 too low (-1095.04), saturating to min value(-120.54)
WARNING : Torque commanded on joint 1 too high (5209.67), saturating to max value(120.54)
WARNING : Torque commanded on joint 2 too high (1576.45), saturating to max value(62.72)
WARNING : Torque commanded on joint 3 too high (112.805), saturating to max value(62.72)
WARNING : Torque commanded on joint 6 too high (98.4231), saturating to max value(38.22)
WARNING : Torque commanded on joint 0 too low (-1095.24), saturating to min value(-120.54)
WARNING : Torque commanded on joint 1 too high (5209.97), saturating to max value(120.54)
WARNING : Torque commanded on joint 2 too high (1576.39), saturating to max value(62.72)
WARNING : Torque commanded on joint 3 too high (112.749), saturating to max value(62.72)
WARNING : Torque commanded on joint 6 too high (98.427), saturating to max value(38.22)
WARNING : Torque commanded on joint 0 too low (-1095.11), saturating to min value(-120.54)
WARNING : Torque commanded on joint 1 too high (5210.06), saturating to max value(120.54)
WARNING : Torque commanded on joint 2 too high (1576.54), saturating to max value(62.72)
WARNING : Torque commanded on joint 3 too high (112.75), saturating to max value(62.72)
WARNING : Torque commanded on joint 6 too high (98.4293), saturating to max value(38.22)
WARNING : Torque commanded on joint 0 too low (-1095), saturating to min value(-120.54)
WARNING : Torque commanded on joint 1 too high (5209.57), saturating to max value(120.54)
WARNING : Torque commanded on joint 2 too high (1576.48), saturating to max value(62.72)
WARNING : Torque commanded on joint 3 too high (112.805), saturating to max value(62.72)
WARNING : Torque commanded on joint 6 too high (98.4235), saturating to max value(38.22)
WARNING : Torque commanded on joint 0 too low (-1095), saturating to min value(-120.54)
WARNING : Torque commanded on joint 1 too high (5209.57), saturating to max value(120.54)
WARNING : Torque commanded on joint 2 too high (1576.48), saturating to max value(62.72)
WARNING : Torque commanded on joint 3 too high (112.805), saturating to max value(62.72)
WARNING : Torque commanded on joint 6 too high (98.4235), saturating to max value(38.22)
WARNING : Torque commanded on joint 0 too low (-1094.91), saturating to min value(-120.54)
WARNING : Torque commanded on joint 1 too high (5209.46), saturating to max value(120.54)
WARNING : Torque commanded on joint 2 too high (1576.49), saturating to max value(62.72)
WARNING : Torque commanded on joint 3 too high (112.806), saturating to max value(62.72)
WARNING : Torque commanded on joint 6 too high (98.4206), saturating to max value(38.22)
WARNING : Torque commanded on joint 0 too low (-1094.91), saturating to min value(-120.54)
WARNING : Torque commanded on joint 1 too high (5209.46), saturating to max value(120.54)
WARNING : Torque commanded on joint 2 too high (1576.49), saturating to max value(62.72)
WARNING : Torque commanded on joint 3 too high (112.806), saturating to max value(62.72)
WARNING : Torque commanded on joint 6 too high (98.4206), saturating to max value(38.22)
WARNING : Torque commanded on joint 0 too low (-1095.23), saturating to min value(-120.54)
WARNING : Torque commanded on joint 1 too high (5209.85), saturating to max value(120.54)
WARNING : Torque commanded on joint 2 too high (1576.41), saturating to max value(62.72)
WARNING : Torque commanded on joint 3 too high (112.806), saturating to max value(62.72)
WARNING : Torque commanded on joint 6 too high (98.4269), saturating to max value(38.22)
WARNING : Torque commanded on joint 0 too low (-1095.2), saturating to min value(-120.54)
WARNING : Torque commanded on joint 1 too high (5209.63), saturating to max value(120.54)
WARNING : Torque commanded on joint 2 too high (1576.33), saturating to max value(62.72)
WARNING : Torque commanded on joint 3 too high (112.804), saturating to max value(62.72)
WARNING : Torque commanded on joint 6 too high (98.423), saturating to max value(38.22)
WARNING : Torque commanded on joint 0 too low (-1095.29), saturating to min value(-120.54)
WARNING : Torque commanded on joint 1 too high (5209.57), saturating to max value(120.54)
WARNING : Torque commanded on joint 2 too high (1576.22), saturating to max value(62.72)
WARNING : Torque commanded on joint 3 too high (112.778), saturating to max value(62.72)
WARNING : Torque commanded on joint 6 too high (98.4208), saturating to max value(38.22)
WARNING : Torque commanded on joint 0 too low (-1095.43), saturating to min value(-120.54)
WARNING : Torque commanded on joint 1 too high (5210.06), saturating to max value(120.54)
WARNING : Torque commanded on joint 2 too high (1576.32), saturating to max value(62.72)
WARNING : Torque commanded on joint 3 too high (112.756), saturating to max value(62.72)
WARNING : Torque commanded on joint 6 too high (98.43), saturating to max value(38.22)
WARNING : Torque commanded on joint 0 too low (-1095.42), saturating to min value(-120.54)
WARNING : Torque commanded on joint 1 too high (5210.14), saturating to max value(120.54)
WARNING : Torque commanded on joint 2 too high (1576.36), saturating to max value(62.72)
WARNING : Torque commanded on joint 3 too high (112.752), saturating to max value(62.72)
WARNING : Torque commanded on joint 6 too high (98.4313), saturating to max value(38.22)
WARNING : Torque commanded on joint 0 too low (-1095.39), saturating to min value(-120.54)
WARNING : Torque commanded on joint 1 too high (5210.46), saturating to max value(120.54)
WARNING : Torque commanded on joint 2 too high (1576.47), saturating to max value(62.72)
WARNING : Torque commanded on joint 3 too high (112.686), saturating to max value(62.72)
WARNING : Torque commanded on joint 6 too high (98.4343), saturating to max value(38.22)
WARNING : Torque commanded on joint 0 too low (-1095.29), saturating to min value(-120.54)
WARNING : Torque commanded on joint 1 too high (5210.24), saturating to max value(120.54)
WARNING : Torque commanded on joint 2 too high (1576.45), saturating to max value(62.72)
WARNING : Torque commanded on joint 3 too high (112.69), saturating to max value(62.72)
WARNING : Torque commanded on joint 6 too high (98.4309), saturating to max value(38.22)
WARNING : Torque commanded on joint 0 too low (-1095.16), saturating to min value(-120.54)
WARNING : Torque commanded on joint 1 too high (5209.64), saturating to max value(120.54)
WARNING : Torque commanded on joint 2 too high (1576.34), saturating to max value(62.72)
WARNING : Torque commanded on joint 3 too high (112.755), saturating to max value(62.72)
WARNING : Torque commanded on joint 6 too high (98.4222), saturating to max value(38.22)
WARNING : Torque commanded on joint 0 too low (-1095.13), saturating to min value(-120.54)
WARNING : Torque commanded on joint 1 too high (5209.4), saturating to max value(120.54)
WARNING : Torque commanded on joint 2 too high (1576.22), saturating to max value(62.72)
WARNING : Torque commanded on joint 3 too high (112.736), saturating to max value(62.72)
WARNING : Torque commanded on joint 6 too high (98.416), saturating to max value(38.22)
WARNING : Torque commanded on joint 0 too low (-1095.02), saturating to min value(-120.54)
WARNING : Torque commanded on joint 1 too high (5209.29), saturating to max value(120.54)
WARNING : Torque commanded on joint 2 too high (1576.23), saturating to max value(62.72)
WARNING : Torque commanded on joint 3 too high (112.722), saturating to max value(62.72)
WARNING : Torque commanded on joint 6 too high (98.4139), saturating to max value(38.22)
WARNING : Torque commanded on joint 0 too low (-1094.99), saturating to min value(-120.54)
WARNING : Torque commanded on joint 1 too high (5209.23), saturating to max value(120.54)
WARNING : Torque commanded on joint 2 too high (1576.32), saturating to max value(62.72)
WARNING : Torque commanded on joint 3 too high (112.782), saturating to max value(62.72)
WARNING : Torque commanded on joint 6 too high (98.4175), saturating to max value(38.22)
WARNING : Torque commanded on joint 0 too low (-1095), saturating to min value(-120.54)
WARNING : Torque commanded on joint 1 too high (5209.45), saturating to max value(120.54)
WARNING : Torque commanded on joint 2 too high (1576.43), saturating to max value(62.72)
WARNING : Torque commanded on joint 3 too high (112.795), saturating to max value(62.72)
WARNING : Torque commanded on joint 6 too high (98.422), saturating to max value(38.22)
WARNING : Torque commanded on joint 0 too low (-1095.28), saturating to min value(-120.54)
WARNING : Torque commanded on joint 1 too high (5209.87), saturating to max value(120.54)
WARNING : Torque commanded on joint 2 too high (1576.43), saturating to max value(62.72)
WARNING : Torque commanded on joint 3 too high (112.826), saturating to max value(62.72)
WARNING : Torque commanded on joint 6 too high (98.43), saturating to max value(38.22)
WARNING : Torque commanded on joint 0 too low (-1095.35), saturating to min value(-120.54)
WARNING : Torque commanded on joint 1 too high (5210.03), saturating to max value(120.54)
WARNING : Torque commanded on joint 2 too high (1576.43), saturating to max value(62.72)
WARNING : Torque commanded on joint 3 too high (112.82), saturating to max value(62.72)
WARNING : Torque commanded on joint 6 too high (98.4313), saturating to max value(38.22)
WARNING : Torque commanded on joint 0 too low (-1095.32), saturating to min value(-120.54)
WARNING : Torque commanded on joint 1 too high (5210.13), saturating to max value(120.54)
WARNING : Torque commanded on joint 2 too high (1576.46), saturating to max value(62.72)
WARNING : Torque commanded on joint 3 too high (112.798), saturating to max value(62.72)
WARNING : Torque commanded on joint 6 too high (98.4318), saturating to max value(38.22)
WARNING : Torque commanded on joint 0 too low (-1095.24), saturating to min value(-120.54)
WARNING : Torque commanded on joint 1 too high (5210.22), saturating to max value(120.54)
WARNING : Torque commanded on joint 2 too high (1576.5), saturating to max value(62.72)
WARNING : Torque commanded on joint 3 too high (112.742), saturating to max value(62.72)
WARNING : Torque commanded on joint 6 too high (98.4312), saturating to max value(38.22)
WARNING : Torque commanded on joint 0 too low (-1095.16), saturating to min value(-120.54)
WARNING : Torque commanded on joint 1 too high (5210.11), saturating to max value(120.54)
WARNING : Torque commanded on joint 2 too high (1576.53), saturating to max value(62.72)
WARNING : Torque commanded on joint 3 too high (112.753), saturating to max value(62.72)
WARNING : Torque commanded on joint 6 too high (98.4301), saturating to max value(38.22)
WARNING : Torque commanded on joint 0 too low (-1095.26), saturating to min value(-120.54)
WARNING : Torque commanded on joint 1 too high (5209.94), saturating to max value(120.54)
WARNING : Torque commanded on joint 2 too high (1576.39), saturating to max value(62.72)
WARNING : Torque commanded on joint 3 too high (112.775), saturating to max value(62.72)
WARNING : Torque commanded on joint 6 too high (98.4275), saturating to max value(38.22)
WARNING : Torque commanded on joint 0 too low (-1095.38), saturating to min value(-120.54)
WARNING : Torque commanded on joint 1 too high (5210.24), saturating to max value(120.54)
WARNING : Torque commanded on joint 2 too high (1576.4), saturating to max value(62.72)
WARNING : Torque commanded on joint 3 too high (112.729), saturating to max value(62.72)
WARNING : Torque commanded on joint 6 too high (98.4314), saturating to max value(38.22)
WARNING : Torque commanded on joint 0 too low (-1095.39), saturating to min value(-120.54)
WARNING : Torque commanded on joint 1 too high (5209.94), saturating to max value(120.54)
WARNING : Torque commanded on joint 2 too high (1576.32), saturating to max value(62.72)
WARNING : Torque commanded on joint 3 too high (112.788), saturating to max value(62.72)
WARNING : Torque commanded on joint 6 too high (98.4285), saturating to max value(38.22)
WARNING : Torque commanded on joint 0 too low (-1095.14), saturating to min value(-120.54)
WARNING : Torque commanded on joint 1 too high (5209.66), saturating to max value(120.54)
WARNING : Torque commanded on joint 2 too high (1576.34), saturating to max value(62.72)
WARNING : Torque commanded on joint 3 too high (112.751), saturating to max value(62.72)
WARNING : Torque commanded on joint 6 too high (98.4215), saturating to max value(38.22)
WARNING : Torque commanded on joint 0 too low (-1095.13), saturating to min value(-120.54)
WARNING : Torque commanded on joint 1 too high (5209.78), saturating to max value(120.54)
WARNING : Torque commanded on joint 2 too high (1576.38), saturating to max value(62.72)
WARNING : Torque commanded on joint 3 too high (112.732), saturating to max value(62.72)
WARNING : Torque commanded on joint 6 too high (98.4232), saturating to max value(38.22)
WARNING : Torque commanded on joint 0 too low (-1095.14), saturating to min value(-120.54)
WARNING : Torque commanded on joint 1 too high (5209.73), saturating to max value(120.54)
WARNING : Torque commanded on joint 2 too high (1576.37), saturating to max value(62.72)
WARNING : Torque commanded on joint 3 too high (112.729), saturating to max value(62.72)
WARNING : Torque commanded on joint 6 too high (98.4229), saturating to max value(38.22)
WARNING : Torque commanded on joint 0 too low (-1095.22), saturating to min value(-120.54)
WARNING : Torque commanded on joint 1 too high (5209.86), saturating to max value(120.54)
WARNING : Torque commanded on joint 2 too high (1576.39), saturating to max value(62.72)
WARNING : Torque commanded on joint 3 too high (112.747), saturating to max value(62.72)
WARNING : Torque commanded on joint 6 too high (98.4268), saturating to max value(38.22)
WARNING : Torque commanded on joint 0 too low (-1095.21), saturating to min value(-120.54)
WARNING : Torque commanded on joint 1 too high (5210.11), saturating to max value(120.54)
WARNING : Torque commanded on joint 2 too high (1576.47), saturating to max value(62.72)
WARNING : Torque commanded on joint 3 too high (112.701), saturating to max value(62.72)
WARNING : Torque commanded on joint 6 too high (98.43), saturating to max value(38.22)
WARNING : Torque commanded on joint 0 too low (-1095.31), saturating to min value(-120.54)
WARNING : Torque commanded on joint 1 too high (5210.28), saturating to max value(120.54)
WARNING : Torque commanded on joint 2 too high (1576.46), saturating to max value(62.72)
WARNING : Torque commanded on joint 3 too high (112.681), saturating to max value(62.72)
WARNING : Torque commanded on joint 6 too high (98.4321), saturating to max value(38.22)
WARNING : Torque commanded on joint 0 too low (-1095.3), saturating to min value(-120.54)
WARNING : Torque commanded on joint 1 too high (5210.45), saturating to max value(120.54)
WARNING : Torque commanded on joint 2 too high (1576.51), saturating to max value(62.72)
WARNING : Torque commanded on joint 3 too high (112.669), saturating to max value(62.72)
WARNING : Torque commanded on joint 6 too high (98.4338), saturating to max value(38.22)
WARNING : Torque commanded on joint 0 too low (-1095.26), saturating to min value(-120.54)
WARNING : Torque commanded on joint 1 too high (5210.27), saturating to max value(120.54)
WARNING : Torque commanded on joint 2 too high (1576.49), saturating to max value(62.72)
WARNING : Torque commanded on joint 3 too high (112.702), saturating to max value(62.72)
WARNING : Torque commanded on joint 6 too high (98.4319), saturating to max value(38.22)
WARNING : Torque commanded on joint 0 too low (-1095.13), saturating to min value(-120.54)
WARNING : Torque commanded on joint 1 too high (5209.83), saturating to max value(120.54)
WARNING : Torque commanded on joint 2 too high (1576.38), saturating to max value(62.72)
WARNING : Torque commanded on joint 3 too high (112.684), saturating to max value(62.72)
WARNING : Torque commanded on joint 6 too high (98.4235), saturating to max value(38.22)
WARNING : Torque commanded on joint 0 too low (-1095.07), saturating to min value(-120.54)
WARNING : Torque commanded on joint 1 too high (5209.45), saturating to max value(120.54)
WARNING : Torque commanded on joint 2 too high (1576.33), saturating to max value(62.72)
WARNING : Torque commanded on joint 3 too high (112.764), saturating to max value(62.72)
WARNING : Torque commanded on joint 6 too high (98.4197), saturating to max value(38.22)
WARNING : Torque commanded on joint 0 too low (-1095.08), saturating to min value(-120.54)
WARNING : Torque commanded on joint 1 too high (5209.36), saturating to max value(120.54)
WARNING : Torque commanded on joint 2 too high (1576.29), saturating to max value(62.72)
WARNING : Torque commanded on joint 3 too high (112.773), saturating to max value(62.72)
WARNING : Torque commanded on joint 6 too high (98.4178), saturating to max value(38.22)
WARNING : Torque commanded on joint 0 too low (-1095.21), saturating to min value(-120.54)
WARNING : Torque commanded on joint 1 too high (5209.76), saturating to max value(120.54)
WARNING : Torque commanded on joint 2 too high (1576.31), saturating to max value(62.72)
WARNING : Torque commanded on joint 3 too high (112.73), saturating to max value(62.72)
WARNING : Torque commanded on joint 6 too high (98.4219), saturating to max value(38.22)
WARNING : Torque commanded on joint 0 too low (-1095.25), saturating to min value(-120.54)
WARNING : Torque commanded on joint 1 too high (5209.78), saturating to max value(120.54)
WARNING : Torque commanded on joint 2 too high (1576.34), saturating to max value(62.72)
WARNING : Torque commanded on joint 3 too high (112.786), saturating to max value(62.72)
WARNING : Torque commanded on joint 6 too high (98.4246), saturating to max value(38.22)
WARNING : Torque commanded on joint 0 too low (-1095.29), saturating to min value(-120.54)
WARNING : Torque commanded on joint 1 too high (5209.7), saturating to max value(120.54)
WARNING : Torque commanded on joint 2 too high (1576.31), saturating to max value(62.72)
WARNING : Torque commanded on joint 3 too high (112.836), saturating to max value(62.72)
WARNING : Torque commanded on joint 6 too high (98.4246), saturating to max value(38.22)
WARNING : Torque commanded on joint 0 too low (-1095.25), saturating to min value(-120.54)
WARNING : Torque commanded on joint 1 too high (5209.49), saturating to max value(120.54)
WARNING : Torque commanded on joint 2 too high (1576.31), saturating to max value(62.72)
WARNING : Torque commanded on joint 3 too high (112.862), saturating to max value(62.72)
WARNING : Torque commanded on joint 6 too high (98.4237), saturating to max value(38.22)
WARNING : Torque commanded on joint 0 too low (-1095.29), saturating to min value(-120.54)
WARNING : Torque commanded on joint 1 too high (5209.5), saturating to max value(120.54)
WARNING : Torque commanded on joint 2 too high (1576.28), saturating to max value(62.72)
WARNING : Torque commanded on joint 3 too high (112.841), saturating to max value(62.72)
WARNING : Torque commanded on joint 6 too high (98.4234), saturating to max value(38.22)
WARNING : Torque commanded on joint 0 too low (-1095.39), saturating to min value(-120.54)
WARNING : Torque commanded on joint 1 too high (5209.76), saturating to max value(120.54)
WARNING : Torque commanded on joint 2 too high (1576.27), saturating to max value(62.72)
WARNING : Torque commanded on joint 3 too high (112.785), saturating to max value(62.72)
WARNING : Torque commanded on joint 6 too high (98.4261), saturating to max value(38.22)
WARNING : Torque commanded on joint 0 too low (-1095.3), saturating to min value(-120.54)
WARNING : Torque commanded on joint 1 too high (5210), saturating to max value(120.54)
WARNING : Torque commanded on joint 2 too high (1576.44), saturating to max value(62.72)
WARNING : Torque commanded on joint 3 too high (112.785), saturating to max value(62.72)
WARNING : Torque commanded on joint 6 too high (98.4313), saturating to max value(38.22)
WARNING : Torque commanded on joint 0 too low (-1094.93), saturating to min value(-120.54)
WARNING : Torque commanded on joint 1 too high (5209.7), saturating to max value(120.54)
WARNING : Torque commanded on joint 2 too high (1576.45), saturating to max value(62.72)
WARNING : Torque commanded on joint 3 too high (112.789), saturating to max value(62.72)
WARNING : Torque commanded on joint 6 too high (98.4276), saturating to max value(38.22)
WARNING : Torque commanded on joint 0 too low (-1094.92), saturating to min value(-120.54)
WARNING : Torque commanded on joint 1 too high (5209.5), saturating to max value(120.54)
WARNING : Torque commanded on joint 2 too high (1576.35), saturating to max value(62.72)
WARNING : Torque commanded on joint 3 too high (112.81), saturating to max value(62.72)
WARNING : Torque commanded on joint 6 too high (98.4224), saturating to max value(38.22)
WARNING : Torque commanded on joint 0 too low (-1094.9), saturating to min value(-120.54)
WARNING : Torque commanded on joint 1 too high (5209.65), saturating to max value(120.54)
WARNING : Torque commanded on joint 2 too high (1576.45), saturating to max value(62.72)
WARNING : Torque commanded on joint 3 too high (112.829), saturating to max value(62.72)
WARNING : Torque commanded on joint 6 too high (98.4264), saturating to max value(38.22)
WARNING : Torque commanded on joint 0 too low (-1095.01), saturating to min value(-120.54)
WARNING : Torque commanded on joint 1 too high (5209.88), saturating to max value(120.54)
WARNING : Torque commanded on joint 2 too high (1576.47), saturating to max value(62.72)
WARNING : Torque commanded on joint 3 too high (112.847), saturating to max value(62.72)
WARNING : Torque commanded on joint 6 too high (98.43), saturating to max value(38.22)
WARNING : Torque commanded on joint 0 too low (-1095.05), saturating to min value(-120.54)
WARNING : Torque commanded on joint 1 too high (5209.94), saturating to max value(120.54)
WARNING : Torque commanded on joint 2 too high (1576.48), saturating to max value(62.72)
WARNING : Torque commanded on joint 3 too high (112.871), saturating to max value(62.72)
WARNING : Torque commanded on joint 6 too high (98.4312), saturating to max value(38.22)
WARNING : Torque commanded on joint 0 too low (-1095.1), saturating to min value(-120.54)
WARNING : Torque commanded on joint 1 too high (5209.87), saturating to max value(120.54)
WARNING : Torque commanded on joint 2 too high (1576.34), saturating to max value(62.72)
WARNING : Torque commanded on joint 3 too high (112.8), saturating to max value(62.72)
WARNING : Torque commanded on joint 6 too high (98.4266), saturating to max value(38.22)
WARNING : Torque commanded on joint 0 too low (-1095.16), saturating to min value(-120.54)
WARNING : Torque commanded on joint 1 too high (5209.96), saturating to max value(120.54)
WARNING : Torque commanded on joint 2 too high (1576.28), saturating to max value(62.72)
WARNING : Torque commanded on joint 3 too high (112.737), saturating to max value(62.72)
WARNING : Torque commanded on joint 6 too high (98.4258), saturating to max value(38.22)
WARNING : Torque commanded on joint 0 too low (-1095.15), saturating to min value(-120.54)
WARNING : Torque commanded on joint 1 too high (5210.13), saturating to max value(120.54)
WARNING : Torque commanded on joint 2 too high (1576.32), saturating to max value(62.72)
WARNING : Torque commanded on joint 3 too high (112.701), saturating to max value(62.72)
WARNING : Torque commanded on joint 6 too high (98.4275), saturating to max value(38.22)
WARNING : Torque commanded on joint 0 too low (-1095.1), saturating to min value(-120.54)
WARNING : Torque commanded on joint 1 too high (5210.04), saturating to max value(120.54)
WARNING : Torque commanded on joint 2 too high (1576.34), saturating to max value(62.72)
WARNING : Torque commanded on joint 3 too high (112.703), saturating to max value(62.72)
WARNING : Torque commanded on joint 6 too high (98.4266), saturating to max value(38.22)
WARNING : Torque commanded on joint 0 too low (-1095.06), saturating to min value(-120.54)
WARNING : Torque commanded on joint 1 too high (5210.18), saturating to max value(120.54)
WARNING : Torque commanded on joint 2 too high (1576.42), saturating to max value(62.72)
WARNING : Torque commanded on joint 3 too high (112.661), saturating to max value(62.72)
WARNING : Torque commanded on joint 6 too high (98.4291), saturating to max value(38.22)
WARNING : Torque commanded on joint 0 too low (-1095.08), saturating to min value(-120.54)
WARNING : Torque commanded on joint 1 too high (5210.15), saturating to max value(120.54)
WARNING : Torque commanded on joint 2 too high (1576.4), saturating to max value(62.72)
WARNING : Torque commanded on joint 3 too high (112.681), saturating to max value(62.72)
WARNING : Torque commanded on joint 6 too high (98.4286), saturating to max value(38.22)
WARNING : Torque commanded on joint 0 too low (-1094.93), saturating to min value(-120.54)
WARNING : Torque commanded on joint 1 too high (5209.84), saturating to max value(120.54)
WARNING : Torque commanded on joint 2 too high (1576.46), saturating to max value(62.72)
WARNING : Torque commanded on joint 3 too high (112.75), saturating to max value(62.72)
WARNING : Torque commanded on joint 6 too high (98.4269), saturating to max value(38.22)
WARNING : Torque commanded on joint 0 too low (-1094.9), saturating to min value(-120.54)
WARNING : Torque commanded on joint 1 too high (5209.5), saturating to max value(120.54)
WARNING : Torque commanded on joint 2 too high (1576.37), saturating to max value(62.72)
WARNING : Torque commanded on joint 3 too high (112.793), saturating to max value(62.72)
WARNING : Torque commanded on joint 6 too high (98.4223), saturating to max value(38.22)
WARNING : Torque commanded on joint 0 too low (-1094.82), saturating to min value(-120.54)
WARNING : Torque commanded on joint 1 too high (5209.29), saturating to max value(120.54)
WARNING : Torque commanded on joint 2 too high (1576.34), saturating to max value(62.72)
WARNING : Torque commanded on joint 3 too high (112.812), saturating to max value(62.72)
WARNING : Torque commanded on joint 6 too high (98.4184), saturating to max value(38.22)
WARNING : Torque commanded on joint 0 too low (-1094.83), saturating to min value(-120.54)
WARNING : Torque commanded on joint 1 too high (5209.29), saturating to max value(120.54)
WARNING : Torque commanded on joint 2 too high (1576.33), saturating to max value(62.72)
WARNING : Torque commanded on joint 3 too high (112.821), saturating to max value(62.72)
WARNING : Torque commanded on joint 6 too high (98.4183), saturating to max value(38.22)
WARNING : Torque commanded on joint 0 too low (-1095.02), saturating to min value(-120.54)
WARNING : Torque commanded on joint 1 too high (5209.83), saturating to max value(120.54)
WARNING : Torque commanded on joint 2 too high (1576.39), saturating to max value(62.72)
WARNING : Torque commanded on joint 3 too high (112.786), saturating to max value(62.72)
WARNING : Torque commanded on joint 6 too high (98.4263), saturating to max value(38.22)
WARNING : Torque commanded on joint 0 too low (-1095.12), saturating to min value(-120.54)
WARNING : Torque commanded on joint 1 too high (5209.98), saturating to max value(120.54)
WARNING : Torque commanded on joint 2 too high (1576.34), saturating to max value(62.72)
WARNING : Torque commanded on joint 3 too high (112.737), saturating to max value(62.72)
WARNING : Torque commanded on joint 6 too high (98.4272), saturating to max value(38.22)
WARNING : Torque commanded on joint 0 too low (-1095.02), saturating to min value(-120.54)
WARNING : Torque commanded on joint 1 too high (5209.76), saturating to max value(120.54)
WARNING : Torque commanded on joint 2 too high (1576.34), saturating to max value(62.72)
WARNING : Torque commanded on joint 3 too high (112.753), saturating to max value(62.72)
WARNING : Torque commanded on joint 6 too high (98.4244), saturating to max value(38.22)
WARNING : Torque commanded on joint 0 too low (-1094.96), saturating to min value(-120.54)
WARNING : Torque commanded on joint 1 too high (5209.64), saturating to max value(120.54)
WARNING : Torque commanded on joint 2 too high (1576.36), saturating to max value(62.72)
WARNING : Torque commanded on joint 3 too high (112.79), saturating to max value(62.72)
WARNING : Torque commanded on joint 6 too high (98.4237), saturating to max value(38.22)
WARNING : Torque commanded on joint 0 too low (-1095.12), saturating to min value(-120.54)
WARNING : Torque commanded on joint 1 too high (5210.12), saturating to max value(120.54)
WARNING : Torque commanded on joint 2 too high (1576.41), saturating to max value(62.72)
WARNING : Torque commanded on joint 3 too high (112.761), saturating to max value(62.72)
WARNING : Torque commanded on joint 6 too high (98.43), saturating to max value(38.22)
WARNING : Torque commanded on joint 0 too low (-1095.17), saturating to min value(-120.54)
WARNING : Torque commanded on joint 1 too high (5210.24), saturating to max value(120.54)
WARNING : Torque commanded on joint 2 too high (1576.43), saturating to max value(62.72)
WARNING : Torque commanded on joint 3 too high (112.769), saturating to max value(62.72)
WARNING : Torque commanded on joint 6 too high (98.4327), saturating to max value(38.22)
WARNING : Torque commanded on joint 0 too low (-1095.12), saturating to min value(-120.54)
WARNING : Torque commanded on joint 1 too high (5209.89), saturating to max value(120.54)
WARNING : Torque commanded on joint 2 too high (1576.36), saturating to max value(62.72)
WARNING : Torque commanded on joint 3 too high (112.817), saturating to max value(62.72)
WARNING : Torque commanded on joint 6 too high (98.4285), saturating to max value(38.22)
WARNING : Torque commanded on joint 0 too low (-1095.11), saturating to min value(-120.54)
WARNING : Torque commanded on joint 1 too high (5209.41), saturating to max value(120.54)
WARNING : Torque commanded on joint 2 too high (1576.22), saturating to max value(62.72)
WARNING : Torque commanded on joint 3 too high (112.869), saturating to max value(62.72)
WARNING : Torque commanded on joint 6 too high (98.4223), saturating to max value(38.22)
WARNING : Torque commanded on joint 0 too low (-1095.17), saturating to min value(-120.54)
WARNING : Torque commanded on joint 1 too high (5209.36), saturating to max value(120.54)
WARNING : Torque commanded on joint 2 too high (1576.17), saturating to max value(62.72)
WARNING : Torque commanded on joint 3 too high (112.856), saturating to max value(62.72)
WARNING : Torque commanded on joint 6 too high (98.4219), saturating to max value(38.22)
WARNING : Torque commanded on joint 0 too low (-1094.98), saturating to min value(-120.54)
WARNING : Torque commanded on joint 1 too high (5209.17), saturating to max value(120.54)
WARNING : Torque commanded on joint 2 too high (1576.2), saturating to max value(62.72)
WARNING : Torque commanded on joint 3 too high (112.809), saturating to max value(62.72)
WARNING : Torque commanded on joint 6 too high (98.4182), saturating to max value(38.22)
WARNING : Torque commanded on joint 0 too low (-1094.91), saturating to min value(-120.54)
WARNING : Torque commanded on joint 1 too high (5209.07), saturating to max value(120.54)
WARNING : Torque commanded on joint 2 too high (1576.13), saturating to max value(62.72)
WARNING : Torque commanded on joint 3 too high (112.734), saturating to max value(62.72)
WARNING : Torque commanded on joint 6 too high (98.4126), saturating to max value(38.22)
WARNING : Torque commanded on joint 0 too low (-1094.79), saturating to min value(-120.54)
WARNING : Torque commanded on joint 1 too high (5209.5), saturating to max value(120.54)
WARNING : Torque commanded on joint 2 too high (1576.34), saturating to max value(62.72)
WARNING : Torque commanded on joint 3 too high (112.666), saturating to max value(62.72)
WARNING : Torque commanded on joint 6 too high (98.418), saturating to max value(38.22)
WARNING : Torque commanded on joint 0 too low (-1094.92), saturating to min value(-120.54)
WARNING : Torque commanded on joint 1 too high (5210.27), saturating to max value(120.54)
WARNING : Torque commanded on joint 2 too high (1576.59), saturating to max value(62.72)
WARNING : Torque commanded on joint 3 too high (112.691), saturating to max value(62.72)
WARNING : Torque commanded on joint 6 too high (98.4326), saturating to max value(38.22)
WARNING : Torque commanded on joint 0 too low (-1094.96), saturating to min value(-120.54)
WARNING : Torque commanded on joint 1 too high (5210.5), saturating to max value(120.54)
WARNING : Torque commanded on joint 2 too high (1576.68), saturating to max value(62.72)
WARNING : Torque commanded on joint 3 too high (112.713), saturating to max value(62.72)
WARNING : Torque commanded on joint 6 too high (98.4376), saturating to max value(38.22)
WARNING : Torque commanded on joint 0 too low (-1095.1), saturating to min value(-120.54)
WARNING : Torque commanded on joint 1 too high (5210.41), saturating to max value(120.54)
WARNING : Torque commanded on joint 2 too high (1576.57), saturating to max value(62.72)
WARNING : Torque commanded on joint 3 too high (112.77), saturating to max value(62.72)
WARNING : Torque commanded on joint 6 too high (98.4368), saturating to max value(38.22)
WARNING : Torque commanded on joint 0 too low (-1094.96), saturating to min value(-120.54)
WARNING : Torque commanded on joint 1 too high (5210.11), saturating to max value(120.54)
WARNING : Torque commanded on joint 2 too high (1576.53), saturating to max value(62.72)
WARNING : Torque commanded on joint 3 too high (112.76), saturating to max value(62.72)
WARNING : Torque commanded on joint 6 too high (98.4305), saturating to max value(38.22)
WARNING : Torque commanded on joint 0 too low (-1094.95), saturating to min value(-120.54)
WARNING : Torque commanded on joint 1 too high (5210.11), saturating to max value(120.54)
WARNING : Torque commanded on joint 2 too high (1576.53), saturating to max value(62.72)
WARNING : Torque commanded on joint 3 too high (112.762), saturating to max value(62.72)
WARNING : Torque commanded on joint 6 too high (98.4307), saturating to max value(38.22)
WARNING : Torque commanded on joint 0 too low (-1094.96), saturating to min value(-120.54)
WARNING : Torque commanded on joint 1 too high (5209.87), saturating to max value(120.54)
WARNING : Torque commanded on joint 2 too high (1576.37), saturating to max value(62.72)
WARNING : Torque commanded on joint 3 too high (112.703), saturating to max value(62.72)
WARNING : Torque commanded on joint 6 too high (98.4238), saturating to max value(38.22)
WARNING : Torque commanded on joint 0 too low (-1094.98), saturating to min value(-120.54)
WARNING : Torque commanded on joint 1 too high (5209.89), saturating to max value(120.54)
WARNING : Torque commanded on joint 2 too high (1576.4), saturating to max value(62.72)
WARNING : Torque commanded on joint 3 too high (112.725), saturating to max value(62.72)
WARNING : Torque commanded on joint 6 too high (98.4255), saturating to max value(38.22)
WARNING : Torque commanded on joint 0 too low (-1095.12), saturating to min value(-120.54)
WARNING : Torque commanded on joint 1 too high (5209.89), saturating to max value(120.54)
WARNING : Torque commanded on joint 2 too high (1576.33), saturating to max value(62.72)
WARNING : Torque commanded on joint 3 too high (112.771), saturating to max value(62.72)
WARNING : Torque commanded on joint 6 too high (98.4265), saturating to max value(38.22)
WARNING : Torque commanded on joint 0 too low (-1095.12), saturating to min value(-120.54)
WARNING : Torque commanded on joint 1 too high (5209.88), saturating to max value(120.54)
WARNING : Torque commanded on joint 2 too high (1576.36), saturating to max value(62.72)
WARNING : Torque commanded on joint 3 too high (112.797), saturating to max value(62.72)
WARNING : Torque commanded on joint 6 too high (98.428), saturating to max value(38.22)
WARNING : Torque commanded on joint 0 too low (-1095.12), saturating to min value(-120.54)
WARNING : Torque commanded on joint 1 too high (5209.64), saturating to max value(120.54)
WARNING : Torque commanded on joint 2 too high (1576.21), saturating to max value(62.72)
WARNING : Torque commanded on joint 3 too high (112.759), saturating to max value(62.72)
WARNING : Torque commanded on joint 6 too high (98.4217), saturating to max value(38.22)
WARNING : Torque commanded on joint 0 too low (-1095.21), saturating to min value(-120.54)
WARNING : Torque commanded on joint 1 too high (5209.63), saturating to max value(120.54)
WARNING : Torque commanded on joint 2 too high (1576.15), saturating to max value(62.72)
WARNING : Torque commanded on joint 3 too high (112.762), saturating to max value(62.72)
WARNING : Torque commanded on joint 6 too high (98.4215), saturating to max value(38.22)
WARNING : Torque commanded on joint 0 too low (-1095.29), saturating to min value(-120.54)
WARNING : Torque commanded on joint 1 too high (5209.94), saturating to max value(120.54)
WARNING : Torque commanded on joint 2 too high (1576.29), saturating to max value(62.72)
WARNING : Torque commanded on joint 3 too high (112.807), saturating to max value(62.72)
WARNING : Torque commanded on joint 6 too high (98.4301), saturating to max value(38.22)
WARNING : Torque commanded on joint 0 too low (-1095.29), saturating to min value(-120.54)
WARNING : Torque commanded on joint 1 too high (5209.94), saturating to max value(120.54)
WARNING : Torque commanded on joint 2 too high (1576.29), saturating to max value(62.72)
WARNING : Torque commanded on joint 3 too high (112.807), saturating to max value(62.72)
WARNING : Torque commanded on joint 6 too high (98.4301), saturating to max value(38.22)
WARNING : Torque commanded on joint 0 too low (-1095.57), saturating to min value(-120.54)
WARNING : Torque commanded on joint 1 too high (5209.87), saturating to max value(120.54)
WARNING : Torque commanded on joint 2 too high (1576.49), saturating to max value(62.72)
WARNING : Torque commanded on joint 3 too high (112.824), saturating to max value(62.72)
WARNING : Torque commanded on joint 6 too high (98.429), saturating to max value(38.22)
WARNING : Torque commanded on joint 0 too low (-1095.57), saturating to min value(-120.54)
WARNING : Torque commanded on joint 1 too high (5209.87), saturating to max value(120.54)
WARNING : Torque commanded on joint 2 too high (1576.49), saturating to max value(62.72)
WARNING : Torque commanded on joint 3 too high (112.824), saturating to max value(62.72)
WARNING : Torque commanded on joint 6 too high (98.429), saturating to max value(38.22)
WARNING : Torque commanded on joint 0 too low (-1094.89), saturating to min value(-120.54)
WARNING : Torque commanded on joint 1 too high (5209.87), saturating to max value(120.54)
WARNING : Torque commanded on joint 2 too high (1576.53), saturating to max value(62.72)
WARNING : Torque commanded on joint 3 too high (112.776), saturating to max value(62.72)
WARNING : Torque commanded on joint 6 too high (98.4296), saturating to max value(38.22)
WARNING : Torque commanded on joint 0 too low (-1095.02), saturating to min value(-120.54)
WARNING : Torque commanded on joint 1 too high (5209.39), saturating to max value(120.54)
WARNING : Torque commanded on joint 2 too high (1576.62), saturating to max value(62.72)
WARNING : Torque commanded on joint 3 too high (112.747), saturating to max value(62.72)
WARNING : Torque commanded on joint 6 too high (98.4195), saturating to max value(38.22)
WARNING : Torque commanded on joint 0 too low (-1095.02), saturating to min value(-120.54)
WARNING : Torque commanded on joint 1 too high (5209.39), saturating to max value(120.54)
WARNING : Torque commanded on joint 2 too high (1576.62), saturating to max value(62.72)
WARNING : Torque commanded on joint 3 too high (112.747), saturating to max value(62.72)
WARNING : Torque commanded on joint 6 too high (98.4195), saturating to max value(38.22)
WARNING : Torque commanded on joint 0 too low (-1095.36), saturating to min value(-120.54)
WARNING : Torque commanded on joint 1 too high (5210.07), saturating to max value(120.54)
WARNING : Torque commanded on joint 2 too high (1576.55), saturating to max value(62.72)
WARNING : Torque commanded on joint 3 too high (112.656), saturating to max value(62.72)
WARNING : Torque commanded on joint 6 too high (98.4251), saturating to max value(38.22)
WARNING : Torque commanded on joint 0 too low (-1095.36), saturating to min value(-120.54)
WARNING : Torque commanded on joint 1 too high (5210.07), saturating to max value(120.54)
WARNING : Torque commanded on joint 2 too high (1576.55), saturating to max value(62.72)
WARNING : Torque commanded on joint 3 too high (112.656), saturating to max value(62.72)
WARNING : Torque commanded on joint 6 too high (98.4251), saturating to max value(38.22)
WARNING : Torque commanded on joint 0 too low (-1095.56), saturating to min value(-120.54)
WARNING : Torque commanded on joint 1 too high (5210.05), saturating to max value(120.54)
WARNING : Torque commanded on joint 2 too high (1576.48), saturating to max value(62.72)
WARNING : Torque commanded on joint 3 too high (112.744), saturating to max value(62.72)
WARNING : Torque commanded on joint 6 too high (98.4279), saturating to max value(38.22)
WARNING : Torque commanded on joint 0 too low (-1095.56), saturating to min value(-120.54)
WARNING : Torque commanded on joint 1 too high (5210.05), saturating to max value(120.54)
WARNING : Torque commanded on joint 2 too high (1576.48), saturating to max value(62.72)
WARNING : Torque commanded on joint 3 too high (112.744), saturating to max value(62.72)
WARNING : Torque commanded on joint 6 too high (98.4279), saturating to max value(38.22)
WARNING : Torque commanded on joint 0 too low (-1095.66), saturating to min value(-120.54)
WARNING : Torque commanded on joint 1 too high (5210.21), saturating to max value(120.54)
WARNING : Torque commanded on joint 2 too high (1576.55), saturating to max value(62.72)
WARNING : Torque commanded on joint 3 too high (112.779), saturating to max value(62.72)
WARNING : Torque commanded on joint 6 too high (98.4341), saturating to max value(38.22)
WARNING : Torque commanded on joint 0 too low (-1095.66), saturating to min value(-120.54)
WARNING : Torque commanded on joint 1 too high (5210.21), saturating to max value(120.54)
WARNING : Torque commanded on joint 2 too high (1576.55), saturating to max value(62.72)
WARNING : Torque commanded on joint 3 too high (112.779), saturating to max value(62.72)
WARNING : Torque commanded on joint 6 too high (98.4341), saturating to max value(38.22)
WARNING : Torque commanded on joint 0 too low (-1095.4), saturating to min value(-120.54)
WARNING : Torque commanded on joint 1 too high (5209.47), saturating to max value(120.54)
WARNING : Torque commanded on joint 2 too high (1576.44), saturating to max value(62.72)
WARNING : Torque commanded on joint 3 too high (112.784), saturating to max value(62.72)
WARNING : Torque commanded on joint 6 too high (98.4224), saturating to max value(38.22)
WARNING : Torque commanded on joint 0 too low (-1095.4), saturating to min value(-120.54)
WARNING : Torque commanded on joint 1 too high (5209.47), saturating to max value(120.54)
WARNING : Torque commanded on joint 2 too high (1576.44), saturating to max value(62.72)
WARNING : Torque commanded on joint 3 too high (112.784), saturating to max value(62.72)
WARNING : Torque commanded on joint 6 too high (98.4224), saturating to max value(38.22)
WARNING : Torque commanded on joint 0 too low (-1095.39), saturating to min value(-120.54)
WARNING : Torque commanded on joint 1 too high (5209.57), saturating to max value(120.54)
WARNING : Torque commanded on joint 2 too high (1576.41), saturating to max value(62.72)
WARNING : Torque commanded on joint 3 too high (112.715), saturating to max value(62.72)
WARNING : Torque commanded on joint 6 too high (98.4209), saturating to max value(38.22)
WARNING : Torque commanded on joint 0 too low (-1095.39), saturating to min value(-120.54)
WARNING : Torque commanded on joint 1 too high (5209.57), saturating to max value(120.54)
WARNING : Torque commanded on joint 2 too high (1576.41), saturating to max value(62.72)
WARNING : Torque commanded on joint 3 too high (112.715), saturating to max value(62.72)
WARNING : Torque commanded on joint 6 too high (98.4209), saturating to max value(38.22)
WARNING : Torque commanded on joint 0 too low (-1095.33), saturating to min value(-120.54)
WARNING : Torque commanded on joint 1 too high (5209.57), saturating to max value(120.54)
WARNING : Torque commanded on joint 2 too high (1576.43), saturating to max value(62.72)
WARNING : Torque commanded on joint 3 too high (112.749), saturating to max value(62.72)
WARNING : Torque commanded on joint 6 too high (98.4195), saturating to max value(38.22)
WARNING : Torque commanded on joint 0 too low (-1095.33), saturating to min value(-120.54)
WARNING : Torque commanded on joint 1 too high (5209.57), saturating to max value(120.54)
WARNING : Torque commanded on joint 2 too high (1576.43), saturating to max value(62.72)
WARNING : Torque commanded on joint 3 too high (112.749), saturating to max value(62.72)
WARNING : Torque commanded on joint 6 too high (98.4195), saturating to max value(38.22)
WARNING : Torque commanded on joint 0 too low (-1095.29), saturating to min value(-120.54)
WARNING : Torque commanded on joint 1 too high (5209.65), saturating to max value(120.54)
WARNING : Torque commanded on joint 2 too high (1576.48), saturating to max value(62.72)
WARNING : Torque commanded on joint 3 too high (112.745), saturating to max value(62.72)
WARNING : Torque commanded on joint 6 too high (98.4203), saturating to max value(38.22)
WARNING : Torque commanded on joint 0 too low (-1095.29), saturating to min value(-120.54)
WARNING : Torque commanded on joint 1 too high (5209.65), saturating to max value(120.54)
WARNING : Torque commanded on joint 2 too high (1576.48), saturating to max value(62.72)
WARNING : Torque commanded on joint 3 too high (112.745), saturating to max value(62.72)
WARNING : Torque commanded on joint 6 too high (98.4203), saturating to max value(38.22)
WARNING : Torque commanded on joint 0 too low (-1095.61), saturating to min value(-120.54)
WARNING : Torque commanded on joint 1 too high (5210.06), saturating to max value(120.54)
WARNING : Torque commanded on joint 2 too high (1576.42), saturating to max value(62.72)
WARNING : Torque commanded on joint 3 too high (112.685), saturating to max value(62.72)
WARNING : Torque commanded on joint 6 too high (98.4274), saturating to max value(38.22)
WARNING : Torque commanded on joint 0 too low (-1095.61), saturating to min value(-120.54)
WARNING : Torque commanded on joint 1 too high (5210.06), saturating to max value(120.54)
WARNING : Torque commanded on joint 2 too high (1576.42), saturating to max value(62.72)
WARNING : Torque commanded on joint 3 too high (112.685), saturating to max value(62.72)
WARNING : Torque commanded on joint 6 too high (98.4274), saturating to max value(38.22)
WARNING : Torque commanded on joint 0 too low (-1095.33), saturating to min value(-120.54)
WARNING : Torque commanded on joint 1 too high (5209.27), saturating to max value(120.54)
WARNING : Torque commanded on joint 2 too high (1576.24), saturating to max value(62.72)
WARNING : Torque commanded on joint 3 too high (112.646), saturating to max value(62.72)
WARNING : Torque commanded on joint 6 too high (98.4116), saturating to max value(38.22)
WARNING : Torque commanded on joint 0 too low (-1095.33), saturating to min value(-120.54)
WARNING : Torque commanded on joint 1 too high (5209.27), saturating to max value(120.54)
WARNING : Torque commanded on joint 2 too high (1576.24), saturating to max value(62.72)
WARNING : Torque commanded on joint 3 too high (112.646), saturating to max value(62.72)
WARNING : Torque commanded on joint 6 too high (98.4116), saturating to max value(38.22)
WARNING : Torque commanded on joint 0 too low (-1095.43), saturating to min value(-120.54)
WARNING : Torque commanded on joint 1 too high (5209.68), saturating to max value(120.54)
WARNING : Torque commanded on joint 2 too high (1576.49), saturating to max value(62.72)
WARNING : Torque commanded on joint 3 too high (112.803), saturating to max value(62.72)
WARNING : Torque commanded on joint 6 too high (98.4255), saturating to max value(38.22)
WARNING : Torque commanded on joint 0 too low (-1095.43), saturating to min value(-120.54)
WARNING : Torque commanded on joint 1 too high (5209.68), saturating to max value(120.54)
WARNING : Torque commanded on joint 2 too high (1576.49), saturating to max value(62.72)
WARNING : Torque commanded on joint 3 too high (112.803), saturating to max value(62.72)
WARNING : Torque commanded on joint 6 too high (98.4255), saturating to max value(38.22)
WARNING : Torque commanded on joint 0 too low (-1095.35), saturating to min value(-120.54)
WARNING : Torque commanded on joint 1 too high (5209.57), saturating to max value(120.54)
WARNING : Torque commanded on joint 2 too high (1576.51), saturating to max value(62.72)
WARNING : Torque commanded on joint 3 too high (112.805), saturating to max value(62.72)
WARNING : Torque commanded on joint 6 too high (98.4234), saturating to max value(38.22)
WARNING : Torque commanded on joint 0 too low (-1095.35), saturating to min value(-120.54)
WARNING : Torque commanded on joint 1 too high (5209.57), saturating to max value(120.54)
WARNING : Torque commanded on joint 2 too high (1576.51), saturating to max value(62.72)
WARNING : Torque commanded on joint 3 too high (112.805), saturating to max value(62.72)
WARNING : Torque commanded on joint 6 too high (98.4234), saturating to max value(38.22)
WARNING : Torque commanded on joint 0 too low (-1095.4), saturating to min value(-120.54)
WARNING : Torque commanded on joint 1 too high (5210.07), saturating to max value(120.54)
WARNING : Torque commanded on joint 2 too high (1576.69), saturating to max value(62.72)
WARNING : Torque commanded on joint 3 too high (112.806), saturating to max value(62.72)
WARNING : Torque commanded on joint 6 too high (98.4329), saturating to max value(38.22)
WARNING : Torque commanded on joint 0 too low (-1095.5), saturating to min value(-120.54)
WARNING : Torque commanded on joint 1 too high (5210.25), saturating to max value(120.54)
WARNING : Torque commanded on joint 2 too high (1576.72), saturating to max value(62.72)
WARNING : Torque commanded on joint 3 too high (112.847), saturating to max value(62.72)
WARNING : Torque commanded on joint 6 too high (98.4372), saturating to max value(38.22)
WARNING : Torque commanded on joint 0 too low (-1095.38), saturating to min value(-120.54)
WARNING : Torque commanded on joint 1 too high (5209.7), saturating to max value(120.54)
WARNING : Torque commanded on joint 2 too high (1576.57), saturating to max value(62.72)
WARNING : Torque commanded on joint 3 too high (112.855), saturating to max value(62.72)
WARNING : Torque commanded on joint 6 too high (98.4279), saturating to max value(38.22)
WARNING : Torque commanded on joint 0 too low (-1095.38), saturating to min value(-120.54)
WARNING : Torque commanded on joint 1 too high (5209.7), saturating to max value(120.54)
WARNING : Torque commanded on joint 2 too high (1576.57), saturating to max value(62.72)
WARNING : Torque commanded on joint 3 too high (112.855), saturating to max value(62.72)
WARNING : Torque commanded on joint 6 too high (98.4279), saturating to max value(38.22)
WARNING : Torque commanded on joint 0 too low (-1095.31), saturating to min value(-120.54)
WARNING : Torque commanded on joint 1 too high (5209.5), saturating to max value(120.54)
WARNING : Torque commanded on joint 2 too high (1576.45), saturating to max value(62.72)
WARNING : Torque commanded on joint 3 too high (112.782), saturating to max value(62.72)
WARNING : Torque commanded on joint 6 too high (98.42), saturating to max value(38.22)
WARNING : Torque commanded on joint 0 too low (-1095.31), saturating to min value(-120.54)
WARNING : Torque commanded on joint 1 too high (5209.5), saturating to max value(120.54)
WARNING : Torque commanded on joint 2 too high (1576.45), saturating to max value(62.72)
WARNING : Torque commanded on joint 3 too high (112.782), saturating to max value(62.72)
WARNING : Torque commanded on joint 6 too high (98.42), saturating to max value(38.22)
WARNING : Torque commanded on joint 0 too low (-1095.06), saturating to min value(-120.54)
WARNING : Torque commanded on joint 1 too high (5209.64), saturating to max value(120.54)
WARNING : Torque commanded on joint 2 too high (1576.45), saturating to max value(62.72)
WARNING : Torque commanded on joint 3 too high (112.706), saturating to max value(62.72)
WARNING : Torque commanded on joint 6 too high (98.4177), saturating to max value(38.22)
WARNING : Torque commanded on joint 0 too low (-1095.06), saturating to min value(-120.54)
WARNING : Torque commanded on joint 1 too high (5209.64), saturating to max value(120.54)
WARNING : Torque commanded on joint 2 too high (1576.45), saturating to max value(62.72)
WARNING : Torque commanded on joint 3 too high (112.706), saturating to max value(62.72)
WARNING : Torque commanded on joint 6 too high (98.4177), saturating to max value(38.22)
WARNING : Torque commanded on joint 0 too low (-1095.33), saturating to min value(-120.54)
WARNING : Torque commanded on joint 1 too high (5209.61), saturating to max value(120.54)
WARNING : Torque commanded on joint 2 too high (1576.42), saturating to max value(62.72)
WARNING : Torque commanded on joint 3 too high (112.69), saturating to max value(62.72)
WARNING : Torque commanded on joint 6 too high (98.4189), saturating to max value(38.22)
WARNING : Torque commanded on joint 0 too low (-1095.33), saturating to min value(-120.54)
WARNING : Torque commanded on joint 1 too high (5209.61), saturating to max value(120.54)
WARNING : Torque commanded on joint 2 too high (1576.42), saturating to max value(62.72)
WARNING : Torque commanded on joint 3 too high (112.69), saturating to max value(62.72)
WARNING : Torque commanded on joint 6 too high (98.4189), saturating to max value(38.22)
WARNING : Torque commanded on joint 0 too low (-1095.51), saturating to min value(-120.54)
WARNING : Torque commanded on joint 1 too high (5210.1), saturating to max value(120.54)
WARNING : Torque commanded on joint 2 too high (1576.53), saturating to max value(62.72)
WARNING : Torque commanded on joint 3 too high (112.722), saturating to max value(62.72)
WARNING : Torque commanded on joint 6 too high (98.4291), saturating to max value(38.22)
WARNING : Torque commanded on joint 0 too low (-1095.51), saturating to min value(-120.54)
WARNING : Torque commanded on joint 1 too high (5210.1), saturating to max value(120.54)
WARNING : Torque commanded on joint 2 too high (1576.53), saturating to max value(62.72)
WARNING : Torque commanded on joint 3 too high (112.722), saturating to max value(62.72)
WARNING : Torque commanded on joint 6 too high (98.4291), saturating to max value(38.22)
WARNING : Torque commanded on joint 0 too low (-1095.57), saturating to min value(-120.54)
WARNING : Torque commanded on joint 1 too high (5210.02), saturating to max value(120.54)
WARNING : Torque commanded on joint 2 too high (1576.51), saturating to max value(62.72)
WARNING : Torque commanded on joint 3 too high (112.754), saturating to max value(62.72)
WARNING : Torque commanded on joint 6 too high (98.4298), saturating to max value(38.22)
WARNING : Torque commanded on joint 0 too low (-1095.57), saturating to min value(-120.54)
WARNING : Torque commanded on joint 1 too high (5210.02), saturating to max value(120.54)
WARNING : Torque commanded on joint 2 too high (1576.51), saturating to max value(62.72)
WARNING : Torque commanded on joint 3 too high (112.754), saturating to max value(62.72)
WARNING : Torque commanded on joint 6 too high (98.4298), saturating to max value(38.22)
WARNING : Torque commanded on joint 0 too low (-1095.35), saturating to min value(-120.54)
WARNING : Torque commanded on joint 1 too high (5209.61), saturating to max value(120.54)
WARNING : Torque commanded on joint 2 too high (1576.37), saturating to max value(62.72)
WARNING : Torque commanded on joint 3 too high (112.81), saturating to max value(62.72)
WARNING : Torque commanded on joint 6 too high (98.4234), saturating to max value(38.22)
WARNING : Torque commanded on joint 0 too low (-1095.35), saturating to min value(-120.54)
WARNING : Torque commanded on joint 1 too high (5209.61), saturating to max value(120.54)
WARNING : Torque commanded on joint 2 too high (1576.37), saturating to max value(62.72)
WARNING : Torque commanded on joint 3 too high (112.81), saturating to max value(62.72)
WARNING : Torque commanded on joint 6 too high (98.4234), saturating to max value(38.22)
WARNING : Torque commanded on joint 0 too low (-1095.2), saturating to min value(-120.54)
WARNING : Torque commanded on joint 1 too high (5209.59), saturating to max value(120.54)
WARNING : Torque commanded on joint 2 too high (1576.44), saturating to max value(62.72)
WARNING : Torque commanded on joint 3 too high (112.791), saturating to max value(62.72)
WARNING : Torque commanded on joint 6 too high (98.4223), saturating to max value(38.22)
WARNING : Torque commanded on joint 0 too low (-1095.2), saturating to min value(-120.54)
WARNING : Torque commanded on joint 1 too high (5209.59), saturating to max value(120.54)
WARNING : Torque commanded on joint 2 too high (1576.44), saturating to max value(62.72)
WARNING : Torque commanded on joint 3 too high (112.791), saturating to max value(62.72)
WARNING : Torque commanded on joint 6 too high (98.4223), saturating to max value(38.22)
WARNING : Torque commanded on joint 0 too low (-1095.09), saturating to min value(-120.54)
WARNING : Torque commanded on joint 1 too high (5209.28), saturating to max value(120.54)
WARNING : Torque commanded on joint 2 too high (1576.33), saturating to max value(62.72)
WARNING : Torque commanded on joint 3 too high (112.737), saturating to max value(62.72)
WARNING : Torque commanded on joint 6 too high (98.4144), saturating to max value(38.22)
WARNING : Torque commanded on joint 0 too low (-1095.09), saturating to min value(-120.54)
WARNING : Torque commanded on joint 1 too high (5209.28), saturating to max value(120.54)
WARNING : Torque commanded on joint 2 too high (1576.33), saturating to max value(62.72)
WARNING : Torque commanded on joint 3 too high (112.737), saturating to max value(62.72)
WARNING : Torque commanded on joint 6 too high (98.4144), saturating to max value(38.22)
WARNING : Torque commanded on joint 0 too low (-1095.13), saturating to min value(-120.54)
WARNING : Torque commanded on joint 1 too high (5209.66), saturating to max value(120.54)
WARNING : Torque commanded on joint 2 too high (1576.54), saturating to max value(62.72)
WARNING : Torque commanded on joint 3 too high (112.8), saturating to max value(62.72)
WARNING : Torque commanded on joint 6 too high (98.4245), saturating to max value(38.22)
WARNING : Torque commanded on joint 0 too low (-1095.13), saturating to min value(-120.54)
WARNING : Torque commanded on joint 1 too high (5209.66), saturating to max value(120.54)
WARNING : Torque commanded on joint 2 too high (1576.54), saturating to max value(62.72)
WARNING : Torque commanded on joint 3 too high (112.8), saturating to max value(62.72)
WARNING : Torque commanded on joint 6 too high (98.4245), saturating to max value(38.22)
WARNING : Torque commanded on joint 0 too low (-1095.12), saturating to min value(-120.54)
WARNING : Torque commanded on joint 1 too high (5209.82), saturating to max value(120.54)
WARNING : Torque commanded on joint 2 too high (1576.66), saturating to max value(62.72)
WARNING : Torque commanded on joint 3 too high (112.844), saturating to max value(62.72)
WARNING : Torque commanded on joint 6 too high (98.4296), saturating to max value(38.22)
WARNING : Torque commanded on joint 0 too low (-1095.12), saturating to min value(-120.54)
WARNING : Torque commanded on joint 1 too high (5209.82), saturating to max value(120.54)
WARNING : Torque commanded on joint 2 too high (1576.66), saturating to max value(62.72)
WARNING : Torque commanded on joint 3 too high (112.844), saturating to max value(62.72)
WARNING : Torque commanded on joint 6 too high (98.4296), saturating to max value(38.22)
WARNING : Torque commanded on joint 0 too low (-1095.29), saturating to min value(-120.54)
WARNING : Torque commanded on joint 1 too high (5210.5), saturating to max value(120.54)
WARNING : Torque commanded on joint 2 too high (1576.81), saturating to max value(62.72)
WARNING : Torque commanded on joint 3 too high (112.799), saturating to max value(62.72)
WARNING : Torque commanded on joint 6 too high (98.4413), saturating to max value(38.22)
WARNING : Torque commanded on joint 0 too low (-1095.29), saturating to min value(-120.54)
WARNING : Torque commanded on joint 1 too high (5210.5), saturating to max value(120.54)
WARNING : Torque commanded on joint 2 too high (1576.81), saturating to max value(62.72)
WARNING : Torque commanded on joint 3 too high (112.799), saturating to max value(62.72)
WARNING : Torque commanded on joint 6 too high (98.4413), saturating to max value(38.22)
WARNING : Torque commanded on joint 0 too low (-1095.22), saturating to min value(-120.54)
WARNING : Torque commanded on joint 1 too high (5210.28), saturating to max value(120.54)
WARNING : Torque commanded on joint 2 too high (1576.69), saturating to max value(62.72)
WARNING : Torque commanded on joint 3 too high (112.728), saturating to max value(62.72)
WARNING : Torque commanded on joint 6 too high (98.4334), saturating to max value(38.22)
WARNING : Torque commanded on joint 0 too low (-1095.22), saturating to min value(-120.54)
WARNING : Torque commanded on joint 1 too high (5210.28), saturating to max value(120.54)
WARNING : Torque commanded on joint 2 too high (1576.69), saturating to max value(62.72)
WARNING : Torque commanded on joint 3 too high (112.728), saturating to max value(62.72)
WARNING : Torque commanded on joint 6 too high (98.4334), saturating to max value(38.22)
WARNING : Torque commanded on joint 0 too low (-1095.18), saturating to min value(-120.54)
WARNING : Torque commanded on joint 1 too high (5209.58), saturating to max value(120.54)
WARNING : Torque commanded on joint 2 too high (1576.38), saturating to max value(62.72)
WARNING : Torque commanded on joint 3 too high (112.722), saturating to max value(62.72)
WARNING : Torque commanded on joint 6 too high (98.4184), saturating to max value(38.22)
WARNING : Torque commanded on joint 0 too low (-1095.18), saturating to min value(-120.54)
WARNING : Torque commanded on joint 1 too high (5209.58), saturating to max value(120.54)
WARNING : Torque commanded on joint 2 too high (1576.38), saturating to max value(62.72)
WARNING : Torque commanded on joint 3 too high (112.722), saturating to max value(62.72)
WARNING : Torque commanded on joint 6 too high (98.4184), saturating to max value(38.22)
WARNING : Torque commanded on joint 0 too low (-1095.35), saturating to min value(-120.54)
WARNING : Torque commanded on joint 1 too high (5209.65), saturating to max value(120.54)
WARNING : Torque commanded on joint 2 too high (1576.3), saturating to max value(62.72)
WARNING : Torque commanded on joint 3 too high (112.781), saturating to max value(62.72)
WARNING : Torque commanded on joint 6 too high (98.4199), saturating to max value(38.22)
WARNING : Torque commanded on joint 0 too low (-1095.35), saturating to min value(-120.54)
WARNING : Torque commanded on joint 1 too high (5209.65), saturating to max value(120.54)
WARNING : Torque commanded on joint 2 too high (1576.3), saturating to max value(62.72)
WARNING : Torque commanded on joint 3 too high (112.781), saturating to max value(62.72)
WARNING : Torque commanded on joint 6 too high (98.4199), saturating to max value(38.22)
WARNING : Torque commanded on joint 0 too low (-1095.15), saturating to min value(-120.54)
WARNING : Torque commanded on joint 1 too high (5209.53), saturating to max value(120.54)
WARNING : Torque commanded on joint 2 too high (1576.45), saturating to max value(62.72)
WARNING : Torque commanded on joint 3 too high (112.791), saturating to max value(62.72)
WARNING : Torque commanded on joint 6 too high (98.4217), saturating to max value(38.22)
WARNING : Torque commanded on joint 0 too low (-1095.15), saturating to min value(-120.54)
WARNING : Torque commanded on joint 1 too high (5209.53), saturating to max value(120.54)
WARNING : Torque commanded on joint 2 too high (1576.45), saturating to max value(62.72)
WARNING : Torque commanded on joint 3 too high (112.791), saturating to max value(62.72)
WARNING : Torque commanded on joint 6 too high (98.4217), saturating to max value(38.22)
WARNING : Torque commanded on joint 0 too low (-1095.19), saturating to min value(-120.54)
WARNING : Torque commanded on joint 1 too high (5209.45), saturating to max value(120.54)
WARNING : Torque commanded on joint 2 too high (1576.39), saturating to max value(62.72)
WARNING : Torque commanded on joint 3 too high (112.784), saturating to max value(62.72)
WARNING : Torque commanded on joint 6 too high (98.4205), saturating to max value(38.22)
WARNING : Torque commanded on joint 0 too low (-1095.19), saturating to min value(-120.54)
WARNING : Torque commanded on joint 1 too high (5209.45), saturating to max value(120.54)
WARNING : Torque commanded on joint 2 too high (1576.39), saturating to max value(62.72)
WARNING : Torque commanded on joint 3 too high (112.784), saturating to max value(62.72)
WARNING : Torque commanded on joint 6 too high (98.4205), saturating to max value(38.22)
WARNING : Torque commanded on joint 0 too low (-1095.32), saturating to min value(-120.54)
WARNING : Torque commanded on joint 1 too high (5209.73), saturating to max value(120.54)
WARNING : Torque commanded on joint 2 too high (1576.37), saturating to max value(62.72)
WARNING : Torque commanded on joint 3 too high (112.763), saturating to max value(62.72)
WARNING : Torque commanded on joint 6 too high (98.4224), saturating to max value(38.22)
WARNING : Torque commanded on joint 0 too low (-1095.32), saturating to min value(-120.54)
WARNING : Torque commanded on joint 1 too high (5209.73), saturating to max value(120.54)
WARNING : Torque commanded on joint 2 too high (1576.37), saturating to max value(62.72)
WARNING : Torque commanded on joint 3 too high (112.763), saturating to max value(62.72)
WARNING : Torque commanded on joint 6 too high (98.4224), saturating to max value(38.22)
WARNING : Torque commanded on joint 0 too low (-1095.39), saturating to min value(-120.54)
WARNING : Torque commanded on joint 1 too high (5209.53), saturating to max value(120.54)
WARNING : Torque commanded on joint 2 too high (1576.23), saturating to max value(62.72)
WARNING : Torque commanded on joint 3 too high (112.728), saturating to max value(62.72)
WARNING : Torque commanded on joint 6 too high (98.4191), saturating to max value(38.22)
WARNING : Torque commanded on joint 0 too low (-1095.39), saturating to min value(-120.54)
WARNING : Torque commanded on joint 1 too high (5209.53), saturating to max value(120.54)
WARNING : Torque commanded on joint 2 too high (1576.23), saturating to max value(62.72)
WARNING : Torque commanded on joint 3 too high (112.728), saturating to max value(62.72)
WARNING : Torque commanded on joint 6 too high (98.4191), saturating to max value(38.22)
WARNING : Torque commanded on joint 0 too low (-1095.43), saturating to min value(-120.54)
WARNING : Torque commanded on joint 1 too high (5210.18), saturating to max value(120.54)
WARNING : Torque commanded on joint 2 too high (1576.51), saturating to max value(62.72)
WARNING : Torque commanded on joint 3 too high (112.747), saturating to max value(62.72)
WARNING : Torque commanded on joint 6 too high (98.4324), saturating to max value(38.22)
WARNING : Torque commanded on joint 0 too low (-1095.43), saturating to min value(-120.54)
WARNING : Torque commanded on joint 1 too high (5210.18), saturating to max value(120.54)
WARNING : Torque commanded on joint 2 too high (1576.51), saturating to max value(62.72)
WARNING : Torque commanded on joint 3 too high (112.747), saturating to max value(62.72)
WARNING : Torque commanded on joint 6 too high (98.4324), saturating to max value(38.22)
WARNING : Torque commanded on joint 0 too low (-1095.19), saturating to min value(-120.54)
WARNING : Torque commanded on joint 1 too high (5209.76), saturating to max value(120.54)
WARNING : Torque commanded on joint 2 too high (1576.49), saturating to max value(62.72)
WARNING : Torque commanded on joint 3 too high (112.742), saturating to max value(62.72)
WARNING : Torque commanded on joint 6 too high (98.4243), saturating to max value(38.22)
WARNING : Torque commanded on joint 0 too low (-1095.19), saturating to min value(-120.54)
WARNING : Torque commanded on joint 1 too high (5209.76), saturating to max value(120.54)
WARNING : Torque commanded on joint 2 too high (1576.49), saturating to max value(62.72)
WARNING : Torque commanded on joint 3 too high (112.742), saturating to max value(62.72)
WARNING : Torque commanded on joint 6 too high (98.4243), saturating to max value(38.22)
WARNING : Torque commanded on joint 0 too low (-1095.24), saturating to min value(-120.54)
WARNING : Torque commanded on joint 1 too high (5210.01), saturating to max value(120.54)
WARNING : Torque commanded on joint 2 too high (1576.54), saturating to max value(62.72)
WARNING : Torque commanded on joint 3 too high (112.735), saturating to max value(62.72)
WARNING : Torque commanded on joint 6 too high (98.4274), saturating to max value(38.22)
WARNING : Torque commanded on joint 0 too low (-1095.24), saturating to min value(-120.54)
WARNING : Torque commanded on joint 1 too high (5210.01), saturating to max value(120.54)
WARNING : Torque commanded on joint 2 too high (1576.54), saturating to max value(62.72)
WARNING : Torque commanded on joint 3 too high (112.735), saturating to max value(62.72)
WARNING : Torque commanded on joint 6 too high (98.4274), saturating to max value(38.22)
WARNING : Torque commanded on joint 0 too low (-1095.3), saturating to min value(-120.54)
WARNING : Torque commanded on joint 1 too high (5210.05), saturating to max value(120.54)
WARNING : Torque commanded on joint 2 too high (1576.53), saturating to max value(62.72)
WARNING : Torque commanded on joint 3 too high (112.775), saturating to max value(62.72)
WARNING : Torque commanded on joint 6 too high (98.4292), saturating to max value(38.22)
WARNING : Torque commanded on joint 0 too low (-1095.3), saturating to min value(-120.54)
WARNING : Torque commanded on joint 1 too high (5210.05), saturating to max value(120.54)
WARNING : Torque commanded on joint 2 too high (1576.53), saturating to max value(62.72)
WARNING : Torque commanded on joint 3 too high (112.775), saturating to max value(62.72)
WARNING : Torque commanded on joint 6 too high (98.4292), saturating to max value(38.22)
WARNING : Torque commanded on joint 0 too low (-1095.31), saturating to min value(-120.54)
WARNING : Torque commanded on joint 1 too high (5210.02), saturating to max value(120.54)
WARNING : Torque commanded on joint 2 too high (1576.54), saturating to max value(62.72)
WARNING : Torque commanded on joint 3 too high (112.789), saturating to max value(62.72)
WARNING : Torque commanded on joint 6 too high (98.4296), saturating to max value(38.22)
WARNING : Torque commanded on joint 0 too low (-1095.31), saturating to min value(-120.54)
WARNING : Torque commanded on joint 1 too high (5210.02), saturating to max value(120.54)
WARNING : Torque commanded on joint 2 too high (1576.54), saturating to max value(62.72)
WARNING : Torque commanded on joint 3 too high (112.789), saturating to max value(62.72)
WARNING : Torque commanded on joint 6 too high (98.4296), saturating to max value(38.22)
WARNING : Torque commanded on joint 0 too low (-1095.07), saturating to min value(-120.54)
WARNING : Torque commanded on joint 1 too high (5209.3), saturating to max value(120.54)
WARNING : Torque commanded on joint 2 too high (1576.45), saturating to max value(62.72)
WARNING : Torque commanded on joint 3 too high (112.835), saturating to max value(62.72)
WARNING : Torque commanded on joint 6 too high (98.4196), saturating to max value(38.22)
WARNING : Torque commanded on joint 0 too low (-1095.07), saturating to min value(-120.54)
WARNING : Torque commanded on joint 1 too high (5209.3), saturating to max value(120.54)
WARNING : Torque commanded on joint 2 too high (1576.45), saturating to max value(62.72)
WARNING : Torque commanded on joint 3 too high (112.835), saturating to max value(62.72)
WARNING : Torque commanded on joint 6 too high (98.4196), saturating to max value(38.22)
WARNING : Torque commanded on joint 0 too low (-1095.15), saturating to min value(-120.54)
WARNING : Torque commanded on joint 1 too high (5209.49), saturating to max value(120.54)
WARNING : Torque commanded on joint 2 too high (1576.47), saturating to max value(62.72)
WARNING : Torque commanded on joint 3 too high (112.855), saturating to max value(62.72)
WARNING : Torque commanded on joint 6 too high (98.4236), saturating to max value(38.22)
WARNING : Torque commanded on joint 0 too low (-1095.15), saturating to min value(-120.54)
WARNING : Torque commanded on joint 1 too high (5209.49), saturating to max value(120.54)
WARNING : Torque commanded on joint 2 too high (1576.47), saturating to max value(62.72)
WARNING : Torque commanded on joint 3 too high (112.855), saturating to max value(62.72)
WARNING : Torque commanded on joint 6 too high (98.4236), saturating to max value(38.22)
WARNING : Torque commanded on joint 0 too low (-1095.35), saturating to min value(-120.54)
WARNING : Torque commanded on joint 1 too high (5210.04), saturating to max value(120.54)
WARNING : Torque commanded on joint 2 too high (1576.51), saturating to max value(62.72)
WARNING : Torque commanded on joint 3 too high (112.81), saturating to max value(62.72)
WARNING : Torque commanded on joint 6 too high (98.431), saturating to max value(38.22)
WARNING : Torque commanded on joint 0 too low (-1095.35), saturating to min value(-120.54)
WARNING : Torque commanded on joint 1 too high (5210.04), saturating to max value(120.54)
WARNING : Torque commanded on joint 2 too high (1576.51), saturating to max value(62.72)
WARNING : Torque commanded on joint 3 too high (112.81), saturating to max value(62.72)
WARNING : Torque commanded on joint 6 too high (98.431), saturating to max value(38.22)
WARNING : Torque commanded on joint 0 too low (-1095.44), saturating to min value(-120.54)
WARNING : Torque commanded on joint 1 too high (5210.18), saturating to max value(120.54)
WARNING : Torque commanded on joint 2 too high (1576.5), saturating to max value(62.72)
WARNING : Torque commanded on joint 3 too high (112.744), saturating to max value(62.72)
WARNING : Torque commanded on joint 6 too high (98.4318), saturating to max value(38.22)
WARNING : Torque commanded on joint 0 too low (-1095.44), saturating to min value(-120.54)
WARNING : Torque commanded on joint 1 too high (5210.18), saturating to max value(120.54)
WARNING : Torque commanded on joint 2 too high (1576.5), saturating to max value(62.72)
WARNING : Torque commanded on joint 3 too high (112.744), saturating to max value(62.72)
WARNING : Torque commanded on joint 6 too high (98.4318), saturating to max value(38.22)
WARNING : Torque commanded on joint 0 too low (-1095.2), saturating to min value(-120.54)
WARNING : Torque commanded on joint 1 too high (5209.93), saturating to max value(120.54)
WARNING : Torque commanded on joint 2 too high (1576.46), saturating to max value(62.72)
WARNING : Torque commanded on joint 3 too high (112.685), saturating to max value(62.72)
WARNING : Torque commanded on joint 6 too high (98.4243), saturating to max value(38.22)
WARNING : Torque commanded on joint 0 too low (-1095.2), saturating to min value(-120.54)
WARNING : Torque commanded on joint 1 too high (5209.93), saturating to max value(120.54)
WARNING : Torque commanded on joint 2 too high (1576.46), saturating to max value(62.72)
WARNING : Torque commanded on joint 3 too high (112.685), saturating to max value(62.72)
WARNING : Torque commanded on joint 6 too high (98.4243), saturating to max value(38.22)
WARNING : Torque commanded on joint 0 too low (-1095.31), saturating to min value(-120.54)
WARNING : Torque commanded on joint 1 too high (5209.7), saturating to max value(120.54)
WARNING : Torque commanded on joint 2 too high (1576.38), saturating to max value(62.72)
WARNING : Torque commanded on joint 3 too high (112.76), saturating to max value(62.72)
WARNING : Torque commanded on joint 6 too high (98.4231), saturating to max value(38.22)
WARNING : Torque commanded on joint 0 too low (-1095.31), saturating to min value(-120.54)
WARNING : Torque commanded on joint 1 too high (5209.7), saturating to max value(120.54)
WARNING : Torque commanded on joint 2 too high (1576.38), saturating to max value(62.72)
WARNING : Torque commanded on joint 3 too high (112.76), saturating to max value(62.72)
WARNING : Torque commanded on joint 6 too high (98.4231), saturating to max value(38.22)
WARNING : Torque commanded on joint 0 too low (-1095.34), saturating to min value(-120.54)
WARNING : Torque commanded on joint 1 too high (5209.49), saturating to max value(120.54)
WARNING : Torque commanded on joint 2 too high (1576.27), saturating to max value(62.72)
WARNING : Torque commanded on joint 3 too high (112.822), saturating to max value(62.72)
WARNING : Torque commanded on joint 6 too high (98.4206), saturating to max value(38.22)
WARNING : Torque commanded on joint 0 too low (-1095.34), saturating to min value(-120.54)
WARNING : Torque commanded on joint 1 too high (5209.49), saturating to max value(120.54)
WARNING : Torque commanded on joint 2 too high (1576.27), saturating to max value(62.72)
WARNING : Torque commanded on joint 3 too high (112.822), saturating to max value(62.72)
WARNING : Torque commanded on joint 6 too high (98.4206), saturating to max value(38.22)
WARNING : Torque commanded on joint 0 too low (-1095.5), saturating to min value(-120.54)
WARNING : Torque commanded on joint 1 too high (5209.86), saturating to max value(120.54)
WARNING : Torque commanded on joint 2 too high (1576.25), saturating to max value(62.72)
WARNING : Torque commanded on joint 3 too high (112.754), saturating to max value(62.72)
WARNING : Torque commanded on joint 6 too high (98.4241), saturating to max value(38.22)
WARNING : Torque commanded on joint 0 too low (-1095.5), saturating to min value(-120.54)
WARNING : Torque commanded on joint 1 too high (5209.86), saturating to max value(120.54)
WARNING : Torque commanded on joint 2 too high (1576.25), saturating to max value(62.72)
WARNING : Torque commanded on joint 3 too high (112.754), saturating to max value(62.72)
WARNING : Torque commanded on joint 6 too high (98.4241), saturating to max value(38.22)
WARNING : Torque commanded on joint 0 too low (-1095.25), saturating to min value(-120.54)
WARNING : Torque commanded on joint 1 too high (5209.84), saturating to max value(120.54)
WARNING : Torque commanded on joint 2 too high (1576.49), saturating to max value(62.72)
WARNING : Torque commanded on joint 3 too high (112.821), saturating to max value(62.72)
WARNING : Torque commanded on joint 6 too high (98.4266), saturating to max value(38.22)
WARNING : Torque commanded on joint 0 too low (-1095.25), saturating to min value(-120.54)
WARNING : Torque commanded on joint 1 too high (5209.84), saturating to max value(120.54)
WARNING : Torque commanded on joint 2 too high (1576.49), saturating to max value(62.72)
WARNING : Torque commanded on joint 3 too high (112.821), saturating to max value(62.72)
WARNING : Torque commanded on joint 6 too high (98.4266), saturating to max value(38.22)
WARNING : Torque commanded on joint 0 too low (-1095.28), saturating to min value(-120.54)
WARNING : Torque commanded on joint 1 too high (5210.23), saturating to max value(120.54)
WARNING : Torque commanded on joint 2 too high (1576.69), saturating to max value(62.72)
WARNING : Torque commanded on joint 3 too high (112.883), saturating to max value(62.72)
WARNING : Torque commanded on joint 6 too high (98.4361), saturating to max value(38.22)
WARNING : Torque commanded on joint 0 too low (-1095.28), saturating to min value(-120.54)
WARNING : Torque commanded on joint 1 too high (5210.23), saturating to max value(120.54)
WARNING : Torque commanded on joint 2 too high (1576.69), saturating to max value(62.72)
WARNING : Torque commanded on joint 3 too high (112.883), saturating to max value(62.72)
WARNING : Torque commanded on joint 6 too high (98.4361), saturating to max value(38.22)
WARNING : Torque commanded on joint 0 too low (-1095.39), saturating to min value(-120.54)
WARNING : Torque commanded on joint 1 too high (5210.59), saturating to max value(120.54)
WARNING : Torque commanded on joint 2 too high (1576.68), saturating to max value(62.72)
WARNING : Torque commanded on joint 3 too high (112.794), saturating to max value(62.72)
WARNING : Torque commanded on joint 6 too high (98.4391), saturating to max value(38.22)
WARNING : Torque commanded on joint 0 too low (-1095.39), saturating to min value(-120.54)
WARNING : Torque commanded on joint 1 too high (5210.59), saturating to max value(120.54)
WARNING : Torque commanded on joint 2 too high (1576.68), saturating to max value(62.72)
WARNING : Torque commanded on joint 3 too high (112.794), saturating to max value(62.72)
WARNING : Torque commanded on joint 6 too high (98.4391), saturating to max value(38.22)
WARNING : Torque commanded on joint 0 too low (-1095.26), saturating to min value(-120.54)
WARNING : Torque commanded on joint 1 too high (5209.8), saturating to max value(120.54)
WARNING : Torque commanded on joint 2 too high (1576.42), saturating to max value(62.72)
WARNING : Torque commanded on joint 3 too high (112.741), saturating to max value(62.72)
WARNING : Torque commanded on joint 6 too high (98.4245), saturating to max value(38.22)
WARNING : Torque commanded on joint 0 too low (-1095.26), saturating to min value(-120.54)
WARNING : Torque commanded on joint 1 too high (5209.8), saturating to max value(120.54)
WARNING : Torque commanded on joint 2 too high (1576.42), saturating to max value(62.72)
WARNING : Torque commanded on joint 3 too high (112.741), saturating to max value(62.72)
WARNING : Torque commanded on joint 6 too high (98.4245), saturating to max value(38.22)
WARNING : Torque commanded on joint 0 too low (-1095.17), saturating to min value(-120.54)
WARNING : Torque commanded on joint 1 too high (5209.36), saturating to max value(120.54)
WARNING : Torque commanded on joint 2 too high (1576.29), saturating to max value(62.72)
WARNING : Torque commanded on joint 3 too high (112.746), saturating to max value(62.72)
WARNING : Torque commanded on joint 6 too high (98.4163), saturating to max value(38.22)
WARNING : Torque commanded on joint 0 too low (-1095.17), saturating to min value(-120.54)
WARNING : Torque commanded on joint 1 too high (5209.36), saturating to max value(120.54)
WARNING : Torque commanded on joint 2 too high (1576.29), saturating to max value(62.72)
WARNING : Torque commanded on joint 3 too high (112.746), saturating to max value(62.72)
WARNING : Torque commanded on joint 6 too high (98.4163), saturating to max value(38.22)
WARNING : Torque commanded on joint 0 too low (-1095.11), saturating to min value(-120.54)
WARNING : Torque commanded on joint 1 too high (5209.65), saturating to max value(120.54)
WARNING : Torque commanded on joint 2 too high (1576.51), saturating to max value(62.72)
WARNING : Torque commanded on joint 3 too high (112.799), saturating to max value(62.72)
WARNING : Torque commanded on joint 6 too high (98.4243), saturating to max value(38.22)
WARNING : Torque commanded on joint 0 too low (-1095.11), saturating to min value(-120.54)
WARNING : Torque commanded on joint 1 too high (5209.65), saturating to max value(120.54)
WARNING : Torque commanded on joint 2 too high (1576.51), saturating to max value(62.72)
WARNING : Torque commanded on joint 3 too high (112.799), saturating to max value(62.72)
WARNING : Torque commanded on joint 6 too high (98.4243), saturating to max value(38.22)
WARNING : Torque commanded on joint 0 too low (-1094.9), saturating to min value(-120.54)
WARNING : Torque commanded on joint 1 too high (5209.74), saturating to max value(120.54)
WARNING : Torque commanded on joint 2 too high (1576.51), saturating to max value(62.72)
WARNING : Torque commanded on joint 3 too high (112.729), saturating to max value(62.72)
WARNING : Torque commanded on joint 6 too high (98.4245), saturating to max value(38.22)
WARNING : Torque commanded on joint 0 too low (-1094.9), saturating to min value(-120.54)
WARNING : Torque commanded on joint 1 too high (5209.74), saturating to max value(120.54)
WARNING : Torque commanded on joint 2 too high (1576.51), saturating to max value(62.72)
WARNING : Torque commanded on joint 3 too high (112.729), saturating to max value(62.72)
WARNING : Torque commanded on joint 6 too high (98.4245), saturating to max value(38.22)
WARNING : Torque commanded on joint 0 too low (-1095.03), saturating to min value(-120.54)
WARNING : Torque commanded on joint 1 too high (5209.8), saturating to max value(120.54)
WARNING : Torque commanded on joint 2 too high (1576.49), saturating to max value(62.72)
WARNING : Torque commanded on joint 3 too high (112.803), saturating to max value(62.72)
WARNING : Torque commanded on joint 6 too high (98.4275), saturating to max value(38.22)
WARNING : Torque commanded on joint 0 too low (-1095.03), saturating to min value(-120.54)
WARNING : Torque commanded on joint 1 too high (5209.8), saturating to max value(120.54)
WARNING : Torque commanded on joint 2 too high (1576.49), saturating to max value(62.72)
WARNING : Torque commanded on joint 3 too high (112.803), saturating to max value(62.72)
WARNING : Torque commanded on joint 6 too high (98.4275), saturating to max value(38.22)
WARNING : Torque commanded on joint 0 too low (-1095.26), saturating to min value(-120.54)
WARNING : Torque commanded on joint 1 too high (5210.04), saturating to max value(120.54)
WARNING : Torque commanded on joint 2 too high (1576.37), saturating to max value(62.72)
WARNING : Torque commanded on joint 3 too high (112.764), saturating to max value(62.72)
WARNING : Torque commanded on joint 6 too high (98.4288), saturating to max value(38.22)
WARNING : Torque commanded on joint 0 too low (-1095.26), saturating to min value(-120.54)
WARNING : Torque commanded on joint 1 too high (5210.04), saturating to max value(120.54)
WARNING : Torque commanded on joint 2 too high (1576.37), saturating to max value(62.72)
WARNING : Torque commanded on joint 3 too high (112.764), saturating to max value(62.72)
WARNING : Torque commanded on joint 6 too high (98.4288), saturating to max value(38.22)
WARNING : Torque commanded on joint 0 too low (-1095.38), saturating to min value(-120.54)
WARNING : Torque commanded on joint 1 too high (5210.06), saturating to max value(120.54)
WARNING : Torque commanded on joint 2 too high (1576.27), saturating to max value(62.72)
WARNING : Torque commanded on joint 3 too high (112.774), saturating to max value(62.72)
WARNING : Torque commanded on joint 6 too high (98.4272), saturating to max value(38.22)
WARNING : Torque commanded on joint 0 too low (-1095.38), saturating to min value(-120.54)
WARNING : Torque commanded on joint 1 too high (5210.06), saturating to max value(120.54)
WARNING : Torque commanded on joint 2 too high (1576.27), saturating to max value(62.72)
WARNING : Torque commanded on joint 3 too high (112.774), saturating to max value(62.72)
WARNING : Torque commanded on joint 6 too high (98.4272), saturating to max value(38.22)
WARNING : Torque commanded on joint 0 too low (-1095.22), saturating to min value(-120.54)
WARNING : Torque commanded on joint 1 too high (5209.68), saturating to max value(120.54)
WARNING : Torque commanded on joint 2 too high (1576.26), saturating to max value(62.72)
WARNING : Torque commanded on joint 3 too high (112.809), saturating to max value(62.72)
WARNING : Torque commanded on joint 6 too high (98.4225), saturating to max value(38.22)
WARNING : Torque commanded on joint 0 too low (-1095.22), saturating to min value(-120.54)
WARNING : Torque commanded on joint 1 too high (5209.68), saturating to max value(120.54)
WARNING : Torque commanded on joint 2 too high (1576.26), saturating to max value(62.72)
WARNING : Torque commanded on joint 3 too high (112.809), saturating to max value(62.72)
WARNING : Torque commanded on joint 6 too high (98.4225), saturating to max value(38.22)
WARNING : Torque commanded on joint 0 too low (-1095.14), saturating to min value(-120.54)
WARNING : Torque commanded on joint 1 too high (5209.86), saturating to max value(120.54)
WARNING : Torque commanded on joint 2 too high (1576.36), saturating to max value(62.72)
WARNING : Torque commanded on joint 3 too high (112.713), saturating to max value(62.72)
WARNING : Torque commanded on joint 6 too high (98.4247), saturating to max value(38.22)
WARNING : Torque commanded on joint 0 too low (-1095.14), saturating to min value(-120.54)
WARNING : Torque commanded on joint 1 too high (5209.86), saturating to max value(120.54)
WARNING : Torque commanded on joint 2 too high (1576.36), saturating to max value(62.72)
WARNING : Torque commanded on joint 3 too high (112.713), saturating to max value(62.72)
WARNING : Torque commanded on joint 6 too high (98.4247), saturating to max value(38.22)
WARNING : Torque commanded on joint 0 too low (-1095.01), saturating to min value(-120.54)
WARNING : Torque commanded on joint 1 too high (5209.83), saturating to max value(120.54)
WARNING : Torque commanded on joint 2 too high (1576.41), saturating to max value(62.72)
WARNING : Torque commanded on joint 3 too high (112.646), saturating to max value(62.72)
WARNING : Torque commanded on joint 6 too high (98.4234), saturating to max value(38.22)
WARNING : Torque commanded on joint 0 too low (-1095.01), saturating to min value(-120.54)
WARNING : Torque commanded on joint 1 too high (5209.83), saturating to max value(120.54)
WARNING : Torque commanded on joint 2 too high (1576.41), saturating to max value(62.72)
WARNING : Torque commanded on joint 3 too high (112.646), saturating to max value(62.72)
WARNING : Torque commanded on joint 6 too high (98.4234), saturating to max value(38.22)
WARNING : Torque commanded on joint 0 too low (-1095.09), saturating to min value(-120.54)
WARNING : Torque commanded on joint 1 too high (5210.21), saturating to max value(120.54)
WARNING : Torque commanded on joint 2 too high (1576.62), saturating to max value(62.72)
WARNING : Torque commanded on joint 3 too high (112.768), saturating to max value(62.72)
WARNING : Torque commanded on joint 6 too high (98.4346), saturating to max value(38.22)
WARNING : Torque commanded on joint 0 too low (-1095.09), saturating to min value(-120.54)
WARNING : Torque commanded on joint 1 too high (5210.21), saturating to max value(120.54)
WARNING : Torque commanded on joint 2 too high (1576.62), saturating to max value(62.72)
WARNING : Torque commanded on joint 3 too high (112.768), saturating to max value(62.72)
WARNING : Torque commanded on joint 6 too high (98.4346), saturating to max value(38.22)
WARNING : Torque commanded on joint 0 too low (-1095.15), saturating to min value(-120.54)
WARNING : Torque commanded on joint 1 too high (5210.36), saturating to max value(120.54)
WARNING : Torque commanded on joint 2 too high (1576.62), saturating to max value(62.72)
WARNING : Torque commanded on joint 3 too high (112.787), saturating to max value(62.72)
WARNING : Torque commanded on joint 6 too high (98.4365), saturating to max value(38.22)
WARNING : Torque commanded on joint 0 too low (-1095.15), saturating to min value(-120.54)
WARNING : Torque commanded on joint 1 too high (5210.36), saturating to max value(120.54)
WARNING : Torque commanded on joint 2 too high (1576.62), saturating to max value(62.72)
WARNING : Torque commanded on joint 3 too high (112.787), saturating to max value(62.72)
WARNING : Torque commanded on joint 6 too high (98.4365), saturating to max value(38.22)
WARNING : Torque commanded on joint 0 too low (-1095.29), saturating to min value(-120.54)
WARNING : Torque commanded on joint 1 too high (5210.33), saturating to max value(120.54)
WARNING : Torque commanded on joint 2 too high (1576.54), saturating to max value(62.72)
WARNING : Torque commanded on joint 3 too high (112.834), saturating to max value(62.72)
WARNING : Torque commanded on joint 6 too high (98.4365), saturating to max value(38.22)
WARNING : Torque commanded on joint 0 too low (-1095.29), saturating to min value(-120.54)
WARNING : Torque commanded on joint 1 too high (5210.33), saturating to max value(120.54)
WARNING : Torque commanded on joint 2 too high (1576.54), saturating to max value(62.72)
WARNING : Torque commanded on joint 3 too high (112.834), saturating to max value(62.72)
WARNING : Torque commanded on joint 6 too high (98.4365), saturating to max value(38.22)
WARNING : Torque commanded on joint 0 too low (-1095.13), saturating to min value(-120.54)
WARNING : Torque commanded on joint 1 too high (5209.91), saturating to max value(120.54)
WARNING : Torque commanded on joint 2 too high (1576.52), saturating to max value(62.72)
WARNING : Torque commanded on joint 3 too high (112.871), saturating to max value(62.72)
WARNING : Torque commanded on joint 6 too high (98.431), saturating to max value(38.22)
WARNING : Torque commanded on joint 0 too low (-1095.13), saturating to min value(-120.54)
WARNING : Torque commanded on joint 1 too high (5209.91), saturating to max value(120.54)
WARNING : Torque commanded on joint 2 too high (1576.52), saturating to max value(62.72)
WARNING : Torque commanded on joint 3 too high (112.871), saturating to max value(62.72)
WARNING : Torque commanded on joint 6 too high (98.431), saturating to max value(38.22)
WARNING : Torque commanded on joint 0 too low (-1095.12), saturating to min value(-120.54)
WARNING : Torque commanded on joint 1 too high (5209.35), saturating to max value(120.54)
WARNING : Torque commanded on joint 2 too high (1576.3), saturating to max value(62.72)
WARNING : Torque commanded on joint 3 too high (112.901), saturating to max value(62.72)
WARNING : Torque commanded on joint 6 too high (98.4214), saturating to max value(38.22)
WARNING : Torque commanded on joint 0 too low (-1095.26), saturating to min value(-120.54)
WARNING : Torque commanded on joint 1 too high (5209.33), saturating to max value(120.54)
WARNING : Torque commanded on joint 2 too high (1576.15), saturating to max value(62.72)
WARNING : Torque commanded on joint 3 too high (112.869), saturating to max value(62.72)
WARNING : Torque commanded on joint 6 too high (98.4191), saturating to max value(38.22)
WARNING : Torque commanded on joint 0 too low (-1095.33), saturating to min value(-120.54)
WARNING : Torque commanded on joint 1 too high (5209.77), saturating to max value(120.54)
WARNING : Torque commanded on joint 2 too high (1576.12), saturating to max value(62.72)
WARNING : Torque commanded on joint 3 too high (112.736), saturating to max value(62.72)
WARNING : Torque commanded on joint 6 too high (98.4191), saturating to max value(38.22)
WARNING : Torque commanded on joint 0 too low (-1095.33), saturating to min value(-120.54)
WARNING : Torque commanded on joint 1 too high (5209.77), saturating to max value(120.54)
WARNING : Torque commanded on joint 2 too high (1576.12), saturating to max value(62.72)
WARNING : Torque commanded on joint 3 too high (112.736), saturating to max value(62.72)
WARNING : Torque commanded on joint 6 too high (98.4191), saturating to max value(38.22)
WARNING : Torque commanded on joint 0 too low (-1095.12), saturating to min value(-120.54)
WARNING : Torque commanded on joint 1 too high (5209.97), saturating to max value(120.54)
WARNING : Torque commanded on joint 2 too high (1576.44), saturating to max value(62.72)
WARNING : Torque commanded on joint 3 too high (112.768), saturating to max value(62.72)
WARNING : Torque commanded on joint 6 too high (98.4272), saturating to max value(38.22)
WARNING : Torque commanded on joint 0 too low (-1095.12), saturating to min value(-120.54)
WARNING : Torque commanded on joint 1 too high (5209.97), saturating to max value(120.54)
WARNING : Torque commanded on joint 2 too high (1576.44), saturating to max value(62.72)
WARNING : Torque commanded on joint 3 too high (112.768), saturating to max value(62.72)
WARNING : Torque commanded on joint 6 too high (98.4272), saturating to max value(38.22)
WARNING : Torque commanded on joint 0 too low (-1095.11), saturating to min value(-120.54)
WARNING : Torque commanded on joint 1 too high (5210.03), saturating to max value(120.54)
WARNING : Torque commanded on joint 2 too high (1576.51), saturating to max value(62.72)
WARNING : Torque commanded on joint 3 too high (112.777), saturating to max value(62.72)
WARNING : Torque commanded on joint 6 too high (98.4301), saturating to max value(38.22)
WARNING : Torque commanded on joint 0 too low (-1095.11), saturating to min value(-120.54)
WARNING : Torque commanded on joint 1 too high (5210.03), saturating to max value(120.54)
WARNING : Torque commanded on joint 2 too high (1576.51), saturating to max value(62.72)
WARNING : Torque commanded on joint 3 too high (112.777), saturating to max value(62.72)
WARNING : Torque commanded on joint 6 too high (98.4301), saturating to max value(38.22)
WARNING : Torque commanded on joint 0 too low (-1095.2), saturating to min value(-120.54)
WARNING : Torque commanded on joint 1 too high (5209.99), saturating to max value(120.54)
WARNING : Torque commanded on joint 2 too high (1576.41), saturating to max value(62.72)
WARNING : Torque commanded on joint 3 too high (112.766), saturating to max value(62.72)
WARNING : Torque commanded on joint 6 too high (98.4285), saturating to max value(38.22)
WARNING : Torque commanded on joint 0 too low (-1095.2), saturating to min value(-120.54)
WARNING : Torque commanded on joint 1 too high (5209.99), saturating to max value(120.54)
WARNING : Torque commanded on joint 2 too high (1576.41), saturating to max value(62.72)
WARNING : Torque commanded on joint 3 too high (112.766), saturating to max value(62.72)
WARNING : Torque commanded on joint 6 too high (98.4285), saturating to max value(38.22)
WARNING : Torque commanded on joint 0 too low (-1095.36), saturating to min value(-120.54)
WARNING : Torque commanded on joint 1 too high (5210.13), saturating to max value(120.54)
WARNING : Torque commanded on joint 2 too high (1576.33), saturating to max value(62.72)
WARNING : Torque commanded on joint 3 too high (112.73), saturating to max value(62.72)
WARNING : Torque commanded on joint 6 too high (98.4301), saturating to max value(38.22)
WARNING : Torque commanded on joint 0 too low (-1095.43), saturating to min value(-120.54)
WARNING : Torque commanded on joint 1 too high (5210.35), saturating to max value(120.54)
WARNING : Torque commanded on joint 2 too high (1576.4), saturating to max value(62.72)
WARNING : Torque commanded on joint 3 too high (112.786), saturating to max value(62.72)
WARNING : Torque commanded on joint 6 too high (98.4346), saturating to max value(38.22)
WARNING : Torque commanded on joint 0 too low (-1095.31), saturating to min value(-120.54)
WARNING : Torque commanded on joint 1 too high (5210.14), saturating to max value(120.54)
WARNING : Torque commanded on joint 2 too high (1576.43), saturating to max value(62.72)
WARNING : Torque commanded on joint 3 too high (112.872), saturating to max value(62.72)
WARNING : Torque commanded on joint 6 too high (98.4319), saturating to max value(38.22)
WARNING : Torque commanded on joint 0 too low (-1095.19), saturating to min value(-120.54)
WARNING : Torque commanded on joint 1 too high (5209.63), saturating to max value(120.54)
WARNING : Torque commanded on joint 2 too high (1576.31), saturating to max value(62.72)
WARNING : Torque commanded on joint 3 too high (112.888), saturating to max value(62.72)
WARNING : Torque commanded on joint 6 too high (98.4235), saturating to max value(38.22)
WARNING : Torque commanded on joint 0 too low (-1095.14), saturating to min value(-120.54)
WARNING : Torque commanded on joint 1 too high (5209.4), saturating to max value(120.54)
WARNING : Torque commanded on joint 2 too high (1576.28), saturating to max value(62.72)
WARNING : Torque commanded on joint 3 too high (112.892), saturating to max value(62.72)
WARNING : Torque commanded on joint 6 too high (98.4217), saturating to max value(38.22)
WARNING : Torque commanded on joint 0 too low (-1095.14), saturating to min value(-120.54)
WARNING : Torque commanded on joint 1 too high (5209.4), saturating to max value(120.54)
WARNING : Torque commanded on joint 2 too high (1576.28), saturating to max value(62.72)
WARNING : Torque commanded on joint 3 too high (112.892), saturating to max value(62.72)
WARNING : Torque commanded on joint 6 too high (98.4217), saturating to max value(38.22)
WARNING : Torque commanded on joint 0 too low (-1095.09), saturating to min value(-120.54)
WARNING : Torque commanded on joint 1 too high (5210.02), saturating to max value(120.54)
WARNING : Torque commanded on joint 2 too high (1576.51), saturating to max value(62.72)
WARNING : Torque commanded on joint 3 too high (112.773), saturating to max value(62.72)
WARNING : Torque commanded on joint 6 too high (98.4303), saturating to max value(38.22)
WARNING : Torque commanded on joint 0 too low (-1095.09), saturating to min value(-120.54)
WARNING : Torque commanded on joint 1 too high (5210.02), saturating to max value(120.54)
WARNING : Torque commanded on joint 2 too high (1576.51), saturating to max value(62.72)
WARNING : Torque commanded on joint 3 too high (112.773), saturating to max value(62.72)
WARNING : Torque commanded on joint 6 too high (98.4303), saturating to max value(38.22)
WARNING : Torque commanded on joint 0 too low (-1095.56), saturating to min value(-120.54)
WARNING : Torque commanded on joint 1 too high (5210.51), saturating to max value(120.54)
WARNING : Torque commanded on joint 2 too high (1576.31), saturating to max value(62.72)
WARNING : Torque commanded on joint 3 too high (112.7), saturating to max value(62.72)
WARNING : Torque commanded on joint 6 too high (98.4349), saturating to max value(38.22)
WARNING : Torque commanded on joint 0 too low (-1095.41), saturating to min value(-120.54)
WARNING : Torque commanded on joint 1 too high (5210.44), saturating to max value(120.54)
WARNING : Torque commanded on joint 2 too high (1576.37), saturating to max value(62.72)
WARNING : Torque commanded on joint 3 too high (112.691), saturating to max value(62.72)
WARNING : Torque commanded on joint 6 too high (98.4331), saturating to max value(38.22)
WARNING : Torque commanded on joint 0 too low (-1095.29), saturating to min value(-120.54)
WARNING : Torque commanded on joint 1 too high (5210.29), saturating to max value(120.54)
WARNING : Torque commanded on joint 2 too high (1576.43), saturating to max value(62.72)
WARNING : Torque commanded on joint 3 too high (112.71), saturating to max value(62.72)
WARNING : Torque commanded on joint 6 too high (98.4322), saturating to max value(38.22)
WARNING : Torque commanded on joint 0 too low (-1095.29), saturating to min value(-120.54)
WARNING : Torque commanded on joint 1 too high (5210.29), saturating to max value(120.54)
WARNING : Torque commanded on joint 2 too high (1576.43), saturating to max value(62.72)
WARNING : Torque commanded on joint 3 too high (112.71), saturating to max value(62.72)
WARNING : Torque commanded on joint 6 too high (98.4322), saturating to max value(38.22)
WARNING : Torque commanded on joint 0 too low (-1095.29), saturating to min value(-120.54)
WARNING : Torque commanded on joint 1 too high (5209.94), saturating to max value(120.54)
WARNING : Torque commanded on joint 2 too high (1576.29), saturating to max value(62.72)
WARNING : Torque commanded on joint 3 too high (112.784), saturating to max value(62.72)
WARNING : Torque commanded on joint 6 too high (98.4261), saturating to max value(38.22)
WARNING : Torque commanded on joint 0 too low (-1095.29), saturating to min value(-120.54)
WARNING : Torque commanded on joint 1 too high (5209.94), saturating to max value(120.54)
WARNING : Torque commanded on joint 2 too high (1576.29), saturating to max value(62.72)
WARNING : Torque commanded on joint 3 too high (112.784), saturating to max value(62.72)
WARNING : Torque commanded on joint 6 too high (98.4261), saturating to max value(38.22)
WARNING : Torque commanded on joint 0 too low (-1095.06), saturating to min value(-120.54)
WARNING : Torque commanded on joint 1 too high (5209.46), saturating to max value(120.54)
WARNING : Torque commanded on joint 2 too high (1576.52), saturating to max value(62.72)
WARNING : Torque commanded on joint 3 too high (112.726), saturating to max value(62.72)
WARNING : Torque commanded on joint 6 too high (98.4182), saturating to max value(38.22)
WARNING : Torque commanded on joint 0 too low (-1095.06), saturating to min value(-120.54)
WARNING : Torque commanded on joint 1 too high (5209.46), saturating to max value(120.54)
WARNING : Torque commanded on joint 2 too high (1576.52), saturating to max value(62.72)
WARNING : Torque commanded on joint 3 too high (112.726), saturating to max value(62.72)
WARNING : Torque commanded on joint 6 too high (98.4182), saturating to max value(38.22)
WARNING : Torque commanded on joint 0 too low (-1094.94), saturating to min value(-120.54)
WARNING : Torque commanded on joint 1 too high (5209.4), saturating to max value(120.54)
WARNING : Torque commanded on joint 2 too high (1576.64), saturating to max value(62.72)
WARNING : Torque commanded on joint 3 too high (112.748), saturating to max value(62.72)
WARNING : Torque commanded on joint 6 too high (98.4203), saturating to max value(38.22)
WARNING : Torque commanded on joint 0 too low (-1094.94), saturating to min value(-120.54)
WARNING : Torque commanded on joint 1 too high (5209.4), saturating to max value(120.54)
WARNING : Torque commanded on joint 2 too high (1576.64), saturating to max value(62.72)
WARNING : Torque commanded on joint 3 too high (112.748), saturating to max value(62.72)
WARNING : Torque commanded on joint 6 too high (98.4203), saturating to max value(38.22)
WARNING : Torque commanded on joint 0 too low (-1095.26), saturating to min value(-120.54)
WARNING : Torque commanded on joint 1 too high (5209.68), saturating to max value(120.54)
WARNING : Torque commanded on joint 2 too high (1576.6), saturating to max value(62.72)
WARNING : Torque commanded on joint 3 too high (112.814), saturating to max value(62.72)
WARNING : Torque commanded on joint 6 too high (98.4272), saturating to max value(38.22)
WARNING : Torque commanded on joint 0 too low (-1095.26), saturating to min value(-120.54)
WARNING : Torque commanded on joint 1 too high (5209.68), saturating to max value(120.54)
WARNING : Torque commanded on joint 2 too high (1576.6), saturating to max value(62.72)
WARNING : Torque commanded on joint 3 too high (112.814), saturating to max value(62.72)
WARNING : Torque commanded on joint 6 too high (98.4272), saturating to max value(38.22)
WARNING : Torque commanded on joint 0 too low (-1095.36), saturating to min value(-120.54)
WARNING : Torque commanded on joint 1 too high (5209.72), saturating to max value(120.54)
WARNING : Torque commanded on joint 2 too high (1576.49), saturating to max value(62.72)
WARNING : Torque commanded on joint 3 too high (112.826), saturating to max value(62.72)
WARNING : Torque commanded on joint 6 too high (98.4246), saturating to max value(38.22)
WARNING : Torque commanded on joint 0 too low (-1095.36), saturating to min value(-120.54)
WARNING : Torque commanded on joint 1 too high (5209.72), saturating to max value(120.54)
WARNING : Torque commanded on joint 2 too high (1576.49), saturating to max value(62.72)
WARNING : Torque commanded on joint 3 too high (112.826), saturating to max value(62.72)
WARNING : Torque commanded on joint 6 too high (98.4246), saturating to max value(38.22)
WARNING : Torque commanded on joint 0 too low (-1095.58), saturating to min value(-120.54)
WARNING : Torque commanded on joint 1 too high (5210.07), saturating to max value(120.54)
WARNING : Torque commanded on joint 2 too high (1576.43), saturating to max value(62.72)
WARNING : Torque commanded on joint 3 too high (112.823), saturating to max value(62.72)
WARNING : Torque commanded on joint 6 too high (98.429), saturating to max value(38.22)
WARNING : Torque commanded on joint 0 too low (-1095.58), saturating to min value(-120.54)
WARNING : Torque commanded on joint 1 too high (5210.07), saturating to max value(120.54)
WARNING : Torque commanded on joint 2 too high (1576.43), saturating to max value(62.72)
WARNING : Torque commanded on joint 3 too high (112.823), saturating to max value(62.72)
WARNING : Torque commanded on joint 6 too high (98.429), saturating to max value(38.22)
WARNING : Torque commanded on joint 0 too low (-1095.57), saturating to min value(-120.54)
WARNING : Torque commanded on joint 1 too high (5210.39), saturating to max value(120.54)
WARNING : Torque commanded on joint 2 too high (1576.55), saturating to max value(62.72)
WARNING : Torque commanded on joint 3 too high (112.736), saturating to max value(62.72)
WARNING : Torque commanded on joint 6 too high (98.4326), saturating to max value(38.22)
WARNING : Torque commanded on joint 0 too low (-1095.57), saturating to min value(-120.54)
WARNING : Torque commanded on joint 1 too high (5210.39), saturating to max value(120.54)
WARNING : Torque commanded on joint 2 too high (1576.55), saturating to max value(62.72)
WARNING : Torque commanded on joint 3 too high (112.736), saturating to max value(62.72)
WARNING : Torque commanded on joint 6 too high (98.4326), saturating to max value(38.22)
WARNING : Torque commanded on joint 0 too low (-1095.43), saturating to min value(-120.54)
WARNING : Torque commanded on joint 1 too high (5209.86), saturating to max value(120.54)
WARNING : Torque commanded on joint 2 too high (1576.44), saturating to max value(62.72)
WARNING : Torque commanded on joint 3 too high (112.772), saturating to max value(62.72)
WARNING : Torque commanded on joint 6 too high (98.4242), saturating to max value(38.22)
WARNING : Torque commanded on joint 0 too low (-1095.43), saturating to min value(-120.54)
WARNING : Torque commanded on joint 1 too high (5209.86), saturating to max value(120.54)
WARNING : Torque commanded on joint 2 too high (1576.44), saturating to max value(62.72)
WARNING : Torque commanded on joint 3 too high (112.772), saturating to max value(62.72)
WARNING : Torque commanded on joint 6 too high (98.4242), saturating to max value(38.22)
WARNING : Torque commanded on joint 0 too low (-1095.51), saturating to min value(-120.54)
WARNING : Torque commanded on joint 1 too high (5210.18), saturating to max value(120.54)
WARNING : Torque commanded on joint 2 too high (1576.51), saturating to max value(62.72)
WARNING : Torque commanded on joint 3 too high (112.755), saturating to max value(62.72)
WARNING : Torque commanded on joint 6 too high (98.4313), saturating to max value(38.22)
WARNING : Torque commanded on joint 0 too low (-1095.51), saturating to min value(-120.54)
WARNING : Torque commanded on joint 1 too high (5210.18), saturating to max value(120.54)
WARNING : Torque commanded on joint 2 too high (1576.51), saturating to max value(62.72)
WARNING : Torque commanded on joint 3 too high (112.755), saturating to max value(62.72)
WARNING : Torque commanded on joint 6 too high (98.4313), saturating to max value(38.22)
WARNING : Torque commanded on joint 0 too low (-1095.31), saturating to min value(-120.54)
WARNING : Torque commanded on joint 1 too high (5209.88), saturating to max value(120.54)
WARNING : Torque commanded on joint 2 too high (1576.6), saturating to max value(62.72)
WARNING : Torque commanded on joint 3 too high (112.831), saturating to max value(62.72)
WARNING : Torque commanded on joint 6 too high (98.4301), saturating to max value(38.22)
WARNING : Torque commanded on joint 0 too low (-1095.31), saturating to min value(-120.54)
WARNING : Torque commanded on joint 1 too high (5209.88), saturating to max value(120.54)
WARNING : Torque commanded on joint 2 too high (1576.6), saturating to max value(62.72)
WARNING : Torque commanded on joint 3 too high (112.831), saturating to max value(62.72)
WARNING : Torque commanded on joint 6 too high (98.4301), saturating to max value(38.22)
WARNING : Torque commanded on joint 0 too low (-1095.31), saturating to min value(-120.54)
WARNING : Torque commanded on joint 1 too high (5209.84), saturating to max value(120.54)
WARNING : Torque commanded on joint 2 too high (1576.57), saturating to max value(62.72)
WARNING : Torque commanded on joint 3 too high (112.821), saturating to max value(62.72)
WARNING : Torque commanded on joint 6 too high (98.4296), saturating to max value(38.22)
WARNING : Torque commanded on joint 0 too low (-1095.31), saturating to min value(-120.54)
WARNING : Torque commanded on joint 1 too high (5209.84), saturating to max value(120.54)
WARNING : Torque commanded on joint 2 too high (1576.57), saturating to max value(62.72)
WARNING : Torque commanded on joint 3 too high (112.821), saturating to max value(62.72)
WARNING : Torque commanded on joint 6 too high (98.4296), saturating to max value(38.22)
WARNING : Torque commanded on joint 0 too low (-1095.42), saturating to min value(-120.54)
WARNING : Torque commanded on joint 1 too high (5210.03), saturating to max value(120.54)
WARNING : Torque commanded on joint 2 too high (1576.53), saturating to max value(62.72)
WARNING : Torque commanded on joint 3 too high (112.783), saturating to max value(62.72)
WARNING : Torque commanded on joint 6 too high (98.4299), saturating to max value(38.22)
WARNING : Torque commanded on joint 0 too low (-1095.42), saturating to min value(-120.54)
WARNING : Torque commanded on joint 1 too high (5210.03), saturating to max value(120.54)
WARNING : Torque commanded on joint 2 too high (1576.53), saturating to max value(62.72)
WARNING : Torque commanded on joint 3 too high (112.783), saturating to max value(62.72)
WARNING : Torque commanded on joint 6 too high (98.4299), saturating to max value(38.22)
WARNING : Torque commanded on joint 0 too low (-1095.33), saturating to min value(-120.54)
WARNING : Torque commanded on joint 1 too high (5209.6), saturating to max value(120.54)
WARNING : Torque commanded on joint 2 too high (1576.38), saturating to max value(62.72)
WARNING : Torque commanded on joint 3 too high (112.791), saturating to max value(62.72)
WARNING : Torque commanded on joint 6 too high (98.4201), saturating to max value(38.22)
WARNING : Torque commanded on joint 0 too low (-1095.33), saturating to min value(-120.54)
WARNING : Torque commanded on joint 1 too high (5209.6), saturating to max value(120.54)
WARNING : Torque commanded on joint 2 too high (1576.38), saturating to max value(62.72)
WARNING : Torque commanded on joint 3 too high (112.791), saturating to max value(62.72)
WARNING : Torque commanded on joint 6 too high (98.4201), saturating to max value(38.22)
WARNING : Torque commanded on joint 0 too low (-1095.37), saturating to min value(-120.54)
WARNING : Torque commanded on joint 1 too high (5209.79), saturating to max value(120.54)
WARNING : Torque commanded on joint 2 too high (1576.44), saturating to max value(62.72)
WARNING : Torque commanded on joint 3 too high (112.779), saturating to max value(62.72)
WARNING : Torque commanded on joint 6 too high (98.4235), saturating to max value(38.22)
WARNING : Torque commanded on joint 0 too low (-1095.37), saturating to min value(-120.54)
WARNING : Torque commanded on joint 1 too high (5209.79), saturating to max value(120.54)
WARNING : Torque commanded on joint 2 too high (1576.44), saturating to max value(62.72)
WARNING : Torque commanded on joint 3 too high (112.779), saturating to max value(62.72)
WARNING : Torque commanded on joint 6 too high (98.4235), saturating to max value(38.22)
WARNING : Torque commanded on joint 0 too low (-1095.44), saturating to min value(-120.54)
WARNING : Torque commanded on joint 1 too high (5209.82), saturating to max value(120.54)
WARNING : Torque commanded on joint 2 too high (1576.46), saturating to max value(62.72)
WARNING : Torque commanded on joint 3 too high (112.829), saturating to max value(62.72)
WARNING : Torque commanded on joint 6 too high (98.4275), saturating to max value(38.22)
WARNING : Torque commanded on joint 0 too low (-1095.36), saturating to min value(-120.54)
WARNING : Torque commanded on joint 1 too high (5209.66), saturating to max value(120.54)
WARNING : Torque commanded on joint 2 too high (1576.46), saturating to max value(62.72)
WARNING : Torque commanded on joint 3 too high (112.834), saturating to max value(62.72)
WARNING : Torque commanded on joint 6 too high (98.4252), saturating to max value(38.22)
WARNING : Torque commanded on joint 0 too low (-1095.43), saturating to min value(-120.54)
WARNING : Torque commanded on joint 1 too high (5210.04), saturating to max value(120.54)
WARNING : Torque commanded on joint 2 too high (1576.54), saturating to max value(62.72)
WARNING : Torque commanded on joint 3 too high (112.819), saturating to max value(62.72)
WARNING : Torque commanded on joint 6 too high (98.4301), saturating to max value(38.22)
WARNING : Torque commanded on joint 0 too low (-1095.43), saturating to min value(-120.54)
WARNING : Torque commanded on joint 1 too high (5210.04), saturating to max value(120.54)
WARNING : Torque commanded on joint 2 too high (1576.54), saturating to max value(62.72)
WARNING : Torque commanded on joint 3 too high (112.819), saturating to max value(62.72)
WARNING : Torque commanded on joint 6 too high (98.4301), saturating to max value(38.22)
WARNING : Torque commanded on joint 0 too low (-1095.44), saturating to min value(-120.54)
WARNING : Torque commanded on joint 1 too high (5209.89), saturating to max value(120.54)
WARNING : Torque commanded on joint 2 too high (1576.46), saturating to max value(62.72)
WARNING : Torque commanded on joint 3 too high (112.824), saturating to max value(62.72)
WARNING : Torque commanded on joint 6 too high (98.4274), saturating to max value(38.22)
WARNING : Torque commanded on joint 0 too low (-1095.44), saturating to min value(-120.54)
WARNING : Torque commanded on joint 1 too high (5209.89), saturating to max value(120.54)
WARNING : Torque commanded on joint 2 too high (1576.46), saturating to max value(62.72)
WARNING : Torque commanded on joint 3 too high (112.824), saturating to max value(62.72)
WARNING : Torque commanded on joint 6 too high (98.4274), saturating to max value(38.22)
WARNING : Torque commanded on joint 0 too low (-1095.25), saturating to min value(-120.54)
WARNING : Torque commanded on joint 1 too high (5209.8), saturating to max value(120.54)
WARNING : Torque commanded on joint 2 too high (1576.53), saturating to max value(62.72)
WARNING : Torque commanded on joint 3 too high (112.762), saturating to max value(62.72)
WARNING : Torque commanded on joint 6 too high (98.4258), saturating to max value(38.22)
WARNING : Torque commanded on joint 0 too low (-1095.25), saturating to min value(-120.54)
WARNING : Torque commanded on joint 1 too high (5209.8), saturating to max value(120.54)
WARNING : Torque commanded on joint 2 too high (1576.53), saturating to max value(62.72)
WARNING : Torque commanded on joint 3 too high (112.762), saturating to max value(62.72)
WARNING : Torque commanded on joint 6 too high (98.4258), saturating to max value(38.22)
WARNING : Torque commanded on joint 0 too low (-1095.39), saturating to min value(-120.54)
WARNING : Torque commanded on joint 1 too high (5209.74), saturating to max value(120.54)
WARNING : Torque commanded on joint 2 too high (1576.37), saturating to max value(62.72)
WARNING : Torque commanded on joint 3 too high (112.747), saturating to max value(62.72)
WARNING : Torque commanded on joint 6 too high (98.4214), saturating to max value(38.22)
WARNING : Torque commanded on joint 0 too low (-1095.47), saturating to min value(-120.54)
WARNING : Torque commanded on joint 1 too high (5209.77), saturating to max value(120.54)
WARNING : Torque commanded on joint 2 too high (1576.36), saturating to max value(62.72)
WARNING : Torque commanded on joint 3 too high (112.808), saturating to max value(62.72)
WARNING : Torque commanded on joint 6 too high (98.4231), saturating to max value(38.22)
WARNING : Torque commanded on joint 0 too low (-1095.44), saturating to min value(-120.54)
WARNING : Torque commanded on joint 1 too high (5209.52), saturating to max value(120.54)
WARNING : Torque commanded on joint 2 too high (1576.3), saturating to max value(62.72)
WARNING : Torque commanded on joint 3 too high (112.802), saturating to max value(62.72)
WARNING : Torque commanded on joint 6 too high (98.4194), saturating to max value(38.22)
WARNING : Torque commanded on joint 0 too low (-1095.44), saturating to min value(-120.54)
WARNING : Torque commanded on joint 1 too high (5209.52), saturating to max value(120.54)
WARNING : Torque commanded on joint 2 too high (1576.3), saturating to max value(62.72)
WARNING : Torque commanded on joint 3 too high (112.802), saturating to max value(62.72)
WARNING : Torque commanded on joint 6 too high (98.4194), saturating to max value(38.22)
WARNING : Torque commanded on joint 0 too low (-1095.33), saturating to min value(-120.54)
WARNING : Torque commanded on joint 1 too high (5210.01), saturating to max value(120.54)
WARNING : Torque commanded on joint 2 too high (1576.58), saturating to max value(62.72)
WARNING : Torque commanded on joint 3 too high (112.763), saturating to max value(62.72)
WARNING : Torque commanded on joint 6 too high (98.4286), saturating to max value(38.22)
WARNING : Torque commanded on joint 0 too low (-1095.38), saturating to min value(-120.54)
WARNING : Torque commanded on joint 1 too high (5209.92), saturating to max value(120.54)
WARNING : Torque commanded on joint 2 too high (1576.55), saturating to max value(62.72)
WARNING : Torque commanded on joint 3 too high (112.816), saturating to max value(62.72)
WARNING : Torque commanded on joint 6 too high (98.4294), saturating to max value(38.22)
WARNING : Torque commanded on joint 0 too low (-1095.58), saturating to min value(-120.54)
WARNING : Torque commanded on joint 1 too high (5210.28), saturating to max value(120.54)
WARNING : Torque commanded on joint 2 too high (1576.51), saturating to max value(62.72)
WARNING : Torque commanded on joint 3 too high (112.792), saturating to max value(62.72)
WARNING : Torque commanded on joint 6 too high (98.4335), saturating to max value(38.22)
WARNING : Torque commanded on joint 0 too low (-1095.58), saturating to min value(-120.54)
WARNING : Torque commanded on joint 1 too high (5210.28), saturating to max value(120.54)
WARNING : Torque commanded on joint 2 too high (1576.51), saturating to max value(62.72)
WARNING : Torque commanded on joint 3 too high (112.792), saturating to max value(62.72)
WARNING : Torque commanded on joint 6 too high (98.4335), saturating to max value(38.22)
WARNING : Torque commanded on joint 0 too low (-1095.34), saturating to min value(-120.54)
WARNING : Torque commanded on joint 1 too high (5209.28), saturating to max value(120.54)
WARNING : Torque commanded on joint 2 too high (1576.3), saturating to max value(62.72)
WARNING : Torque commanded on joint 3 too high (112.827), saturating to max value(62.72)
WARNING : Torque commanded on joint 6 too high (98.4179), saturating to max value(38.22)
WARNING : Torque commanded on joint 0 too low (-1095.22), saturating to min value(-120.54)
WARNING : Torque commanded on joint 1 too high (5209.03), saturating to max value(120.54)
WARNING : Torque commanded on joint 2 too high (1576.3), saturating to max value(62.72)
WARNING : Torque commanded on joint 3 too high (112.838), saturating to max value(62.72)
WARNING : Torque commanded on joint 6 too high (98.4142), saturating to max value(38.22)
WARNING : Torque commanded on joint 0 too low (-1095.34), saturating to min value(-120.54)
WARNING : Torque commanded on joint 1 too high (5209.6), saturating to max value(120.54)
WARNING : Torque commanded on joint 2 too high (1576.44), saturating to max value(62.72)
WARNING : Torque commanded on joint 3 too high (112.814), saturating to max value(62.72)
WARNING : Torque commanded on joint 6 too high (98.4236), saturating to max value(38.22)
WARNING : Torque commanded on joint 0 too low (-1095.36), saturating to min value(-120.54)
WARNING : Torque commanded on joint 1 too high (5209.82), saturating to max value(120.54)
WARNING : Torque commanded on joint 2 too high (1576.48), saturating to max value(62.72)
WARNING : Torque commanded on joint 3 too high (112.817), saturating to max value(62.72)
WARNING : Torque commanded on joint 6 too high (98.4254), saturating to max value(38.22)
WARNING : Torque commanded on joint 0 too low (-1095.42), saturating to min value(-120.54)
WARNING : Torque commanded on joint 1 too high (5210.18), saturating to max value(120.54)
WARNING : Torque commanded on joint 2 too high (1576.46), saturating to max value(62.72)
WARNING : Torque commanded on joint 3 too high (112.694), saturating to max value(62.72)
WARNING : Torque commanded on joint 6 too high (98.4265), saturating to max value(38.22)
WARNING : Torque commanded on joint 0 too low (-1095.42), saturating to min value(-120.54)
WARNING : Torque commanded on joint 1 too high (5210.18), saturating to max value(120.54)
WARNING : Torque commanded on joint 2 too high (1576.46), saturating to max value(62.72)
WARNING : Torque commanded on joint 3 too high (112.694), saturating to max value(62.72)
WARNING : Torque commanded on joint 6 too high (98.4265), saturating to max value(38.22)
WARNING : Torque commanded on joint 0 too low (-1095.37), saturating to min value(-120.54)
WARNING : Torque commanded on joint 1 too high (5210.05), saturating to max value(120.54)
WARNING : Torque commanded on joint 2 too high (1576.53), saturating to max value(62.72)
WARNING : Torque commanded on joint 3 too high (112.754), saturating to max value(62.72)
WARNING : Torque commanded on joint 6 too high (98.4283), saturating to max value(38.22)
WARNING : Torque commanded on joint 0 too low (-1095.37), saturating to min value(-120.54)
WARNING : Torque commanded on joint 1 too high (5210.05), saturating to max value(120.54)
WARNING : Torque commanded on joint 2 too high (1576.53), saturating to max value(62.72)
WARNING : Torque commanded on joint 3 too high (112.754), saturating to max value(62.72)
WARNING : Torque commanded on joint 6 too high (98.4283), saturating to max value(38.22)
WARNING : Torque commanded on joint 0 too low (-1095.53), saturating to min value(-120.54)
WARNING : Torque commanded on joint 1 too high (5209.85), saturating to max value(120.54)
WARNING : Torque commanded on joint 2 too high (1576.31), saturating to max value(62.72)
WARNING : Torque commanded on joint 3 too high (112.723), saturating to max value(62.72)
WARNING : Torque commanded on joint 6 too high (98.4234), saturating to max value(38.22)
WARNING : Torque commanded on joint 0 too low (-1095.53), saturating to min value(-120.54)
WARNING : Torque commanded on joint 1 too high (5209.85), saturating to max value(120.54)
WARNING : Torque commanded on joint 2 too high (1576.31), saturating to max value(62.72)
WARNING : Torque commanded on joint 3 too high (112.723), saturating to max value(62.72)
WARNING : Torque commanded on joint 6 too high (98.4234), saturating to max value(38.22)
WARNING : Torque commanded on joint 0 too low (-1095.53), saturating to min value(-120.54)
WARNING : Torque commanded on joint 1 too high (5209.85), saturating to max value(120.54)
WARNING : Torque commanded on joint 2 too high (1576.31), saturating to max value(62.72)
WARNING : Torque commanded on joint 3 too high (112.723), saturating to max value(62.72)
WARNING : Torque commanded on joint 6 too high (98.4234), saturating to max value(38.22)
WARNING : Torque commanded on joint 0 too low (-1095.32), saturating to min value(-120.54)
WARNING : Torque commanded on joint 1 too high (5209.58), saturating to max value(120.54)
WARNING : Torque commanded on joint 2 too high (1576.38), saturating to max value(62.72)
WARNING : Torque commanded on joint 3 too high (112.758), saturating to max value(62.72)
WARNING : Torque commanded on joint 6 too high (98.4202), saturating to max value(38.22)
WARNING : Torque commanded on joint 0 too low (-1095.4), saturating to min value(-120.54)
WARNING : Torque commanded on joint 1 too high (5210.07), saturating to max value(120.54)
WARNING : Torque commanded on joint 2 too high (1576.65), saturating to max value(62.72)
WARNING : Torque commanded on joint 3 too high (112.84), saturating to max value(62.72)
WARNING : Torque commanded on joint 6 too high (98.4351), saturating to max value(38.22)
WARNING : Torque commanded on joint 0 too low (-1095.4), saturating to min value(-120.54)
WARNING : Torque commanded on joint 1 too high (5210.07), saturating to max value(120.54)
WARNING : Torque commanded on joint 2 too high (1576.65), saturating to max value(62.72)
WARNING : Torque commanded on joint 3 too high (112.84), saturating to max value(62.72)
WARNING : Torque commanded on joint 6 too high (98.4351), saturating to max value(38.22)
WARNING : Torque commanded on joint 0 too low (-1095.41), saturating to min value(-120.54)
WARNING : Torque commanded on joint 1 too high (5209.99), saturating to max value(120.54)
WARNING : Torque commanded on joint 2 too high (1576.6), saturating to max value(62.72)
WARNING : Torque commanded on joint 3 too high (112.872), saturating to max value(62.72)
WARNING : Torque commanded on joint 6 too high (98.4331), saturating to max value(38.22)
WARNING : Torque commanded on joint 0 too low (-1095.41), saturating to min value(-120.54)
WARNING : Torque commanded on joint 1 too high (5209.99), saturating to max value(120.54)
WARNING : Torque commanded on joint 2 too high (1576.6), saturating to max value(62.72)
WARNING : Torque commanded on joint 3 too high (112.872), saturating to max value(62.72)
WARNING : Torque commanded on joint 6 too high (98.4331), saturating to max value(38.22)
WARNING : Torque commanded on joint 0 too low (-1095.56), saturating to min value(-120.54)
WARNING : Torque commanded on joint 1 too high (5210.06), saturating to max value(120.54)
WARNING : Torque commanded on joint 2 too high (1576.48), saturating to max value(62.72)
WARNING : Torque commanded on joint 3 too high (112.831), saturating to max value(62.72)
WARNING : Torque commanded on joint 6 too high (98.4323), saturating to max value(38.22)
WARNING : Torque commanded on joint 0 too low (-1095.66), saturating to min value(-120.54)
WARNING : Torque commanded on joint 1 too high (5209.97), saturating to max value(120.54)
WARNING : Torque commanded on joint 2 too high (1576.36), saturating to max value(62.72)
WARNING : Torque commanded on joint 3 too high (112.828), saturating to max value(62.72)
WARNING : Torque commanded on joint 6 too high (98.4296), saturating to max value(38.22)
WARNING : Torque commanded on joint 0 too low (-1095.61), saturating to min value(-120.54)
WARNING : Torque commanded on joint 1 too high (5210.05), saturating to max value(120.54)
WARNING : Torque commanded on joint 2 too high (1576.41), saturating to max value(62.72)
WARNING : Torque commanded on joint 3 too high (112.823), saturating to max value(62.72)
WARNING : Torque commanded on joint 6 too high (98.4301), saturating to max value(38.22)
WARNING : Torque commanded on joint 0 too low (-1095.51), saturating to min value(-120.54)
WARNING : Torque commanded on joint 1 too high (5210.02), saturating to max value(120.54)
WARNING : Torque commanded on joint 2 too high (1576.45), saturating to max value(62.72)
WARNING : Torque commanded on joint 3 too high (112.809), saturating to max value(62.72)
WARNING : Torque commanded on joint 6 too high (98.4287), saturating to max value(38.22)
WARNING : Torque commanded on joint 0 too low (-1095.63), saturating to min value(-120.54)
WARNING : Torque commanded on joint 1 too high (5210.18), saturating to max value(120.54)
WARNING : Torque commanded on joint 2 too high (1576.42), saturating to max value(62.72)
WARNING : Torque commanded on joint 3 too high (112.811), saturating to max value(62.72)
WARNING : Torque commanded on joint 6 too high (98.431), saturating to max value(38.22)
WARNING : Torque commanded on joint 0 too low (-1095.63), saturating to min value(-120.54)
WARNING : Torque commanded on joint 1 too high (5210.18), saturating to max value(120.54)
WARNING : Torque commanded on joint 2 too high (1576.42), saturating to max value(62.72)
WARNING : Torque commanded on joint 3 too high (112.811), saturating to max value(62.72)
WARNING : Torque commanded on joint 6 too high (98.431), saturating to max value(38.22)
WARNING : Torque commanded on joint 0 too low (-1095.43), saturating to min value(-120.54)
WARNING : Torque commanded on joint 1 too high (5210), saturating to max value(120.54)
WARNING : Torque commanded on joint 2 too high (1576.5), saturating to max value(62.72)
WARNING : Torque commanded on joint 3 too high (112.804), saturating to max value(62.72)
WARNING : Torque commanded on joint 6 too high (98.4285), saturating to max value(38.22)
WARNING : Torque commanded on joint 0 too low (-1095.43), saturating to min value(-120.54)
WARNING : Torque commanded on joint 1 too high (5210), saturating to max value(120.54)
WARNING : Torque commanded on joint 2 too high (1576.5), saturating to max value(62.72)
WARNING : Torque commanded on joint 3 too high (112.804), saturating to max value(62.72)
WARNING : Torque commanded on joint 6 too high (98.4285), saturating to max value(38.22)
WARNING : Torque commanded on joint 0 too low (-1095.39), saturating to min value(-120.54)
WARNING : Torque commanded on joint 1 too high (5210.02), saturating to max value(120.54)
WARNING : Torque commanded on joint 2 too high (1576.55), saturating to max value(62.72)
WARNING : Torque commanded on joint 3 too high (112.79), saturating to max value(62.72)
WARNING : Torque commanded on joint 6 too high (98.4299), saturating to max value(38.22)
WARNING : Torque commanded on joint 0 too low (-1095.46), saturating to min value(-120.54)
WARNING : Torque commanded on joint 1 too high (5210.07), saturating to max value(120.54)
WARNING : Torque commanded on joint 2 too high (1576.48), saturating to max value(62.72)
WARNING : Torque commanded on joint 3 too high (112.744), saturating to max value(62.72)
WARNING : Torque commanded on joint 6 too high (98.4292), saturating to max value(38.22)
WARNING : Torque commanded on joint 0 too low (-1095.45), saturating to min value(-120.54)
WARNING : Torque commanded on joint 1 too high (5209.86), saturating to max value(120.54)
WARNING : Torque commanded on joint 2 too high (1576.37), saturating to max value(62.72)
WARNING : Torque commanded on joint 3 too high (112.744), saturating to max value(62.72)
WARNING : Torque commanded on joint 6 too high (98.4236), saturating to max value(38.22)
WARNING : Torque commanded on joint 0 too low (-1095.45), saturating to min value(-120.54)
WARNING : Torque commanded on joint 1 too high (5209.86), saturating to max value(120.54)
WARNING : Torque commanded on joint 2 too high (1576.37), saturating to max value(62.72)
WARNING : Torque commanded on joint 3 too high (112.744), saturating to max value(62.72)
WARNING : Torque commanded on joint 6 too high (98.4236), saturating to max value(38.22)
WARNING : Torque commanded on joint 0 too low (-1095.49), saturating to min value(-120.54)
WARNING : Torque commanded on joint 1 too high (5209.37), saturating to max value(120.54)
WARNING : Torque commanded on joint 2 too high (1576.12), saturating to max value(62.72)
WARNING : Torque commanded on joint 3 too high (112.709), saturating to max value(62.72)
WARNING : Torque commanded on joint 6 too high (98.4142), saturating to max value(38.22)
WARNING : Torque commanded on joint 0 too low (-1095.49), saturating to min value(-120.54)
WARNING : Torque commanded on joint 1 too high (5209.37), saturating to max value(120.54)
WARNING : Torque commanded on joint 2 too high (1576.12), saturating to max value(62.72)
WARNING : Torque commanded on joint 3 too high (112.709), saturating to max value(62.72)
WARNING : Torque commanded on joint 6 too high (98.4142), saturating to max value(38.22)
WARNING : Torque commanded on joint 0 too low (-1095.55), saturating to min value(-120.54)
WARNING : Torque commanded on joint 1 too high (5209.65), saturating to max value(120.54)
WARNING : Torque commanded on joint 2 too high (1576.32), saturating to max value(62.72)
WARNING : Torque commanded on joint 3 too high (112.844), saturating to max value(62.72)
WARNING : Torque commanded on joint 6 too high (98.4247), saturating to max value(38.22)
WARNING : Torque commanded on joint 0 too low (-1095.55), saturating to min value(-120.54)
WARNING : Torque commanded on joint 1 too high (5209.65), saturating to max value(120.54)
WARNING : Torque commanded on joint 2 too high (1576.32), saturating to max value(62.72)
WARNING : Torque commanded on joint 3 too high (112.844), saturating to max value(62.72)
WARNING : Torque commanded on joint 6 too high (98.4247), saturating to max value(38.22)
WARNING : Torque commanded on joint 0 too low (-1095.39), saturating to min value(-120.54)
WARNING : Torque commanded on joint 1 too high (5209.31), saturating to max value(120.54)
WARNING : Torque commanded on joint 2 too high (1576.3), saturating to max value(62.72)
WARNING : Torque commanded on joint 3 too high (112.883), saturating to max value(62.72)
WARNING : Torque commanded on joint 6 too high (98.4191), saturating to max value(38.22)
WARNING : Torque commanded on joint 0 too low (-1095.39), saturating to min value(-120.54)
WARNING : Torque commanded on joint 1 too high (5209.31), saturating to max value(120.54)
WARNING : Torque commanded on joint 2 too high (1576.3), saturating to max value(62.72)
WARNING : Torque commanded on joint 3 too high (112.883), saturating to max value(62.72)
WARNING : Torque commanded on joint 6 too high (98.4191), saturating to max value(38.22)
WARNING : Torque commanded on joint 0 too low (-1095.32), saturating to min value(-120.54)
WARNING : Torque commanded on joint 1 too high (5209.62), saturating to max value(120.54)
WARNING : Torque commanded on joint 2 too high (1576.3), saturating to max value(62.72)
WARNING : Torque commanded on joint 3 too high (112.82), saturating to max value(62.72)
WARNING : Torque commanded on joint 6 too high (98.4227), saturating to max value(38.22)
WARNING : Torque commanded on joint 0 too low (-1095.32), saturating to min value(-120.54)
WARNING : Torque commanded on joint 1 too high (5209.62), saturating to max value(120.54)
WARNING : Torque commanded on joint 2 too high (1576.3), saturating to max value(62.72)
WARNING : Torque commanded on joint 3 too high (112.82), saturating to max value(62.72)
WARNING : Torque commanded on joint 6 too high (98.4227), saturating to max value(38.22)
WARNING : Torque commanded on joint 0 too low (-1095.26), saturating to min value(-120.54)
WARNING : Torque commanded on joint 1 too high (5210.04), saturating to max value(120.54)
WARNING : Torque commanded on joint 2 too high (1576.48), saturating to max value(62.72)
WARNING : Torque commanded on joint 3 too high (112.773), saturating to max value(62.72)
WARNING : Torque commanded on joint 6 too high (98.4296), saturating to max value(38.22)
WARNING : Torque commanded on joint 0 too low (-1095.26), saturating to min value(-120.54)
WARNING : Torque commanded on joint 1 too high (5210.04), saturating to max value(120.54)
WARNING : Torque commanded on joint 2 too high (1576.48), saturating to max value(62.72)
WARNING : Torque commanded on joint 3 too high (112.773), saturating to max value(62.72)
WARNING : Torque commanded on joint 6 too high (98.4296), saturating to max value(38.22)
Initial torque bias:   -0.0578862  3.96677e-05   -0.0147856     0.111029 -3.58285e-05    -0.112377     0.395168
WARNING : Torque commanded on joint 0 too low (-1095.31), saturating to min value(-120.54)
WARNING : Torque commanded on joint 1 too high (5210.94), saturating to max value(120.54)
WARNING : Torque commanded on joint 2 too high (1576.85), saturating to max value(62.72)
WARNING : Torque commanded on joint 3 too high (112.767), saturating to max value(62.72)
WARNING : Torque commanded on joint 6 too high (98.4468), saturating to max value(38.22)
WARNING : Torque commanded on joint 0 too low (-1095.31), saturating to min value(-120.54)
WARNING : Torque commanded on joint 1 too high (5210.94), saturating to max value(120.54)
WARNING : Torque commanded on joint 2 too high (1576.85), saturating to max value(62.72)
WARNING : Torque commanded on joint 3 too high (112.767), saturating to max value(62.72)
WARNING : Torque commanded on joint 6 too high (98.4468), saturating to max value(38.22)
WARNING : Torque commanded on joint 0 too low (-1095.25), saturating to min value(-120.54)
WARNING : Torque commanded on joint 1 too high (5210.17), saturating to max value(120.54)
WARNING : Torque commanded on joint 2 too high (1576.6), saturating to max value(62.72)
WARNING : Torque commanded on joint 3 too high (112.806), saturating to max value(62.72)
WARNING : Torque commanded on joint 6 too high (98.4342), saturating to max value(38.22)
WARNING : Torque commanded on joint 0 too low (-1095.25), saturating to min value(-120.54)
WARNING : Torque commanded on joint 1 too high (5210.17), saturating to max value(120.54)
WARNING : Torque commanded on joint 2 too high (1576.6), saturating to max value(62.72)
WARNING : Torque commanded on joint 3 too high (112.806), saturating to max value(62.72)
WARNING : Torque commanded on joint 6 too high (98.4342), saturating to max value(38.22)
WARNING : Torque commanded on joint 0 too low (-1095.49), saturating to min value(-120.54)
WARNING : Torque commanded on joint 1 too high (5210.23), saturating to max value(120.54)
WARNING : Torque commanded on joint 2 too high (1576.4), saturating to max value(62.72)
WARNING : Torque commanded on joint 3 too high (112.788), saturating to max value(62.72)
WARNING : Torque commanded on joint 6 too high (98.4324), saturating to max value(38.22)
WARNING : Torque commanded on joint 0 too low (-1095.49), saturating to min value(-120.54)
WARNING : Torque commanded on joint 1 too high (5210.23), saturating to max value(120.54)
WARNING : Torque commanded on joint 2 too high (1576.4), saturating to max value(62.72)
WARNING : Torque commanded on joint 3 too high (112.788), saturating to max value(62.72)
WARNING : Torque commanded on joint 6 too high (98.4324), saturating to max value(38.22)
WARNING : Torque commanded on joint 0 too low (-1095.41), saturating to min value(-120.54)
WARNING : Torque commanded on joint 1 too high (5210.23), saturating to max value(120.54)
WARNING : Torque commanded on joint 2 too high (1576.46), saturating to max value(62.72)
WARNING : Torque commanded on joint 3 too high (112.788), saturating to max value(62.72)
WARNING : Torque commanded on joint 6 too high (98.4331), saturating to max value(38.22)
WARNING : Torque commanded on joint 0 too low (-1095.28), saturating to min value(-120.54)
WARNING : Torque commanded on joint 1 too high (5209.82), saturating to max value(120.54)
WARNING : Torque commanded on joint 2 too high (1576.32), saturating to max value(62.72)
WARNING : Torque commanded on joint 3 too high (112.759), saturating to max value(62.72)
WARNING : Torque commanded on joint 6 too high (98.4225), saturating to max value(38.22)
WARNING : Torque commanded on joint 0 too low (-1095.28), saturating to min value(-120.54)
WARNING : Torque commanded on joint 1 too high (5209.82), saturating to max value(120.54)
WARNING : Torque commanded on joint 2 too high (1576.32), saturating to max value(62.72)
WARNING : Torque commanded on joint 3 too high (112.759), saturating to max value(62.72)
WARNING : Torque commanded on joint 6 too high (98.4225), saturating to max value(38.22)
WARNING : Torque commanded on joint 0 too low (-1095.28), saturating to min value(-120.54)
WARNING : Torque commanded on joint 1 too high (5209.82), saturating to max value(120.54)
WARNING : Torque commanded on joint 2 too high (1576.32), saturating to max value(62.72)
WARNING : Torque commanded on joint 3 too high (112.759), saturating to max value(62.72)
WARNING : Torque commanded on joint 6 too high (98.4225), saturating to max value(38.22)
WARNING : Torque commanded on joint 0 too low (-1095.45), saturating to min value(-120.54)
WARNING : Torque commanded on joint 1 too high (5203.97), saturating to max value(120.54)
WARNING : Torque commanded on joint 2 too high (1572.75), saturating to max value(62.72)
WARNING : Torque commanded on joint 3 too high (111.728), saturating to max value(62.72)
WARNING : Torque commanded on joint 6 too high (98.3513), saturating to max value(38.22)
WARNING : Torque commanded on joint 0 too low (-1095.45), saturating to min value(-120.54)
WARNING : Torque commanded on joint 1 too high (5203.97), saturating to max value(120.54)
WARNING : Torque commanded on joint 2 too high (1572.75), saturating to max value(62.72)
WARNING : Torque commanded on joint 3 too high (111.728), saturating to max value(62.72)
WARNING : Torque commanded on joint 6 too high (98.3513), saturating to max value(38.22)
WARNING : Torque commanded on joint 0 too low (-1089.46), saturating to min value(-120.54)
WARNING : Torque commanded on joint 1 too high (5173.32), saturating to max value(120.54)
WARNING : Torque commanded on joint 2 too high (1559.2), saturating to max value(62.72)
WARNING : Torque commanded on joint 3 too high (108.147), saturating to max value(62.72)
WARNING : Torque commanded on joint 6 too high (97.75), saturating to max value(38.22)
WARNING : Torque commanded on joint 0 too low (-1089.46), saturating to min value(-120.54)
WARNING : Torque commanded on joint 1 too high (5173.32), saturating to max value(120.54)
WARNING : Torque commanded on joint 2 too high (1559.2), saturating to max value(62.72)
WARNING : Torque commanded on joint 3 too high (108.147), saturating to max value(62.72)
WARNING : Torque commanded on joint 6 too high (97.75), saturating to max value(38.22)
WARNING : Torque commanded on joint 0 too low (-1077.9), saturating to min value(-120.54)
WARNING : Torque commanded on joint 1 too high (5113.93), saturating to max value(120.54)
WARNING : Torque commanded on joint 2 too high (1533.98), saturating to max value(62.72)
WARNING : Torque commanded on joint 3 too high (101.76), saturating to max value(62.72)
WARNING : Torque commanded on joint 6 too high (96.5235), saturating to max value(38.22)
WARNING : Torque commanded on joint 0 too low (-1070.71), saturating to min value(-120.54)
WARNING : Torque commanded on joint 1 too high (5075.35), saturating to max value(120.54)
WARNING : Torque commanded on joint 2 too high (1517.37), saturating to max value(62.72)
WARNING : Torque commanded on joint 3 too high (97.7203), saturating to max value(62.72)
WARNING : Torque commanded on joint 6 too high (95.7303), saturating to max value(38.22)
WARNING : Torque commanded on joint 0 too low (-1062.91), saturating to min value(-120.54)
WARNING : Torque commanded on joint 1 too high (5032.28), saturating to max value(120.54)
WARNING : Torque commanded on joint 2 too high (1498.95), saturating to max value(62.72)
WARNING : Torque commanded on joint 3 too high (93.1998), saturating to max value(62.72)
WARNING : Torque commanded on joint 6 too high (94.8541), saturating to max value(38.22)
WARNING : Torque commanded on joint 0 too low (-1062.91), saturating to min value(-120.54)
WARNING : Torque commanded on joint 1 too high (5032.28), saturating to max value(120.54)
WARNING : Torque commanded on joint 2 too high (1498.95), saturating to max value(62.72)
WARNING : Torque commanded on joint 3 too high (93.1998), saturating to max value(62.72)
WARNING : Torque commanded on joint 6 too high (94.8541), saturating to max value(38.22)
WARNING : Torque commanded on joint 0 too low (-1046.17), saturating to min value(-120.54)
WARNING : Torque commanded on joint 1 too high (4937.1), saturating to max value(120.54)
WARNING : Torque commanded on joint 2 too high (1458.7), saturating to max value(62.72)
WARNING : Torque commanded on joint 3 too high (83.2423), saturating to max value(62.72)
WARNING : Torque commanded on joint 6 too high (92.9622), saturating to max value(38.22)
WARNING : Torque commanded on joint 0 too low (-1046.17), saturating to min value(-120.54)
WARNING : Torque commanded on joint 1 too high (4937.1), saturating to max value(120.54)
WARNING : Torque commanded on joint 2 too high (1458.7), saturating to max value(62.72)
WARNING : Torque commanded on joint 3 too high (83.2423), saturating to max value(62.72)
WARNING : Torque commanded on joint 6 too high (92.9622), saturating to max value(38.22)
WARNING : Torque commanded on joint 0 too low (-1029.97), saturating to min value(-120.54)
WARNING : Torque commanded on joint 1 too high (4839.68), saturating to max value(120.54)
WARNING : Torque commanded on joint 2 too high (1416.67), saturating to max value(62.72)
WARNING : Torque commanded on joint 3 too high (72.4082), saturating to max value(62.72)
WARNING : Torque commanded on joint 6 too high (91.0742), saturating to max value(38.22)
WARNING : Torque commanded on joint 0 too low (-1021.56), saturating to min value(-120.54)
WARNING : Torque commanded on joint 1 too high (4790.16), saturating to max value(120.54)
WARNING : Torque commanded on joint 2 too high (1395.09), saturating to max value(62.72)
WARNING : Torque commanded on joint 3 too high (66.628), saturating to max value(62.72)
WARNING : Torque commanded on joint 6 too high (90.1138), saturating to max value(38.22)
WARNING : Torque commanded on joint 0 too low (-1013.59), saturating to min value(-120.54)
WARNING : Torque commanded on joint 1 too high (4741.47), saturating to max value(120.54)
WARNING : Torque commanded on joint 2 too high (1373.86), saturating to max value(62.72)
WARNING : Torque commanded on joint 6 too high (89.1825), saturating to max value(38.22)
WARNING : Torque commanded on joint 0 too low (-1005.8), saturating to min value(-120.54)
WARNING : Torque commanded on joint 1 too high (4695.65), saturating to max value(120.54)
WARNING : Torque commanded on joint 2 too high (1353.8), saturating to max value(62.72)
WARNING : Torque commanded on joint 6 too high (88.3275), saturating to max value(38.22)
WARNING : Torque commanded on joint 0 too low (-998.809), saturating to min value(-120.54)
WARNING : Torque commanded on joint 1 too high (4652.37), saturating to max value(120.54)
WARNING : Torque commanded on joint 2 too high (1334.41), saturating to max value(62.72)
WARNING : Torque commanded on joint 6 too high (87.5335), saturating to max value(38.22)
WARNING : Torque commanded on joint 0 too low (-992.324), saturating to min value(-120.54)
WARNING : Torque commanded on joint 1 too high (4610.68), saturating to max value(120.54)
WARNING : Torque commanded on joint 2 too high (1315.68), saturating to max value(62.72)
WARNING : Torque commanded on joint 6 too high (86.7781), saturating to max value(38.22)
WARNING : Torque commanded on joint 0 too low (-986.429), saturating to min value(-120.54)
WARNING : Torque commanded on joint 1 too high (4570.21), saturating to max value(120.54)
WARNING : Torque commanded on joint 2 too high (1296.62), saturating to max value(62.72)
WARNING : Torque commanded on joint 6 too high (86.0532), saturating to max value(38.22)
WARNING : Torque commanded on joint 0 too low (-986.429), saturating to min value(-120.54)
WARNING : Torque commanded on joint 1 too high (4570.21), saturating to max value(120.54)
WARNING : Torque commanded on joint 2 too high (1296.62), saturating to max value(62.72)
WARNING : Torque commanded on joint 6 too high (86.0532), saturating to max value(38.22)
530: Joint 6 State: Max Soft Vel
---
WARNING : Torque commanded on joint 0 too low (-977.56), saturating to min value(-120.54)
WARNING : Torque commanded on joint 1 too high (4491.19), saturating to max value(120.54)
WARNING : Torque commanded on joint 2 too high (1258.65), saturating to max value(62.72)
WARNING : Torque commanded on joint 6 too high (72.9283), saturating to max value(38.22)
531: Joint 6 State: Max Hard Vel
---
WARNING : Torque commanded on joint 0 too low (-977.56), saturating to min value(-120.54)
WARNING : Torque commanded on joint 1 too high (4491.19), saturating to max value(120.54)
WARNING : Torque commanded on joint 2 too high (1258.65), saturating to max value(62.72)
532: Joint 6 State: Max Hard Vel
---
WARNING : Torque commanded on joint 0 too low (-966.675), saturating to min value(-120.54)
WARNING : Torque commanded on joint 1 too high (4412.15), saturating to max value(120.54)
WARNING : Torque commanded on joint 2 too high (1222.64), saturating to max value(62.72)
533: Joint 6 State: Max Hard Vel
---
WARNING : Torque commanded on joint 0 too low (-966.675), saturating to min value(-120.54)
WARNING : Torque commanded on joint 1 too high (4412.15), saturating to max value(120.54)
WARNING : Torque commanded on joint 2 too high (1222.64), saturating to max value(62.72)
534: Joint 0 State: Min Soft Vel
---
534: Joint 2 State: Max Soft Vel
---
534: Joint 6 State: Max Hard Vel
---
WARNING : Torque commanded on joint 0 too low (-1356.3), saturating to min value(-120.54)
WARNING : Torque commanded on joint 1 too high (4327.67), saturating to max value(120.54)
WARNING : Torque commanded on joint 2 too high (1033.82), saturating to max value(62.72)
WARNING : Soft velocity limit violated on joint 6, engaging safety mode
535: Joint 0 State: Min Soft Vel
---
535: Joint 2 State: Max Soft Vel
---
535: Joint 6 State: Max Hard Vel
---
WARNING : Torque commanded on joint 0 too low (-1010.03), saturating to min value(-120.54)
WARNING : Torque commanded on joint 1 too high (4327.67), saturating to max value(120.54)
WARNING : Torque commanded on joint 2 too high (504.74), saturating to max value(62.72)
536: Joint 0 State: Min Soft Vel
---
536: Joint 2 State: Max Hard Vel
---
536: Joint 6 State: Max Hard Vel
---
WARNING : Torque commanded on joint 0 too low (-716.593), saturating to min value(-120.54)
WARNING : Torque commanded on joint 1 too high (4233.21), saturating to max value(120.54)
WARNING : Torque commanded on joint 2 too high (127.603), saturating to max value(62.72)
537: Joint 0 State: Min Soft Vel
---
537: Joint 2 State: Max Hard Vel
---
537: Joint 6 State: Max Hard Vel
---
WARNING : Torque commanded on joint 0 too low (-500.585), saturating to min value(-120.54)
WARNING : Torque commanded on joint 1 too high (4233.21), saturating to max value(120.54)
WARNING : Torque commanded on joint 2 too high (130.813), saturating to max value(62.72)
538: Joint 0 State: Min Hard Vel
---
538: Joint 2 State: Max Hard Vel
---
538: Joint 6 State: Max Hard Vel
---
WARNING : Torque commanded on joint 0 too low (-372.438), saturating to min value(-120.54)
WARNING : Torque commanded on joint 1 too high (4138.9), saturating to max value(120.54)
WARNING : Torque commanded on joint 2 too high (133.692), saturating to max value(62.72)
539: Joint 0 State: Min Hard Vel
---
539: Joint 2 State: Max Hard Vel
---
539: Joint 6 State: Max Hard Vel
---
WARNING : Torque commanded on joint 0 too low (-363.582), saturating to min value(-120.54)
WARNING : Torque commanded on joint 1 too high (4094.78), saturating to max value(120.54)
WARNING : Torque commanded on joint 2 too high (136.644), saturating to max value(62.72)
540: Joint 0 State: Min Hard Vel
---
540: Joint 2 State: Max Hard Vel
---
540: Joint 6 State: Max Hard Vel
---
WARNING : Torque commanded on joint 0 too low (-355.47), saturating to min value(-120.54)
WARNING : Torque commanded on joint 1 too high (4053.88), saturating to max value(120.54)
WARNING : Torque commanded on joint 2 too high (139.515), saturating to max value(62.72)
541: Joint 0 State: Min Hard Vel
---
541: Joint 2 State: Max Hard Vel
---
541: Joint 6 State: Max Hard Vel
---
WARNING : Torque commanded on joint 0 too low (-353.381), saturating to min value(-120.54)
WARNING : Torque commanded on joint 1 too high (4053.88), saturating to max value(120.54)
WARNING : Torque commanded on joint 2 too high (142.858), saturating to max value(62.72)
542: Joint 0 State: Min Hard Vel
---
542: Joint 2 State: Max Hard Vel
---
542: Joint 6 State: Max Hard Vel
---
WARNING : Torque commanded on joint 0 too low (-346.005), saturating to min value(-120.54)
WARNING : Torque commanded on joint 1 too high (4017.45), saturating to max value(120.54)
WARNING : Torque commanded on joint 2 too high (145.563), saturating to max value(62.72)
543: Joint 0 State: Min Hard Vel
---
543: Joint 2 State: Max Hard Vel
---
543: Joint 6 State: Max Hard Vel
---
WARNING : Torque commanded on joint 0 too low (-336.246), saturating to min value(-120.54)
WARNING : Torque commanded on joint 1 too high (3960), saturating to max value(120.54)
WARNING : Torque commanded on joint 2 too high (147.336), saturating to max value(62.72)
544: Joint 0 State: Min Hard Vel
---
544: Joint 2 State: Max Hard Vel
---
544: Joint 6 State: Max Hard Vel
---
WARNING : Torque commanded on joint 0 too low (-331.693), saturating to min value(-120.54)
WARNING : Torque commanded on joint 1 too high (3938.75), saturating to max value(120.54)
WARNING : Torque commanded on joint 2 too high (149.644), saturating to max value(62.72)
545: Joint 0 State: Min Hard Vel
---
545: Joint 2 State: Max Hard Vel
---
545: Joint 3 State: Max Soft Vel
---
545: Joint 6 State: Max Hard Vel
---
WARNING : Torque commanded on joint 0 too low (-377.664), saturating to min value(-120.54)
WARNING : Torque commanded on joint 1 too high (3926.16), saturating to max value(120.54)
WARNING : Torque commanded on joint 2 too low (-116.63), saturating to min value(-62.72)
WARNING : Torque commanded on joint 3 too low (-1274.85), saturating to min value(-62.72)
546: Joint 0 State: Min Hard Vel
---
546: Joint 2 State: Max Hard Vel
---
546: Joint 3 State: Max Soft Vel
---
546: Joint 6 State: Max Hard Vel
---
WARNING : Torque commanded on joint 0 too low (-378.448), saturating to min value(-120.54)
WARNING : Torque commanded on joint 1 too high (3921.29), saturating to max value(120.54)
WARNING : Torque commanded on joint 2 too low (-115.115), saturating to min value(-62.72)
WARNING : Torque commanded on joint 3 too low (-1267.73), saturating to min value(-62.72)
547: Joint 0 State: Min Hard Vel
---
547: Joint 2 State: Max Hard Vel
---
547: Joint 3 State: Max Soft Vel
---
547: Joint 6 State: Max Hard Vel
---
WARNING : Torque commanded on joint 0 too low (-380.96), saturating to min value(-120.54)
WARNING : Torque commanded on joint 1 too high (3927.54), saturating to max value(120.54)
WARNING : Torque commanded on joint 2 too low (-114.334), saturating to min value(-62.72)
WARNING : Torque commanded on joint 3 too low (-1265.63), saturating to min value(-62.72)
548: Joint 0 State: Min Hard Vel
---
548: Joint 2 State: Max Hard Vel
---
548: Joint 3 State: Max Soft Vel
---
548: Joint 6 State: Max Hard Vel
---
WARNING : Torque commanded on joint 0 too low (-384.249), saturating to min value(-120.54)
WARNING : Torque commanded on joint 1 too high (3941.59), saturating to max value(120.54)
WARNING : Torque commanded on joint 2 too low (-113.786), saturating to min value(-62.72)
WARNING : Torque commanded on joint 3 too low (-1268.24), saturating to min value(-62.72)
549: Joint 0 State: Min Hard Vel
---
549: Joint 2 State: Max Hard Vel
---
549: Joint 3 State: Max Soft Vel
---
549: Joint 6 State: Max Hard Vel
---
WARNING : Torque commanded on joint 0 too low (-388.27), saturating to min value(-120.54)
WARNING : Torque commanded on joint 1 too high (3961.05), saturating to max value(120.54)
WARNING : Torque commanded on joint 2 too low (-113.538), saturating to min value(-62.72)
WARNING : Torque commanded on joint 3 too low (-1273.01), saturating to min value(-62.72)
550: Joint 0 State: Min Hard Vel
---
550: Joint 2 State: Max Hard Vel
---
550: Joint 3 State: Max Soft Vel
---
550: Joint 6 State: Max Soft Vel
---
WARNING : Torque commanded on joint 0 too low (-392.636), saturating to min value(-120.54)
WARNING : Torque commanded on joint 1 too high (3982.92), saturating to max value(120.54)
WARNING : Torque commanded on joint 2 too low (-113.451), saturating to min value(-62.72)
WARNING : Torque commanded on joint 3 too low (-1277.71), saturating to min value(-62.72)
551: Joint 0 State: Min Hard Vel
---
551: Joint 2 State: Max Hard Vel
---
551: Joint 3 State: Max Soft Vel
---
551: Joint 6 State: Max Soft Vel
---
WARNING : Torque commanded on joint 0 too low (-397.501), saturating to min value(-120.54)
WARNING : Torque commanded on joint 1 too high (4008.05), saturating to max value(120.54)
WARNING : Torque commanded on joint 2 too low (-115.709), saturating to min value(-62.72)
WARNING : Torque commanded on joint 3 too low (-1281.89), saturating to min value(-62.72)
552: Joint 0 State: Min Hard Vel
---
552: Joint 2 State: Max Hard Vel
---
WARNING : Torque commanded on joint 0 too low (-145.507), saturating to min value(-120.54)
WARNING : Torque commanded on joint 1 too high (4032.56), saturating to max value(120.54)
WARNING : Torque commanded on joint 2 too high (333.538), saturating to max value(62.72)
WARNING : Torque commanded on joint 6 too high (82.7215), saturating to max value(38.22)
553: Joint 0 State: Min Hard Vel
---
553: Joint 2 State: Max Hard Vel
---
WARNING : Torque commanded on joint 0 too low (-143.719), saturating to min value(-120.54)
WARNING : Torque commanded on joint 1 too high (4032.56), saturating to max value(120.54)
WARNING : Torque commanded on joint 2 too high (336.489), saturating to max value(62.72)
WARNING : Torque commanded on joint 6 too high (82.7215), saturating to max value(38.22)
554: Joint 0 State: Min Soft Vel
---
554: Joint 2 State: Max Hard Vel
---
WARNING : Torque commanded on joint 0 too low (-209.25), saturating to min value(-120.54)
WARNING : Torque commanded on joint 1 too high (4074.52), saturating to max value(120.54)
WARNING : Torque commanded on joint 2 too high (343.386), saturating to max value(62.72)
WARNING : Torque commanded on joint 6 too high (84.79), saturating to max value(38.22)
555: Joint 0 State: Min Soft Vel
---
555: Joint 2 State: Max Hard Vel
---
WARNING : Torque commanded on joint 0 too low (-288.573), saturating to min value(-120.54)
WARNING : Torque commanded on joint 1 too high (4074.52), saturating to max value(120.54)
WARNING : Torque commanded on joint 2 too high (346.321), saturating to max value(62.72)
WARNING : Torque commanded on joint 6 too high (84.79), saturating to max value(38.22)
556: Joint 0 State: Min Soft Vel
---
556: Joint 2 State: Max Hard Vel
---
WARNING : Torque commanded on joint 0 too low (-390.83), saturating to min value(-120.54)
WARNING : Torque commanded on joint 1 too high (4107.61), saturating to max value(120.54)
WARNING : Torque commanded on joint 2 too high (353.037), saturating to max value(62.72)
WARNING : Torque commanded on joint 6 too high (86.6583), saturating to max value(38.22)
557: Joint 0 State: Min Soft Vel
---
557: Joint 2 State: Max Hard Vel
---
WARNING : Torque commanded on joint 0 too low (-489.937), saturating to min value(-120.54)
WARNING : Torque commanded on joint 1 too high (4121.08), saturating to max value(120.54)
WARNING : Torque commanded on joint 2 too high (357.757), saturating to max value(62.72)
WARNING : Torque commanded on joint 6 too high (87.5055), saturating to max value(38.22)
558: Joint 0 State: Min Soft Vel
---
558: Joint 2 State: Max Hard Vel
---
WARNING : Torque commanded on joint 0 too low (-603.73), saturating to min value(-120.54)
WARNING : Torque commanded on joint 1 too high (4133.62), saturating to max value(120.54)
WARNING : Torque commanded on joint 2 too high (362.474), saturating to max value(62.72)
WARNING : Torque commanded on joint 6 too high (88.324), saturating to max value(38.22)
559: Joint 0 State: Min Soft Vel
---
559: Joint 2 State: Max Hard Vel
---
WARNING : Torque commanded on joint 0 too low (-703.5), saturating to min value(-120.54)
WARNING : Torque commanded on joint 1 too high (4144.29), saturating to max value(120.54)
WARNING : Torque commanded on joint 2 too high (367.007), saturating to max value(62.72)
WARNING : Torque commanded on joint 6 too high (89.0804), saturating to max value(38.22)
560: Joint 0 State: Min Soft Vel
---
560: Joint 2 State: Max Hard Vel
---
WARNING : Torque commanded on joint 0 too low (-756.011), saturating to min value(-120.54)
WARNING : Torque commanded on joint 1 too high (4153.23), saturating to max value(120.54)
WARNING : Torque commanded on joint 2 too high (371.451), saturating to max value(62.72)
WARNING : Torque commanded on joint 6 too high (89.7877), saturating to max value(38.22)
561: Joint 0 State: Min Soft Vel
---
561: Joint 2 State: Max Hard Vel
---
WARNING : Torque commanded on joint 0 too low (-801.845), saturating to min value(-120.54)
WARNING : Torque commanded on joint 1 too high (4160.34), saturating to max value(120.54)
WARNING : Torque commanded on joint 2 too high (375.804), saturating to max value(62.72)
WARNING : Torque commanded on joint 6 too high (90.4589), saturating to max value(38.22)
562: Joint 0 State: Min Soft Vel
---
562: Joint 2 State: Max Soft Vel
---
WARNING : Torque commanded on joint 0 too low (-848.443), saturating to min value(-120.54)
WARNING : Torque commanded on joint 1 too high (4165.3), saturating to max value(120.54)
WARNING : Torque commanded on joint 2 too high (436.167), saturating to max value(62.72)
WARNING : Torque commanded on joint 6 too high (91.0834), saturating to max value(38.22)
563: Joint 0 State: Min Soft Vel
---
563: Joint 2 State: Max Soft Vel
---
WARNING : Torque commanded on joint 0 too low (-851.109), saturating to min value(-120.54)
WARNING : Torque commanded on joint 1 too high (4168.77), saturating to max value(120.54)
WARNING : Torque commanded on joint 2 too high (437.854), saturating to max value(62.72)
WARNING : Torque commanded on joint 6 too high (91.6729), saturating to max value(38.22)
564: Joint 0 State: Min Soft Vel
---
564: Joint 2 State: Max Soft Vel
---
WARNING : Torque commanded on joint 0 too low (-894.974), saturating to min value(-120.54)
WARNING : Torque commanded on joint 1 too high (4171.93), saturating to max value(120.54)
WARNING : Torque commanded on joint 2 too high (590.257), saturating to max value(62.72)
WARNING : Torque commanded on joint 6 too high (92.2462), saturating to max value(38.22)
565: Joint 0 State: Min Soft Vel
---
565: Joint 2 State: Max Soft Vel
---
WARNING : Torque commanded on joint 0 too low (-924.558), saturating to min value(-120.54)
WARNING : Torque commanded on joint 1 too high (4171.93), saturating to max value(120.54)
WARNING : Torque commanded on joint 2 too high (768.062), saturating to max value(62.72)
WARNING : Torque commanded on joint 6 too high (92.2462), saturating to max value(38.22)
566: Joint 0 State: Min Soft Vel
---
566: Joint 2 State: Max Soft Vel
---
WARNING : Torque commanded on joint 0 too low (-991.289), saturating to min value(-120.54)
WARNING : Torque commanded on joint 1 too high (4177.35), saturating to max value(120.54)
WARNING : Torque commanded on joint 2 too high (1008.03), saturating to max value(62.72)
WARNING : Torque commanded on joint 6 too high (93.3485), saturating to max value(38.22)
567: Joint 0 State: Min Soft Vel
---
567: Joint 2 State: Max Soft Vel
---
WARNING : Torque commanded on joint 0 too low (-1086.86), saturating to min value(-120.54)
WARNING : Torque commanded on joint 1 too high (4178.48), saturating to max value(120.54)
WARNING : Torque commanded on joint 2 too high (1272.34), saturating to max value(62.72)
WARNING : Torque commanded on joint 6 too high (93.87), saturating to max value(38.22)
568: Joint 0 State: Min Soft Vel
---
WARNING : Torque commanded on joint 0 too low (-282.436), saturating to min value(-120.54)
WARNING : Torque commanded on joint 1 too high (4178.52), saturating to max value(120.54)
WARNING : Torque commanded on joint 2 too high (1105.05), saturating to max value(62.72)
WARNING : Torque commanded on joint 6 too high (94.3703), saturating to max value(38.22)
WARNING : Torque commanded on joint 0 too low (-1117.06), saturating to min value(-120.54)
WARNING : Torque commanded on joint 1 too high (4178.17), saturating to max value(120.54)
WARNING : Torque commanded on joint 2 too high (1107.63), saturating to max value(62.72)
WARNING : Torque commanded on joint 6 too high (94.8582), saturating to max value(38.22)
WARNING : Torque commanded on joint 0 too low (-1117.64), saturating to min value(-120.54)
WARNING : Torque commanded on joint 1 too high (4176.76), saturating to max value(120.54)
WARNING : Torque commanded on joint 2 too high (1109.71), saturating to max value(62.72)
WARNING : Torque commanded on joint 6 too high (95.3147), saturating to max value(38.22)
WARNING : Torque commanded on joint 0 too low (-1117.55), saturating to min value(-120.54)
WARNING : Torque commanded on joint 1 too high (4174.05), saturating to max value(120.54)
WARNING : Torque commanded on joint 2 too high (1111.42), saturating to max value(62.72)
WARNING : Torque commanded on joint 6 too high (95.7333), saturating to max value(38.22)
WARNING : Torque commanded on joint 0 too low (-1116.75), saturating to min value(-120.54)
WARNING : Torque commanded on joint 1 too high (4171.05), saturating to max value(120.54)
WARNING : Torque commanded on joint 2 too high (1112.95), saturating to max value(62.72)
WARNING : Torque commanded on joint 6 too high (96.1336), saturating to max value(38.22)
WARNING : Torque commanded on joint 0 too low (-1115.64), saturating to min value(-120.54)
WARNING : Torque commanded on joint 1 too high (4167.44), saturating to max value(120.54)
WARNING : Torque commanded on joint 2 too high (1113.98), saturating to max value(62.72)
WARNING : Torque commanded on joint 6 too high (96.5121), saturating to max value(38.22)
WARNING : Torque commanded on joint 0 too low (-1114.3), saturating to min value(-120.54)
WARNING : Torque commanded on joint 1 too high (4161.96), saturating to max value(120.54)
WARNING : Torque commanded on joint 2 too high (1114.13), saturating to max value(62.72)
WARNING : Torque commanded on joint 6 too high (96.8452), saturating to max value(38.22)
WARNING : Torque commanded on joint 0 too low (-1112.73), saturating to min value(-120.54)
WARNING : Torque commanded on joint 1 too high (4154.87), saturating to max value(120.54)
WARNING : Torque commanded on joint 2 too high (1113.52), saturating to max value(62.72)
WARNING : Torque commanded on joint 6 too high (97.1498), saturating to max value(38.22)
WARNING : Torque commanded on joint 0 too low (-1110.82), saturating to min value(-120.54)
WARNING : Torque commanded on joint 1 too high (4146.59), saturating to max value(120.54)
WARNING : Torque commanded on joint 2 too high (1112.42), saturating to max value(62.72)
WARNING : Torque commanded on joint 6 too high (97.4301), saturating to max value(38.22)
WARNING : Torque commanded on joint 0 too low (-1108.78), saturating to min value(-120.54)
WARNING : Torque commanded on joint 1 too high (4136.44), saturating to max value(120.54)
WARNING : Torque commanded on joint 2 too high (1110.44), saturating to max value(62.72)
WARNING : Torque commanded on joint 6 too high (97.6651), saturating to max value(38.22)
WARNING : Torque commanded on joint 0 too low (-1106.06), saturating to min value(-120.54)
WARNING : Torque commanded on joint 1 too high (4124.64), saturating to max value(120.54)
WARNING : Torque commanded on joint 2 too high (1107.88), saturating to max value(62.72)
WARNING : Torque commanded on joint 6 too high (97.8663), saturating to max value(38.22)
WARNING : Torque commanded on joint 0 too low (-1103.24), saturating to min value(-120.54)
WARNING : Torque commanded on joint 1 too high (4112.02), saturating to max value(120.54)
WARNING : Torque commanded on joint 2 too high (1104.98), saturating to max value(62.72)
WARNING : Torque commanded on joint 6 too high (98.0531), saturating to max value(38.22)
WARNING : Torque commanded on joint 0 too low (-1099.91), saturating to min value(-120.54)
WARNING : Torque commanded on joint 1 too high (4099.01), saturating to max value(120.54)
WARNING : Torque commanded on joint 2 too high (1101.9), saturating to max value(62.72)
WARNING : Torque commanded on joint 6 too high (98.2326), saturating to max value(38.22)
WARNING : Torque commanded on joint 0 too low (-1096.71), saturating to min value(-120.54)
WARNING : Torque commanded on joint 1 too high (4085.9), saturating to max value(120.54)
WARNING : Torque commanded on joint 2 too high (1098.67), saturating to max value(62.72)
WARNING : Torque commanded on joint 6 too high (98.402), saturating to max value(38.22)
WARNING : Torque commanded on joint 0 too low (-1093.25), saturating to min value(-120.54)
WARNING : Torque commanded on joint 1 too high (4072.88), saturating to max value(120.54)
WARNING : Torque commanded on joint 2 too high (1095.24), saturating to max value(62.72)
WARNING : Torque commanded on joint 6 too high (98.5682), saturating to max value(38.22)
WARNING : Torque commanded on joint 0 too low (-1089.97), saturating to min value(-120.54)
WARNING : Torque commanded on joint 1 too high (4061.04), saturating to max value(120.54)
WARNING : Torque commanded on joint 2 too high (1091.94), saturating to max value(62.72)
WARNING : Torque commanded on joint 6 too high (98.7473), saturating to max value(38.22)
WARNING : Torque commanded on joint 0 too low (-1086.32), saturating to min value(-120.54)
WARNING : Torque commanded on joint 1 too high (4049.56), saturating to max value(120.54)
WARNING : Torque commanded on joint 2 too high (1088.67), saturating to max value(62.72)
WARNING : Torque commanded on joint 6 too high (98.9198), saturating to max value(38.22)
WARNING : Torque commanded on joint 0 too low (-1082.75), saturating to min value(-120.54)
WARNING : Torque commanded on joint 1 too high (4038.38), saturating to max value(120.54)
WARNING : Torque commanded on joint 2 too high (1085.39), saturating to max value(62.72)
WARNING : Torque commanded on joint 6 too high (99.0871), saturating to max value(38.22)
WARNING : Torque commanded on joint 0 too low (-1079), saturating to min value(-120.54)
WARNING : Torque commanded on joint 1 too high (4027.83), saturating to max value(120.54)
WARNING : Torque commanded on joint 2 too high (1082.31), saturating to max value(62.72)
WARNING : Torque commanded on joint 6 too high (99.2575), saturating to max value(38.22)
WARNING : Torque commanded on joint 0 too low (-1075.38), saturating to min value(-120.54)
WARNING : Torque commanded on joint 1 too high (4017.95), saturating to max value(120.54)
WARNING : Torque commanded on joint 2 too high (1079.08), saturating to max value(62.72)
WARNING : Torque commanded on joint 6 too high (99.4276), saturating to max value(38.22)
WARNING : Torque commanded on joint 0 too low (-1071.79), saturating to min value(-120.54)
WARNING : Torque commanded on joint 1 too high (4007.93), saturating to max value(120.54)
WARNING : Torque commanded on joint 2 too high (1075.73), saturating to max value(62.72)
WARNING : Torque commanded on joint 6 too high (99.584), saturating to max value(38.22)
WARNING : Torque commanded on joint 0 too low (-1068.4), saturating to min value(-120.54)
WARNING : Torque commanded on joint 1 too high (3997.94), saturating to max value(120.54)
WARNING : Torque commanded on joint 2 too high (1072.26), saturating to max value(62.72)
WARNING : Torque commanded on joint 6 too high (99.7345), saturating to max value(38.22)
WARNING : Torque commanded on joint 0 too low (-1065.24), saturating to min value(-120.54)
WARNING : Torque commanded on joint 1 too high (3988.41), saturating to max value(120.54)
WARNING : Torque commanded on joint 2 too high (1068.79), saturating to max value(62.72)
WARNING : Torque commanded on joint 6 too high (99.8851), saturating to max value(38.22)
WARNING : Torque commanded on joint 0 too low (-1061.87), saturating to min value(-120.54)
WARNING : Torque commanded on joint 1 too high (3978.76), saturating to max value(120.54)
WARNING : Torque commanded on joint 2 too high (1065.1), saturating to max value(62.72)
WARNING : Torque commanded on joint 6 too high (100.019), saturating to max value(38.22)
WARNING : Torque commanded on joint 0 too low (-1058.94), saturating to min value(-120.54)
WARNING : Torque commanded on joint 1 too high (3968.41), saturating to max value(120.54)
WARNING : Torque commanded on joint 2 too high (1060.85), saturating to max value(62.72)
WARNING : Torque commanded on joint 6 too high (100.125), saturating to max value(38.22)
WARNING : Torque commanded on joint 0 too low (-1058.94), saturating to min value(-120.54)
WARNING : Torque commanded on joint 1 too high (3968.41), saturating to max value(120.54)
WARNING : Torque commanded on joint 2 too high (1060.85), saturating to max value(62.72)
WARNING : Torque commanded on joint 6 too high (100.125), saturating to max value(38.22)
WARNING : Torque commanded on joint 0 too low (-1056.21), saturating to min value(-120.54)
WARNING : Torque commanded on joint 1 too high (3957.51), saturating to max value(120.54)
WARNING : Torque commanded on joint 2 too high (1056.29), saturating to max value(62.72)
WARNING : Torque commanded on joint 6 too high (100.213), saturating to max value(38.22)
WARNING : Torque commanded on joint 0 too low (-1050.3), saturating to min value(-120.54)
WARNING : Torque commanded on joint 1 too high (3934.51), saturating to max value(120.54)
WARNING : Torque commanded on joint 2 too high (1046.82), saturating to max value(62.72)
WARNING : Torque commanded on joint 6 too high (100.331), saturating to max value(38.22)
WARNING : Torque commanded on joint 0 too low (-1047.45), saturating to min value(-120.54)
WARNING : Torque commanded on joint 1 too high (3923.01), saturating to max value(120.54)
WARNING : Torque commanded on joint 2 too high (1042.06), saturating to max value(62.72)
WARNING : Torque commanded on joint 6 too high (100.378), saturating to max value(38.22)
WARNING : Torque commanded on joint 0 too low (-1044.74), saturating to min value(-120.54)
WARNING : Torque commanded on joint 1 too high (3911.35), saturating to max value(120.54)
WARNING : Torque commanded on joint 2 too high (1037.37), saturating to max value(62.72)
WARNING : Torque commanded on joint 6 too high (100.422), saturating to max value(38.22)
WARNING : Torque commanded on joint 0 too low (-1041.6), saturating to min value(-120.54)
WARNING : Torque commanded on joint 1 too high (3899.02), saturating to max value(120.54)
WARNING : Torque commanded on joint 2 too high (1032.9), saturating to max value(62.72)
WARNING : Torque commanded on joint 6 too high (100.453), saturating to max value(38.22)
WARNING : Torque commanded on joint 0 too low (-1038.43), saturating to min value(-120.54)
WARNING : Torque commanded on joint 1 too high (3887.01), saturating to max value(120.54)
WARNING : Torque commanded on joint 2 too high (1028.63), saturating to max value(62.72)
WARNING : Torque commanded on joint 6 too high (100.481), saturating to max value(38.22)
WARNING : Torque commanded on joint 0 too low (-1035.34), saturating to min value(-120.54)
WARNING : Torque commanded on joint 1 too high (3875.97), saturating to max value(120.54)
WARNING : Torque commanded on joint 2 too high (1024.52), saturating to max value(62.72)
WARNING : Torque commanded on joint 6 too high (100.517), saturating to max value(38.22)
WARNING : Torque commanded on joint 0 too low (-1032.64), saturating to min value(-120.54)
WARNING : Torque commanded on joint 1 too high (3866.19), saturating to max value(120.54)
WARNING : Torque commanded on joint 2 too high (1020.67), saturating to max value(62.72)
WARNING : Torque commanded on joint 6 too high (100.566), saturating to max value(38.22)
WARNING : Torque commanded on joint 0 too low (-1030.13), saturating to min value(-120.54)
WARNING : Torque commanded on joint 1 too high (3858.22), saturating to max value(120.54)
WARNING : Torque commanded on joint 2 too high (1017.27), saturating to max value(62.72)
WARNING : Torque commanded on joint 6 too high (100.641), saturating to max value(38.22)
WARNING : Torque commanded on joint 0 too low (-1028.12), saturating to min value(-120.54)
WARNING : Torque commanded on joint 1 too high (3851.66), saturating to max value(120.54)
WARNING : Torque commanded on joint 2 too high (1014.13), saturating to max value(62.72)
WARNING : Torque commanded on joint 6 too high (100.734), saturating to max value(38.22)
WARNING : Torque commanded on joint 0 too low (-1026.15), saturating to min value(-120.54)
WARNING : Torque commanded on joint 1 too high (3845.88), saturating to max value(120.54)
WARNING : Torque commanded on joint 2 too high (1011.26), saturating to max value(62.72)
WARNING : Torque commanded on joint 6 too high (100.831), saturating to max value(38.22)
WARNING : Torque commanded on joint 0 too low (-1024.2), saturating to min value(-120.54)
WARNING : Torque commanded on joint 1 too high (3840.74), saturating to max value(120.54)
WARNING : Torque commanded on joint 2 too high (1008.62), saturating to max value(62.72)
WARNING : Torque commanded on joint 6 too high (100.942), saturating to max value(38.22)
WARNING : Torque commanded on joint 0 too low (-1022.53), saturating to min value(-120.54)
WARNING : Torque commanded on joint 1 too high (3836.06), saturating to max value(120.54)
WARNING : Torque commanded on joint 2 too high (1006.25), saturating to max value(62.72)
WARNING : Torque commanded on joint 6 too high (101.058), saturating to max value(38.22)
WARNING : Torque commanded on joint 0 too low (-1022.53), saturating to min value(-120.54)
WARNING : Torque commanded on joint 1 too high (3836.06), saturating to max value(120.54)
WARNING : Torque commanded on joint 2 too high (1006.25), saturating to max value(62.72)
WARNING : Torque commanded on joint 6 too high (101.058), saturating to max value(38.22)
WARNING : Torque commanded on joint 0 too low (-1020.85), saturating to min value(-120.54)
WARNING : Torque commanded on joint 1 too high (3831.27), saturating to max value(120.54)
WARNING : Torque commanded on joint 2 too high (1003.69), saturating to max value(62.72)
WARNING : Torque commanded on joint 6 too high (101.161), saturating to max value(38.22)
WARNING : Torque commanded on joint 0 too low (-1017.65), saturating to min value(-120.54)
WARNING : Torque commanded on joint 1 too high (3820.76), saturating to max value(120.54)
WARNING : Torque commanded on joint 2 too high (998.552), saturating to max value(62.72)
WARNING : Torque commanded on joint 6 too high (101.34), saturating to max value(38.22)
WARNING : Torque commanded on joint 0 too low (-1015.97), saturating to min value(-120.54)
WARNING : Torque commanded on joint 1 too high (3814.84), saturating to max value(120.54)
WARNING : Torque commanded on joint 2 too high (996.082), saturating to max value(62.72)
WARNING : Torque commanded on joint 6 too high (101.417), saturating to max value(38.22)
WARNING : Torque commanded on joint 0 too low (-1014.06), saturating to min value(-120.54)
WARNING : Torque commanded on joint 1 too high (3808.8), saturating to max value(120.54)
WARNING : Torque commanded on joint 2 too high (993.681), saturating to max value(62.72)
WARNING : Torque commanded on joint 6 too high (101.491), saturating to max value(38.22)
WARNING : Torque commanded on joint 0 too low (-1012.48), saturating to min value(-120.54)
WARNING : Torque commanded on joint 1 too high (3802.93), saturating to max value(120.54)
WARNING : Torque commanded on joint 2 too high (991.305), saturating to max value(62.72)
WARNING : Torque commanded on joint 6 too high (101.571), saturating to max value(38.22)
WARNING : Torque commanded on joint 0 too low (-1011), saturating to min value(-120.54)
WARNING : Torque commanded on joint 1 too high (3797.13), saturating to max value(120.54)
WARNING : Torque commanded on joint 2 too high (988.933), saturating to max value(62.72)
WARNING : Torque commanded on joint 6 too high (101.646), saturating to max value(38.22)
WARNING : Torque commanded on joint 0 too low (-1009.24), saturating to min value(-120.54)
WARNING : Torque commanded on joint 1 too high (3791.38), saturating to max value(120.54)
WARNING : Torque commanded on joint 2 too high (986.721), saturating to max value(62.72)
WARNING : Torque commanded on joint 6 too high (101.717), saturating to max value(38.22)
WARNING : Torque commanded on joint 0 too low (-1007.42), saturating to min value(-120.54)
WARNING : Torque commanded on joint 1 too high (3785.38), saturating to max value(120.54)
WARNING : Torque commanded on joint 2 too high (984.502), saturating to max value(62.72)
WARNING : Torque commanded on joint 6 too high (101.782), saturating to max value(38.22)
WARNING : Torque commanded on joint 0 too low (-1005.33), saturating to min value(-120.54)
WARNING : Torque commanded on joint 1 too high (3779.19), saturating to max value(120.54)
WARNING : Torque commanded on joint 2 too high (982.31), saturating to max value(62.72)
WARNING : Torque commanded on joint 6 too high (101.841), saturating to max value(38.22)
WARNING : Torque commanded on joint 0 too low (-1005.33), saturating to min value(-120.54)
WARNING : Torque commanded on joint 1 too high (3779.19), saturating to max value(120.54)
WARNING : Torque commanded on joint 2 too high (982.31), saturating to max value(62.72)
WARNING : Torque commanded on joint 6 too high (101.841), saturating to max value(38.22)
WARNING : Torque commanded on joint 0 too low (-1001.8), saturating to min value(-120.54)
WARNING : Torque commanded on joint 1 too high (3766.99), saturating to max value(120.54)
WARNING : Torque commanded on joint 2 too high (977.877), saturating to max value(62.72)
WARNING : Torque commanded on joint 6 too high (101.967), saturating to max value(38.22)
WARNING : Torque commanded on joint 0 too low (-1000.08), saturating to min value(-120.54)
WARNING : Torque commanded on joint 1 too high (3760.84), saturating to max value(120.54)
WARNING : Torque commanded on joint 2 too high (975.6), saturating to max value(62.72)
WARNING : Torque commanded on joint 6 too high (102.025), saturating to max value(38.22)
WARNING : Torque commanded on joint 0 too low (-998.274), saturating to min value(-120.54)
WARNING : Torque commanded on joint 1 too high (3754.15), saturating to max value(120.54)
WARNING : Torque commanded on joint 2 too high (973.215), saturating to max value(62.72)
WARNING : Torque commanded on joint 6 too high (102.073), saturating to max value(38.22)
WARNING : Torque commanded on joint 0 too low (-996.3), saturating to min value(-120.54)
WARNING : Torque commanded on joint 1 too high (3747.42), saturating to max value(120.54)
WARNING : Torque commanded on joint 2 too high (970.877), saturating to max value(62.72)
WARNING : Torque commanded on joint 6 too high (102.114), saturating to max value(38.22)
WARNING : Torque commanded on joint 0 too low (-994.487), saturating to min value(-120.54)
WARNING : Torque commanded on joint 1 too high (3740.69), saturating to max value(120.54)
WARNING : Torque commanded on joint 2 too high (968.66), saturating to max value(62.72)
WARNING : Torque commanded on joint 6 too high (102.162), saturating to max value(38.22)
WARNING : Torque commanded on joint 0 too low (-992.456), saturating to min value(-120.54)
WARNING : Torque commanded on joint 1 too high (3734.21), saturating to max value(120.54)
WARNING : Torque commanded on joint 2 too high (966.334), saturating to max value(62.72)
WARNING : Torque commanded on joint 6 too high (102.206), saturating to max value(38.22)
WARNING : Torque commanded on joint 0 too low (-990.573), saturating to min value(-120.54)
WARNING : Torque commanded on joint 1 too high (3727.99), saturating to max value(120.54)
WARNING : Torque commanded on joint 2 too high (963.972), saturating to max value(62.72)
WARNING : Torque commanded on joint 6 too high (102.253), saturating to max value(38.22)
WARNING : Torque commanded on joint 0 too low (-988.853), saturating to min value(-120.54)
WARNING : Torque commanded on joint 1 too high (3721.57), saturating to max value(120.54)
WARNING : Torque commanded on joint 2 too high (961.427), saturating to max value(62.72)
WARNING : Torque commanded on joint 6 too high (102.295), saturating to max value(38.22)
WARNING : Torque commanded on joint 0 too low (-986.949), saturating to min value(-120.54)
WARNING : Torque commanded on joint 1 too high (3714.83), saturating to max value(120.54)
WARNING : Torque commanded on joint 2 too high (958.89), saturating to max value(62.72)
WARNING : Torque commanded on joint 6 too high (102.33), saturating to max value(38.22)
WARNING : Torque commanded on joint 0 too low (-984.843), saturating to min value(-120.54)
WARNING : Torque commanded on joint 1 too high (3707.85), saturating to max value(120.54)
WARNING : Torque commanded on joint 2 too high (956.353), saturating to max value(62.72)
WARNING : Torque commanded on joint 6 too high (102.363), saturating to max value(38.22)
WARNING : Torque commanded on joint 0 too low (-982.765), saturating to min value(-120.54)
WARNING : Torque commanded on joint 1 too high (3700.85), saturating to max value(120.54)
WARNING : Torque commanded on joint 2 too high (953.77), saturating to max value(62.72)
WARNING : Torque commanded on joint 6 too high (102.392), saturating to max value(38.22)
WARNING : Torque commanded on joint 0 too low (-980.394), saturating to min value(-120.54)
WARNING : Torque commanded on joint 1 too high (3694.07), saturating to max value(120.54)
WARNING : Torque commanded on joint 2 too high (951.366), saturating to max value(62.72)
WARNING : Torque commanded on joint 6 too high (102.428), saturating to max value(38.22)
WARNING : Torque commanded on joint 0 too low (-978.226), saturating to min value(-120.54)
WARNING : Torque commanded on joint 1 too high (3687.29), saturating to max value(120.54)
WARNING : Torque commanded on joint 2 too high (948.938), saturating to max value(62.72)
WARNING : Torque commanded on joint 6 too high (102.466), saturating to max value(38.22)
WARNING : Torque commanded on joint 0 too low (-975.916), saturating to min value(-120.54)
WARNING : Torque commanded on joint 1 too high (3680.61), saturating to max value(120.54)
WARNING : Torque commanded on joint 2 too high (946.5), saturating to max value(62.72)
WARNING : Torque commanded on joint 6 too high (102.504), saturating to max value(38.22)
WARNING : Torque commanded on joint 0 too low (-973.705), saturating to min value(-120.54)
WARNING : Torque commanded on joint 1 too high (3673.87), saturating to max value(120.54)
WARNING : Torque commanded on joint 2 too high (944.055), saturating to max value(62.72)
WARNING : Torque commanded on joint 6 too high (102.542), saturating to max value(38.22)
WARNING : Torque commanded on joint 0 too low (-971.301), saturating to min value(-120.54)
WARNING : Torque commanded on joint 1 too high (3667.27), saturating to max value(120.54)
WARNING : Torque commanded on joint 2 too high (941.652), saturating to max value(62.72)
WARNING : Torque commanded on joint 6 too high (102.581), saturating to max value(38.22)
WARNING : Torque commanded on joint 0 too low (-969.092), saturating to min value(-120.54)
WARNING : Torque commanded on joint 1 too high (3661.35), saturating to max value(120.54)
WARNING : Torque commanded on joint 2 too high (939.256), saturating to max value(62.72)
WARNING : Torque commanded on joint 6 too high (102.632), saturating to max value(38.22)
WARNING : Torque commanded on joint 0 too low (-966.663), saturating to min value(-120.54)
WARNING : Torque commanded on joint 1 too high (3654.85), saturating to max value(120.54)
WARNING : Torque commanded on joint 2 too high (936.836), saturating to max value(62.72)
WARNING : Torque commanded on joint 6 too high (102.674), saturating to max value(38.22)
WARNING : Torque commanded on joint 0 too low (-964.223), saturating to min value(-120.54)
WARNING : Torque commanded on joint 1 too high (3647.88), saturating to max value(120.54)
WARNING : Torque commanded on joint 2 too high (934.325), saturating to max value(62.72)
WARNING : Torque commanded on joint 6 too high (102.707), saturating to max value(38.22)
WARNING : Torque commanded on joint 0 too low (-961.603), saturating to min value(-120.54)
WARNING : Torque commanded on joint 1 too high (3640.43), saturating to max value(120.54)
WARNING : Torque commanded on joint 2 too high (931.71), saturating to max value(62.72)
WARNING : Torque commanded on joint 6 too high (102.738), saturating to max value(38.22)
WARNING : Torque commanded on joint 0 too low (-959.114), saturating to min value(-120.54)
WARNING : Torque commanded on joint 1 too high (3632.86), saturating to max value(120.54)
WARNING : Torque commanded on joint 2 too high (929.174), saturating to max value(62.72)
WARNING : Torque commanded on joint 6 too high (102.774), saturating to max value(38.22)
WARNING : Torque commanded on joint 0 too low (-956.305), saturating to min value(-120.54)
WARNING : Torque commanded on joint 1 too high (3625.2), saturating to max value(120.54)
WARNING : Torque commanded on joint 2 too high (926.65), saturating to max value(62.72)
WARNING : Torque commanded on joint 6 too high (102.809), saturating to max value(38.22)
WARNING : Torque commanded on joint 0 too low (-953.538), saturating to min value(-120.54)
WARNING : Torque commanded on joint 1 too high (3617.41), saturating to max value(120.54)
WARNING : Torque commanded on joint 2 too high (924.058), saturating to max value(62.72)
WARNING : Torque commanded on joint 6 too high (102.833), saturating to max value(38.22)
WARNING : Torque commanded on joint 0 too low (-953.538), saturating to min value(-120.54)
WARNING : Torque commanded on joint 1 too high (3617.41), saturating to max value(120.54)
WARNING : Torque commanded on joint 2 too high (924.058), saturating to max value(62.72)
WARNING : Torque commanded on joint 6 too high (102.833), saturating to max value(38.22)
WARNING : Torque commanded on joint 0 too low (-947.766), saturating to min value(-120.54)
WARNING : Torque commanded on joint 1 too high (3601.74), saturating to max value(120.54)
WARNING : Torque commanded on joint 2 too high (918.878), saturating to max value(62.72)
WARNING : Torque commanded on joint 6 too high (102.882), saturating to max value(38.22)
WARNING : Torque commanded on joint 0 too low (-944.905), saturating to min value(-120.54)
WARNING : Torque commanded on joint 1 too high (3594.12), saturating to max value(120.54)
WARNING : Torque commanded on joint 2 too high (916.314), saturating to max value(62.72)
WARNING : Torque commanded on joint 6 too high (102.909), saturating to max value(38.22)
WARNING : Torque commanded on joint 0 too low (-942.186), saturating to min value(-120.54)
WARNING : Torque commanded on joint 1 too high (3586.71), saturating to max value(120.54)
WARNING : Torque commanded on joint 2 too high (913.736), saturating to max value(62.72)
WARNING : Torque commanded on joint 6 too high (102.939), saturating to max value(38.22)
WARNING : Torque commanded on joint 0 too low (-939.362), saturating to min value(-120.54)
WARNING : Torque commanded on joint 1 too high (3579.52), saturating to max value(120.54)
WARNING : Torque commanded on joint 2 too high (911.09), saturating to max value(62.72)
WARNING : Torque commanded on joint 6 too high (102.968), saturating to max value(38.22)
WARNING : Torque commanded on joint 0 too low (-936.609), saturating to min value(-120.54)
WARNING : Torque commanded on joint 1 too high (3572.34), saturating to max value(120.54)
WARNING : Torque commanded on joint 2 too high (908.461), saturating to max value(62.72)
WARNING : Torque commanded on joint 6 too high (102.995), saturating to max value(38.22)
WARNING : Torque commanded on joint 0 too low (-933.827), saturating to min value(-120.54)
WARNING : Torque commanded on joint 1 too high (3565.12), saturating to max value(120.54)
WARNING : Torque commanded on joint 2 too high (905.91), saturating to max value(62.72)
WARNING : Torque commanded on joint 6 too high (103.019), saturating to max value(38.22)
WARNING : Torque commanded on joint 0 too low (-930.792), saturating to min value(-120.54)
WARNING : Torque commanded on joint 1 too high (3557.68), saturating to max value(120.54)
WARNING : Torque commanded on joint 2 too high (903.328), saturating to max value(62.72)
WARNING : Torque commanded on joint 6 too high (103.037), saturating to max value(38.22)
WARNING : Torque commanded on joint 0 too low (-927.82), saturating to min value(-120.54)
WARNING : Torque commanded on joint 1 too high (3550.27), saturating to max value(120.54)
WARNING : Torque commanded on joint 2 too high (900.689), saturating to max value(62.72)
WARNING : Torque commanded on joint 6 too high (103.054), saturating to max value(38.22)
WARNING : Torque commanded on joint 0 too low (-924.908), saturating to min value(-120.54)
WARNING : Torque commanded on joint 1 too high (3543.13), saturating to max value(120.54)
WARNING : Torque commanded on joint 2 too high (898.116), saturating to max value(62.72)
WARNING : Torque commanded on joint 6 too high (103.079), saturating to max value(38.22)
WARNING : Torque commanded on joint 0 too low (-922.191), saturating to min value(-120.54)
WARNING : Torque commanded on joint 1 too high (3536.07), saturating to max value(120.54)
WARNING : Torque commanded on joint 2 too high (895.483), saturating to max value(62.72)
WARNING : Torque commanded on joint 6 too high (103.1), saturating to max value(38.22)
WARNING : Torque commanded on joint 0 too low (-919.681), saturating to min value(-120.54)
WARNING : Torque commanded on joint 1 too high (3529.34), saturating to max value(120.54)
WARNING : Torque commanded on joint 2 too high (892.85), saturating to max value(62.72)
WARNING : Torque commanded on joint 6 too high (103.126), saturating to max value(38.22)
WARNING : Torque commanded on joint 0 too low (-917.007), saturating to min value(-120.54)
WARNING : Torque commanded on joint 1 too high (3522.8), saturating to max value(120.54)
WARNING : Torque commanded on joint 2 too high (890.293), saturating to max value(62.72)
WARNING : Torque commanded on joint 6 too high (103.156), saturating to max value(38.22)
WARNING : Torque commanded on joint 0 too low (-914.37), saturating to min value(-120.54)
WARNING : Torque commanded on joint 1 too high (3516.28), saturating to max value(120.54)
WARNING : Torque commanded on joint 2 too high (887.843), saturating to max value(62.72)
WARNING : Torque commanded on joint 6 too high (103.186), saturating to max value(38.22)
WARNING : Torque commanded on joint 0 too low (-911.728), saturating to min value(-120.54)
WARNING : Torque commanded on joint 1 too high (3509.3), saturating to max value(120.54)
WARNING : Torque commanded on joint 2 too high (885.137), saturating to max value(62.72)
WARNING : Torque commanded on joint 6 too high (103.206), saturating to max value(38.22)
WARNING : Torque commanded on joint 0 too low (-909.376), saturating to min value(-120.54)
WARNING : Torque commanded on joint 1 too high (3502.19), saturating to max value(120.54)
WARNING : Torque commanded on joint 2 too high (882.357), saturating to max value(62.72)
WARNING : Torque commanded on joint 6 too high (103.219), saturating to max value(38.22)
WARNING : Torque commanded on joint 0 too low (-906.876), saturating to min value(-120.54)
WARNING : Torque commanded on joint 1 too high (3495.27), saturating to max value(120.54)
WARNING : Torque commanded on joint 2 too high (879.64), saturating to max value(62.72)
WARNING : Torque commanded on joint 6 too high (103.23), saturating to max value(38.22)
WARNING : Torque commanded on joint 0 too low (-904.415), saturating to min value(-120.54)
WARNING : Torque commanded on joint 1 too high (3487.98), saturating to max value(120.54)
WARNING : Torque commanded on joint 2 too high (876.92), saturating to max value(62.72)
WARNING : Torque commanded on joint 6 too high (103.234), saturating to max value(38.22)
WARNING : Torque commanded on joint 0 too low (-901.715), saturating to min value(-120.54)
WARNING : Torque commanded on joint 1 too high (3480.43), saturating to max value(120.54)
WARNING : Torque commanded on joint 2 too high (874.101), saturating to max value(62.72)
WARNING : Torque commanded on joint 6 too high (103.23), saturating to max value(38.22)
WARNING : Torque commanded on joint 0 too low (-899.494), saturating to min value(-120.54)
WARNING : Torque commanded on joint 1 too high (3473.6), saturating to max value(120.54)
WARNING : Torque commanded on joint 2 too high (871.284), saturating to max value(62.72)
WARNING : Torque commanded on joint 6 too high (103.24), saturating to max value(38.22)
WARNING : Torque commanded on joint 0 too low (-897.447), saturating to min value(-120.54)
WARNING : Torque commanded on joint 1 too high (3467.32), saturating to max value(120.54)
WARNING : Torque commanded on joint 2 too high (868.605), saturating to max value(62.72)
WARNING : Torque commanded on joint 6 too high (103.258), saturating to max value(38.22)
WARNING : Torque commanded on joint 0 too low (-895.267), saturating to min value(-120.54)
WARNING : Torque commanded on joint 1 too high (3461.77), saturating to max value(120.54)
WARNING : Torque commanded on joint 2 too high (866.111), saturating to max value(62.72)
WARNING : Torque commanded on joint 6 too high (103.286), saturating to max value(38.22)
WARNING : Torque commanded on joint 0 too low (-893.053), saturating to min value(-120.54)
WARNING : Torque commanded on joint 1 too high (3456.49), saturating to max value(120.54)
WARNING : Torque commanded on joint 2 too high (863.803), saturating to max value(62.72)
WARNING : Torque commanded on joint 6 too high (103.312), saturating to max value(38.22)
WARNING : Torque commanded on joint 0 too low (-890.957), saturating to min value(-120.54)
WARNING : Torque commanded on joint 1 too high (3451.76), saturating to max value(120.54)
WARNING : Torque commanded on joint 2 too high (861.541), saturating to max value(62.72)
WARNING : Torque commanded on joint 6 too high (103.347), saturating to max value(38.22)
WARNING : Torque commanded on joint 0 too low (-888.826), saturating to min value(-120.54)
WARNING : Torque commanded on joint 1 too high (3447.57), saturating to max value(120.54)
WARNING : Torque commanded on joint 2 too high (859.447), saturating to max value(62.72)
WARNING : Torque commanded on joint 6 too high (103.383), saturating to max value(38.22)
WARNING : Torque commanded on joint 0 too low (-886.899), saturating to min value(-120.54)
WARNING : Torque commanded on joint 1 too high (3443.67), saturating to max value(120.54)
WARNING : Torque commanded on joint 2 too high (857.471), saturating to max value(62.72)
WARNING : Torque commanded on joint 6 too high (103.429), saturating to max value(38.22)
WARNING : Torque commanded on joint 0 too low (-884.846), saturating to min value(-120.54)
WARNING : Torque commanded on joint 1 too high (3439.9), saturating to max value(120.54)
WARNING : Torque commanded on joint 2 too high (855.628), saturating to max value(62.72)
WARNING : Torque commanded on joint 6 too high (103.477), saturating to max value(38.22)
WARNING : Torque commanded on joint 0 too low (-882.945), saturating to min value(-120.54)
WARNING : Torque commanded on joint 1 too high (3436.11), saturating to max value(120.54)
WARNING : Torque commanded on joint 2 too high (853.76), saturating to max value(62.72)
WARNING : Torque commanded on joint 6 too high (103.517), saturating to max value(38.22)
WARNING : Torque commanded on joint 0 too low (-880.816), saturating to min value(-120.54)
WARNING : Torque commanded on joint 1 too high (3432.25), saturating to max value(120.54)
WARNING : Torque commanded on joint 2 too high (851.996), saturating to max value(62.72)
WARNING : Torque commanded on joint 6 too high (103.556), saturating to max value(38.22)
WARNING : Torque commanded on joint 0 too low (-880.816), saturating to min value(-120.54)
WARNING : Torque commanded on joint 1 too high (3432.25), saturating to max value(120.54)
WARNING : Torque commanded on joint 2 too high (851.996), saturating to max value(62.72)
WARNING : Torque commanded on joint 6 too high (103.556), saturating to max value(38.22)
WARNING : Torque commanded on joint 0 too low (-876.474), saturating to min value(-120.54)
WARNING : Torque commanded on joint 1 too high (3423.63), saturating to max value(120.54)
WARNING : Torque commanded on joint 2 too high (848.415), saturating to max value(62.72)
WARNING : Torque commanded on joint 6 too high (103.615), saturating to max value(38.22)
WARNING : Torque commanded on joint 0 too low (-874.349), saturating to min value(-120.54)
WARNING : Torque commanded on joint 1 too high (3419.14), saturating to max value(120.54)
WARNING : Torque commanded on joint 2 too high (846.544), saturating to max value(62.72)
WARNING : Torque commanded on joint 6 too high (103.635), saturating to max value(38.22)
WARNING : Torque commanded on joint 0 too low (-872.345), saturating to min value(-120.54)
WARNING : Torque commanded on joint 1 too high (3414.87), saturating to max value(120.54)
WARNING : Torque commanded on joint 2 too high (844.606), saturating to max value(62.72)
WARNING : Torque commanded on joint 6 too high (103.655), saturating to max value(38.22)
WARNING : Torque commanded on joint 0 too low (-872.345), saturating to min value(-120.54)
WARNING : Torque commanded on joint 1 too high (3414.87), saturating to max value(120.54)
WARNING : Torque commanded on joint 2 too high (844.606), saturating to max value(62.72)
WARNING : Torque commanded on joint 6 too high (103.655), saturating to max value(38.22)
WARNING : Torque commanded on joint 0 too low (-872.345), saturating to min value(-120.54)
WARNING : Torque commanded on joint 1 too high (3414.87), saturating to max value(120.54)
WARNING : Torque commanded on joint 2 too high (844.606), saturating to max value(62.72)
WARNING : Torque commanded on joint 6 too high (103.655), saturating to max value(38.22)
WARNING : Torque commanded on joint 0 too low (-866.802), saturating to min value(-120.54)
WARNING : Torque commanded on joint 1 too high (3402.05), saturating to max value(120.54)
WARNING : Torque commanded on joint 2 too high (839.117), saturating to max value(62.72)
WARNING : Torque commanded on joint 6 too high (103.726), saturating to max value(38.22)
WARNING : Torque commanded on joint 0 too low (-864.848), saturating to min value(-120.54)
WARNING : Torque commanded on joint 1 too high (3397.55), saturating to max value(120.54)
WARNING : Torque commanded on joint 2 too high (837.328), saturating to max value(62.72)
WARNING : Torque commanded on joint 6 too high (103.745), saturating to max value(38.22)
WARNING : Torque commanded on joint 0 too low (-862.972), saturating to min value(-120.54)
WARNING : Torque commanded on joint 1 too high (3393.26), saturating to max value(120.54)
WARNING : Torque commanded on joint 2 too high (835.528), saturating to max value(62.72)
WARNING : Torque commanded on joint 6 too high (103.762), saturating to max value(38.22)
WARNING : Torque commanded on joint 0 too low (-861.136), saturating to min value(-120.54)
WARNING : Torque commanded on joint 1 too high (3389.22), saturating to max value(120.54)
WARNING : Torque commanded on joint 2 too high (833.797), saturating to max value(62.72)
WARNING : Torque commanded on joint 6 too high (103.785), saturating to max value(38.22)
WARNING : Torque commanded on joint 0 too low (-859.469), saturating to min value(-120.54)
WARNING : Torque commanded on joint 1 too high (3385.04), saturating to max value(120.54)
WARNING : Torque commanded on joint 2 too high (832.003), saturating to max value(62.72)
WARNING : Torque commanded on joint 6 too high (103.802), saturating to max value(38.22)
WARNING : Torque commanded on joint 0 too low (-857.965), saturating to min value(-120.54)
WARNING : Torque commanded on joint 1 too high (3381.35), saturating to max value(120.54)
WARNING : Torque commanded on joint 2 too high (830.307), saturating to max value(62.72)
WARNING : Torque commanded on joint 6 too high (103.83), saturating to max value(38.22)
WARNING : Torque commanded on joint 0 too low (-856.368), saturating to min value(-120.54)
WARNING : Torque commanded on joint 1 too high (3377.98), saturating to max value(120.54)
WARNING : Torque commanded on joint 2 too high (828.679), saturating to max value(62.72)
WARNING : Torque commanded on joint 6 too high (103.861), saturating to max value(38.22)
WARNING : Torque commanded on joint 0 too low (-854.671), saturating to min value(-120.54)
WARNING : Torque commanded on joint 1 too high (3374.44), saturating to max value(120.54)
WARNING : Torque commanded on joint 2 too high (827.102), saturating to max value(62.72)
WARNING : Torque commanded on joint 6 too high (103.888), saturating to max value(38.22)
WARNING : Torque commanded on joint 0 too low (-852.889), saturating to min value(-120.54)
WARNING : Torque commanded on joint 1 too high (3370.53), saturating to max value(120.54)
WARNING : Torque commanded on joint 2 too high (825.428), saturating to max value(62.72)
WARNING : Torque commanded on joint 6 too high (103.91), saturating to max value(38.22)
WARNING : Torque commanded on joint 0 too low (-851.299), saturating to min value(-120.54)
WARNING : Torque commanded on joint 1 too high (3366.36), saturating to max value(120.54)
WARNING : Torque commanded on joint 2 too high (823.736), saturating to max value(62.72)
WARNING : Torque commanded on joint 6 too high (103.928), saturating to max value(38.22)
WARNING : Torque commanded on joint 0 too low (-849.598), saturating to min value(-120.54)
WARNING : Torque commanded on joint 1 too high (3362.12), saturating to max value(120.54)
WARNING : Torque commanded on joint 2 too high (822.013), saturating to max value(62.72)
WARNING : Torque commanded on joint 6 too high (103.941), saturating to max value(38.22)
WARNING : Torque commanded on joint 0 too low (-847.797), saturating to min value(-120.54)
WARNING : Torque commanded on joint 1 too high (3357.95), saturating to max value(120.54)
WARNING : Torque commanded on joint 2 too high (820.363), saturating to max value(62.72)
WARNING : Torque commanded on joint 6 too high (103.956), saturating to max value(38.22)
WARNING : Torque commanded on joint 0 too low (-846.286), saturating to min value(-120.54)
WARNING : Torque commanded on joint 1 too high (3353.97), saturating to max value(120.54)
WARNING : Torque commanded on joint 2 too high (818.667), saturating to max value(62.72)
WARNING : Torque commanded on joint 6 too high (103.969), saturating to max value(38.22)
WARNING : Torque commanded on joint 0 too low (-844.69), saturating to min value(-120.54)
WARNING : Torque commanded on joint 1 too high (3350.25), saturating to max value(120.54)
WARNING : Torque commanded on joint 2 too high (816.948), saturating to max value(62.72)
WARNING : Torque commanded on joint 6 too high (103.987), saturating to max value(38.22)
WARNING : Torque commanded on joint 0 too low (-843.311), saturating to min value(-120.54)
WARNING : Torque commanded on joint 1 too high (3346.63), saturating to max value(120.54)
WARNING : Torque commanded on joint 2 too high (815.317), saturating to max value(62.72)
WARNING : Torque commanded on joint 6 too high (104.008), saturating to max value(38.22)
WARNING : Torque commanded on joint 0 too low (-841.907), saturating to min value(-120.54)
WARNING : Torque commanded on joint 1 too high (3342.73), saturating to max value(120.54)
WARNING : Torque commanded on joint 2 too high (813.557), saturating to max value(62.72)
WARNING : Torque commanded on joint 6 too high (104.025), saturating to max value(38.22)
WARNING : Torque commanded on joint 0 too low (-840.274), saturating to min value(-120.54)
WARNING : Torque commanded on joint 1 too high (3338.69), saturating to max value(120.54)
WARNING : Torque commanded on joint 2 too high (811.915), saturating to max value(62.72)
WARNING : Torque commanded on joint 6 too high (104.04), saturating to max value(38.22)
WARNING : Torque commanded on joint 0 too low (-838.652), saturating to min value(-120.54)
WARNING : Torque commanded on joint 1 too high (3334.51), saturating to max value(120.54)
WARNING : Torque commanded on joint 2 too high (810.295), saturating to max value(62.72)
WARNING : Torque commanded on joint 6 too high (104.05), saturating to max value(38.22)
WARNING : Torque commanded on joint 0 too low (-836.994), saturating to min value(-120.54)
WARNING : Torque commanded on joint 1 too high (3330.05), saturating to max value(120.54)
WARNING : Torque commanded on joint 2 too high (808.516), saturating to max value(62.72)
WARNING : Torque commanded on joint 6 too high (104.053), saturating to max value(38.22)
WARNING : Torque commanded on joint 0 too low (-835.367), saturating to min value(-120.54)
WARNING : Torque commanded on joint 1 too high (3325.7), saturating to max value(120.54)
WARNING : Torque commanded on joint 2 too high (806.773), saturating to max value(62.72)
WARNING : Torque commanded on joint 6 too high (104.054), saturating to max value(38.22)
WARNING : Torque commanded on joint 0 too low (-833.902), saturating to min value(-120.54)
WARNING : Torque commanded on joint 1 too high (3321.84), saturating to max value(120.54)
WARNING : Torque commanded on joint 2 too high (805.224), saturating to max value(62.72)
WARNING : Torque commanded on joint 6 too high (104.07), saturating to max value(38.22)
WARNING : Torque commanded on joint 0 too low (-832.245), saturating to min value(-120.54)
WARNING : Torque commanded on joint 1 too high (3317.95), saturating to max value(120.54)
WARNING : Torque commanded on joint 2 too high (803.468), saturating to max value(62.72)
WARNING : Torque commanded on joint 6 too high (104.078), saturating to max value(38.22)
WARNING : Torque commanded on joint 0 too low (-832.245), saturating to min value(-120.54)
WARNING : Torque commanded on joint 1 too high (3317.95), saturating to max value(120.54)
WARNING : Torque commanded on joint 2 too high (803.468), saturating to max value(62.72)
WARNING : Torque commanded on joint 6 too high (104.078), saturating to max value(38.22)
WARNING : Torque commanded on joint 0 too low (-829.371), saturating to min value(-120.54)
WARNING : Torque commanded on joint 1 too high (3310.89), saturating to max value(120.54)
WARNING : Torque commanded on joint 2 too high (800.374), saturating to max value(62.72)
WARNING : Torque commanded on joint 6 too high (104.113), saturating to max value(38.22)
WARNING : Torque commanded on joint 0 too low (-827.673), saturating to min value(-120.54)
WARNING : Torque commanded on joint 1 too high (3307.35), saturating to max value(120.54)
WARNING : Torque commanded on joint 2 too high (798.957), saturating to max value(62.72)
WARNING : Torque commanded on joint 6 too high (104.132), saturating to max value(38.22)
WARNING : Torque commanded on joint 0 too low (-826.078), saturating to min value(-120.54)
WARNING : Torque commanded on joint 1 too high (3303.72), saturating to max value(120.54)
WARNING : Torque commanded on joint 2 too high (797.447), saturating to max value(62.72)
WARNING : Torque commanded on joint 6 too high (104.145), saturating to max value(38.22)
WARNING : Torque commanded on joint 0 too low (-824.56), saturating to min value(-120.54)
WARNING : Torque commanded on joint 1 too high (3300.13), saturating to max value(120.54)
WARNING : Torque commanded on joint 2 too high (795.895), saturating to max value(62.72)
WARNING : Torque commanded on joint 6 too high (104.162), saturating to max value(38.22)
WARNING : Torque commanded on joint 0 too low (-822.875), saturating to min value(-120.54)
WARNING : Torque commanded on joint 1 too high (3296.35), saturating to max value(120.54)
WARNING : Torque commanded on joint 2 too high (794.341), saturating to max value(62.72)
WARNING : Torque commanded on joint 6 too high (104.17), saturating to max value(38.22)
WARNING : Torque commanded on joint 0 too low (-821.116), saturating to min value(-120.54)
WARNING : Torque commanded on joint 1 too high (3292.63), saturating to max value(120.54)
WARNING : Torque commanded on joint 2 too high (792.951), saturating to max value(62.72)
WARNING : Torque commanded on joint 6 too high (104.182), saturating to max value(38.22)
WARNING : Torque commanded on joint 0 too low (-819.649), saturating to min value(-120.54)
WARNING : Torque commanded on joint 1 too high (3289.05), saturating to max value(120.54)
WARNING : Torque commanded on joint 2 too high (791.47), saturating to max value(62.72)
WARNING : Torque commanded on joint 6 too high (104.192), saturating to max value(38.22)
WARNING : Torque commanded on joint 0 too low (-817.99), saturating to min value(-120.54)
WARNING : Torque commanded on joint 1 too high (3285.58), saturating to max value(120.54)
WARNING : Torque commanded on joint 2 too high (789.988), saturating to max value(62.72)
WARNING : Torque commanded on joint 6 too high (104.203), saturating to max value(38.22)
WARNING : Torque commanded on joint 0 too low (-816.454), saturating to min value(-120.54)
WARNING : Torque commanded on joint 1 too high (3282.16), saturating to max value(120.54)
WARNING : Torque commanded on joint 2 too high (788.472), saturating to max value(62.72)
WARNING : Torque commanded on joint 6 too high (104.215), saturating to max value(38.22)
WARNING : Torque commanded on joint 0 too low (-815.024), saturating to min value(-120.54)
WARNING : Torque commanded on joint 1 too high (3279.24), saturating to max value(120.54)
WARNING : Torque commanded on joint 2 too high (787.037), saturating to max value(62.72)
WARNING : Torque commanded on joint 6 too high (104.236), saturating to max value(38.22)
WARNING : Torque commanded on joint 0 too low (-813.69), saturating to min value(-120.54)
WARNING : Torque commanded on joint 1 too high (3275.75), saturating to max value(120.54)
WARNING : Torque commanded on joint 2 too high (785.465), saturating to max value(62.72)
WARNING : Torque commanded on joint 6 too high (104.245), saturating to max value(38.22)
WARNING : Torque commanded on joint 0 too low (-812.185), saturating to min value(-120.54)
WARNING : Torque commanded on joint 1 too high (3272.1), saturating to max value(120.54)
WARNING : Torque commanded on joint 2 too high (783.95), saturating to max value(62.72)
WARNING : Torque commanded on joint 6 too high (104.257), saturating to max value(38.22)
WARNING : Torque commanded on joint 0 too low (-810.55), saturating to min value(-120.54)
WARNING : Torque commanded on joint 1 too high (3268.57), saturating to max value(120.54)
WARNING : Torque commanded on joint 2 too high (782.617), saturating to max value(62.72)
WARNING : Torque commanded on joint 6 too high (104.272), saturating to max value(38.22)
WARNING : Torque commanded on joint 0 too low (-808.918), saturating to min value(-120.54)
WARNING : Torque commanded on joint 1 too high (3264.95), saturating to max value(120.54)
WARNING : Torque commanded on joint 2 too high (781.183), saturating to max value(62.72)
WARNING : Torque commanded on joint 6 too high (104.282), saturating to max value(38.22)
WARNING : Torque commanded on joint 0 too low (-807.423), saturating to min value(-120.54)
WARNING : Torque commanded on joint 1 too high (3261.01), saturating to max value(120.54)
WARNING : Torque commanded on joint 2 too high (779.704), saturating to max value(62.72)
WARNING : Torque commanded on joint 6 too high (104.28), saturating to max value(38.22)
WARNING : Torque commanded on joint 0 too low (-805.783), saturating to min value(-120.54)
WARNING : Torque commanded on joint 1 too high (3257.03), saturating to max value(120.54)
WARNING : Torque commanded on joint 2 too high (778.179), saturating to max value(62.72)
WARNING : Torque commanded on joint 6 too high (104.274), saturating to max value(38.22)
WARNING : Torque commanded on joint 0 too low (-804.386), saturating to min value(-120.54)
WARNING : Torque commanded on joint 1 too high (3253.82), saturating to max value(120.54)
WARNING : Torque commanded on joint 2 too high (776.683), saturating to max value(62.72)
WARNING : Torque commanded on joint 6 too high (104.289), saturating to max value(38.22)
WARNING : Torque commanded on joint 0 too low (-803.227), saturating to min value(-120.54)
WARNING : Torque commanded on joint 1 too high (3250.35), saturating to max value(120.54)
WARNING : Torque commanded on joint 2 too high (775.134), saturating to max value(62.72)
WARNING : Torque commanded on joint 6 too high (104.296), saturating to max value(38.22)
WARNING : Torque commanded on joint 0 too low (-801.971), saturating to min value(-120.54)
WARNING : Torque commanded on joint 1 too high (3247.13), saturating to max value(120.54)
WARNING : Torque commanded on joint 2 too high (773.636), saturating to max value(62.72)
WARNING : Torque commanded on joint 6 too high (104.311), saturating to max value(38.22)
WARNING : Torque commanded on joint 0 too low (-800.44), saturating to min value(-120.54)
WARNING : Torque commanded on joint 1 too high (3243.53), saturating to max value(120.54)
WARNING : Torque commanded on joint 2 too high (772.162), saturating to max value(62.72)
WARNING : Torque commanded on joint 6 too high (104.312), saturating to max value(38.22)
WARNING : Torque commanded on joint 0 too low (-799.02), saturating to min value(-120.54)
WARNING : Torque commanded on joint 1 too high (3239.9), saturating to max value(120.54)
WARNING : Torque commanded on joint 2 too high (770.653), saturating to max value(62.72)
WARNING : Torque commanded on joint 6 too high (104.312), saturating to max value(38.22)
WARNING : Torque commanded on joint 0 too low (-797.679), saturating to min value(-120.54)
WARNING : Torque commanded on joint 1 too high (3236.6), saturating to max value(120.54)
WARNING : Torque commanded on joint 2 too high (769.191), saturating to max value(62.72)
WARNING : Torque commanded on joint 6 too high (104.317), saturating to max value(38.22)
WARNING : Torque commanded on joint 0 too low (-796.287), saturating to min value(-120.54)
WARNING : Torque commanded on joint 1 too high (3233.53), saturating to max value(120.54)
WARNING : Torque commanded on joint 2 too high (767.746), saturating to max value(62.72)
WARNING : Torque commanded on joint 6 too high (104.323), saturating to max value(38.22)
WARNING : Torque commanded on joint 0 too low (-795.092), saturating to min value(-120.54)
WARNING : Torque commanded on joint 1 too high (3230.55), saturating to max value(120.54)
WARNING : Torque commanded on joint 2 too high (766.349), saturating to max value(62.72)
WARNING : Torque commanded on joint 6 too high (104.332), saturating to max value(38.22)
WARNING : Torque commanded on joint 0 too low (-793.639), saturating to min value(-120.54)
WARNING : Torque commanded on joint 1 too high (3227.53), saturating to max value(120.54)
WARNING : Torque commanded on joint 2 too high (765.095), saturating to max value(62.72)
WARNING : Torque commanded on joint 6 too high (104.345), saturating to max value(38.22)
WARNING : Torque commanded on joint 0 too low (-792.362), saturating to min value(-120.54)
WARNING : Torque commanded on joint 1 too high (3224.42), saturating to max value(120.54)
WARNING : Torque commanded on joint 2 too high (763.725), saturating to max value(62.72)
WARNING : Torque commanded on joint 6 too high (104.349), saturating to max value(38.22)
WARNING : Torque commanded on joint 0 too low (-792.362), saturating to min value(-120.54)
WARNING : Torque commanded on joint 1 too high (3224.42), saturating to max value(120.54)
WARNING : Torque commanded on joint 2 too high (763.725), saturating to max value(62.72)
WARNING : Torque commanded on joint 6 too high (104.349), saturating to max value(38.22)
WARNING : Torque commanded on joint 0 too low (-789.649), saturating to min value(-120.54)
WARNING : Torque commanded on joint 1 too high (3218.2), saturating to max value(120.54)
WARNING : Torque commanded on joint 2 too high (761.041), saturating to max value(62.72)
WARNING : Torque commanded on joint 6 too high (104.355), saturating to max value(38.22)
WARNING : Torque commanded on joint 0 too low (-788.415), saturating to min value(-120.54)
WARNING : Torque commanded on joint 1 too high (3215.16), saturating to max value(120.54)
WARNING : Torque commanded on joint 2 too high (759.742), saturating to max value(62.72)
WARNING : Torque commanded on joint 6 too high (104.362), saturating to max value(38.22)
WARNING : Torque commanded on joint 0 too low (-787.338), saturating to min value(-120.54)
WARNING : Torque commanded on joint 1 too high (3212.17), saturating to max value(120.54)
WARNING : Torque commanded on joint 2 too high (758.402), saturating to max value(62.72)
WARNING : Torque commanded on joint 6 too high (104.37), saturating to max value(38.22)
WARNING : Torque commanded on joint 0 too low (-786.359), saturating to min value(-120.54)
WARNING : Torque commanded on joint 1 too high (3209.33), saturating to max value(120.54)
WARNING : Torque commanded on joint 2 too high (756.961), saturating to max value(62.72)
WARNING : Torque commanded on joint 6 too high (104.375), saturating to max value(38.22)
WARNING : Torque commanded on joint 0 too low (-785.091), saturating to min value(-120.54)
WARNING : Torque commanded on joint 1 too high (3206.6), saturating to max value(120.54)
WARNING : Torque commanded on joint 2 too high (755.787), saturating to max value(62.72)
WARNING : Torque commanded on joint 6 too high (104.381), saturating to max value(38.22)
WARNING : Torque commanded on joint 0 too low (-783.607), saturating to min value(-120.54)
WARNING : Torque commanded on joint 1 too high (3203.75), saturating to max value(120.54)
WARNING : Torque commanded on joint 2 too high (754.672), saturating to max value(62.72)
WARNING : Torque commanded on joint 6 too high (104.388), saturating to max value(38.22)
WARNING : Torque commanded on joint 0 too low (-782.474), saturating to min value(-120.54)
WARNING : Torque commanded on joint 1 too high (3200.79), saturating to max value(120.54)
WARNING : Torque commanded on joint 2 too high (753.355), saturating to max value(62.72)
WARNING : Torque commanded on joint 6 too high (104.383), saturating to max value(38.22)
WARNING : Torque commanded on joint 0 too low (-781.258), saturating to min value(-120.54)
WARNING : Torque commanded on joint 1 too high (3198.05), saturating to max value(120.54)
WARNING : Torque commanded on joint 2 too high (752.103), saturating to max value(62.72)
WARNING : Torque commanded on joint 6 too high (104.39), saturating to max value(38.22)
WARNING : Torque commanded on joint 0 too low (-780.141), saturating to min value(-120.54)
WARNING : Torque commanded on joint 1 too high (3195.33), saturating to max value(120.54)
WARNING : Torque commanded on joint 2 too high (750.937), saturating to max value(62.72)
WARNING : Torque commanded on joint 6 too high (104.398), saturating to max value(38.22)
Error 

[2026-05-18 02:23:26.224] [error] Stopping driver due to safety violation
[2026-05-18 02:23:26.259] [info] >>>>> Flexiv RDK exited <<<<<
