Using Rizon 4 specifications
[2026-05-18 02:51:32.954] [info] | | | | | | | | | |  Flexiv RDK v1.9  | | | | | | | | | |
[2026-05-18 02:51:34.058] [info] [flexiv::rdk::Robot] Searching for [Rizon4R-062043] ...
[2026-05-18 02:51:34.109] [info] [flexiv::rdk::Robot] Connected to the robot
[2026-05-18 02:51:34.259] [info] [flexiv::rdk::Robot] Validated license: RDK-Professional
[2026-05-18 02:51:34.259] [info] [flexiv::rdk::Robot] Initialization complete
[2026-05-18 02:51:34.262] [info] Enabling robot ...
[2026-05-18 02:51:34.363] [info] Robot is now operational
[2026-05-18 02:51:34.383] [info] [flexiv::rdk::Robot] Control mode switched to [NRT_PRIMITIVE_EXECUTION]
[2026-05-18 02:51:34.403] [info] Zeroing force/torque sensors, make sure nothing is in contact with the robot
[2026-05-18 02:51:35.404] [info] Sensor zeroing complete
[2026-05-18 02:51:47.404] [info] Initialization complete
[2026-05-18 02:51:47.455] [info] [flexiv::rdk::Robot] Control mode switched to [RT_JOINT_TORQUE]
WARNING : Torque commanded on joint 0 too high (122.061), saturating to max value(120.54)
WARNING : Torque commanded on joint 0 too high (125.356), saturating to max value(120.54)
WARNING : Torque commanded on joint 0 too high (130.016), saturating to max value(120.54)
WARNING : Torque commanded on joint 0 too high (134.248), saturating to max value(120.54)
WARNING : Torque commanded on joint 0 too high (136.41), saturating to max value(120.54)
WARNING : Torque commanded on joint 0 too high (138.409), saturating to max value(120.54)
WARNING : Torque commanded on joint 0 too high (141.2), saturating to max value(120.54)
WARNING : Torque commanded on joint 0 too high (144.265), saturating to max value(120.54)
WARNING : Torque commanded on joint 0 too high (147.198), saturating to max value(120.54)
WARNING : Torque commanded on joint 0 too high (150.396), saturating to max value(120.54)
WARNING : Torque commanded on joint 0 too high (154.296), saturating to max value(120.54)
WARNING : Torque commanded on joint 0 too high (158.475), saturating to max value(120.54)
WARNING : Torque commanded on joint 0 too high (164.065), saturating to max value(120.54)
WARNING : Torque commanded on joint 0 too high (166.644), saturating to max value(120.54)
WARNING : Torque commanded on joint 0 too high (168.454), saturating to max value(120.54)
WARNING : Torque commanded on joint 0 too high (171.107), saturating to max value(120.54)
WARNING : Torque commanded on joint 0 too high (174.72), saturating to max value(120.54)
WARNING : Torque commanded on joint 0 too high (177.823), saturating to max value(120.54)
WARNING : Torque commanded on joint 0 too high (177.823), saturating to max value(120.54)
WARNING : Torque commanded on joint 0 too high (186.539), saturating to max value(120.54)
WARNING : Torque commanded on joint 0 too high (190.99), saturating to max value(120.54)
WARNING : Torque commanded on joint 0 too high (195.427), saturating to max value(120.54)
WARNING : Torque commanded on joint 0 too high (198.693), saturating to max value(120.54)
WARNING : Torque commanded on joint 0 too high (203.167), saturating to max value(120.54)
WARNING : Torque commanded on joint 0 too high (206.795), saturating to max value(120.54)
WARNING : Torque commanded on joint 0 too high (209.47), saturating to max value(120.54)
WARNING : Torque commanded on joint 0 too high (212.028), saturating to max value(120.54)
WARNING : Torque commanded on joint 0 too high (215.65), saturating to max value(120.54)
WARNING : Torque commanded on joint 0 too high (219.528), saturating to max value(120.54)
WARNING : Torque commanded on joint 0 too high (222.677), saturating to max value(120.54)
WARNING : Torque commanded on joint 0 too high (226.686), saturating to max value(120.54)
WARNING : Torque commanded on joint 0 too high (231.745), saturating to max value(120.54)
WARNING : Torque commanded on joint 0 too high (237.054), saturating to max value(120.54)
WARNING : Torque commanded on joint 0 too high (240.828), saturating to max value(120.54)
WARNING : Torque commanded on joint 0 too high (244.935), saturating to max value(120.54)
WARNING : Torque commanded on joint 0 too high (248.104), saturating to max value(120.54)
WARNING : Torque commanded on joint 0 too high (250.537), saturating to max value(120.54)
WARNING : Torque commanded on joint 0 too high (254.922), saturating to max value(120.54)
WARNING : Torque commanded on joint 0 too high (260.23), saturating to max value(120.54)
WARNING : Torque commanded on joint 0 too high (264.507), saturating to max value(120.54)
WARNING : Torque commanded on joint 0 too high (268.212), saturating to max value(120.54)
WARNING : Torque commanded on joint 1 too low (-121.932), saturating to min value(-120.54)
WARNING : Torque commanded on joint 0 too high (272.403), saturating to max value(120.54)
WARNING : Torque commanded on joint 1 too low (-123.752), saturating to min value(-120.54)
WARNING : Torque commanded on joint 0 too high (275.584), saturating to max value(120.54)
WARNING : Torque commanded on joint 1 too low (-125.28), saturating to min value(-120.54)
WARNING : Torque commanded on joint 0 too high (279.79), saturating to max value(120.54)
WARNING : Torque commanded on joint 1 too low (-127.216), saturating to min value(-120.54)
WARNING : Torque commanded on joint 0 too high (284.492), saturating to max value(120.54)
WARNING : Torque commanded on joint 1 too low (-129.282), saturating to min value(-120.54)
WARNING : Torque commanded on joint 0 too high (288.694), saturating to max value(120.54)
WARNING : Torque commanded on joint 1 too low (-131.07), saturating to min value(-120.54)
WARNING : Torque commanded on joint 0 too high (293.757), saturating to max value(120.54)
WARNING : Torque commanded on joint 1 too low (-133.355), saturating to min value(-120.54)
WARNING : Torque commanded on joint 0 too high (298.053), saturating to max value(120.54)
WARNING : Torque commanded on joint 1 too low (-135.429), saturating to min value(-120.54)
WARNING : Torque commanded on joint 0 too high (302.082), saturating to max value(120.54)
WARNING : Torque commanded on joint 1 too low (-137.342), saturating to min value(-120.54)
WARNING : Torque commanded on joint 0 too high (306.802), saturating to max value(120.54)
WARNING : Torque commanded on joint 1 too low (-139.403), saturating to min value(-120.54)
WARNING : Torque commanded on joint 0 too high (311.283), saturating to max value(120.54)
WARNING : Torque commanded on joint 1 too low (-141.533), saturating to min value(-120.54)
WARNING : Torque commanded on joint 0 too high (316.261), saturating to max value(120.54)
WARNING : Torque commanded on joint 1 too low (-143.832), saturating to min value(-120.54)
WARNING : Torque commanded on joint 0 too high (320.188), saturating to max value(120.54)
WARNING : Torque commanded on joint 1 too low (-145.596), saturating to min value(-120.54)
WARNING : Torque commanded on joint 0 too high (324.371), saturating to max value(120.54)
WARNING : Torque commanded on joint 1 too low (-147.542), saturating to min value(-120.54)
WARNING : Torque commanded on joint 2 too high (62.8482), saturating to max value(62.72)
WARNING : Torque commanded on joint 0 too high (329.179), saturating to max value(120.54)
WARNING : Torque commanded on joint 1 too low (-149.593), saturating to min value(-120.54)
WARNING : Torque commanded on joint 2 too high (63.8174), saturating to max value(62.72)
WARNING : Torque commanded on joint 0 too high (332.234), saturating to max value(120.54)
WARNING : Torque commanded on joint 1 too low (-151.059), saturating to min value(-120.54)
WARNING : Torque commanded on joint 2 too high (64.3675), saturating to max value(62.72)
WARNING : Torque commanded on joint 0 too high (336.007), saturating to max value(120.54)
WARNING : Torque commanded on joint 1 too low (-152.801), saturating to min value(-120.54)
WARNING : Torque commanded on joint 2 too high (65.0972), saturating to max value(62.72)
WARNING : Torque commanded on joint 0 too high (340.083), saturating to max value(120.54)
WARNING : Torque commanded on joint 1 too low (-154.508), saturating to min value(-120.54)
WARNING : Torque commanded on joint 2 too high (65.8995), saturating to max value(62.72)
WARNING : Torque commanded on joint 0 too high (345.544), saturating to max value(120.54)
WARNING : Torque commanded on joint 1 too low (-156.844), saturating to min value(-120.54)
WARNING : Torque commanded on joint 2 too high (66.9877), saturating to max value(62.72)
WARNING : Torque commanded on joint 0 too high (349.902), saturating to max value(120.54)
WARNING : Torque commanded on joint 1 too low (-158.942), saturating to min value(-120.54)
WARNING : Torque commanded on joint 2 too high (67.8061), saturating to max value(62.72)
WARNING : Torque commanded on joint 0 too high (354.314), saturating to max value(120.54)
WARNING : Torque commanded on joint 1 too low (-160.972), saturating to min value(-120.54)
WARNING : Torque commanded on joint 2 too high (68.657), saturating to max value(62.72)
WARNING : Torque commanded on joint 0 too high (359.098), saturating to max value(120.54)
WARNING : Torque commanded on joint 1 too low (-163.097), saturating to min value(-120.54)
WARNING : Torque commanded on joint 2 too high (69.5481), saturating to max value(62.72)
WARNING : Torque commanded on joint 0 too high (364.717), saturating to max value(120.54)
WARNING : Torque commanded on joint 1 too low (-165.694), saturating to min value(-120.54)
WARNING : Torque commanded on joint 2 too high (70.6279), saturating to max value(62.72)
WARNING : Torque commanded on joint 0 too high (371.353), saturating to max value(120.54)
WARNING : Torque commanded on joint 1 too low (-168.45), saturating to min value(-120.54)
WARNING : Torque commanded on joint 2 too high (71.9621), saturating to max value(62.72)
WARNING : Torque commanded on joint 0 too high (376.105), saturating to max value(120.54)
WARNING : Torque commanded on joint 1 too low (-170.45), saturating to min value(-120.54)
WARNING : Torque commanded on joint 2 too high (72.912), saturating to max value(62.72)
WARNING : Torque commanded on joint 0 too high (380.663), saturating to max value(120.54)
WARNING : Torque commanded on joint 1 too low (-172.718), saturating to min value(-120.54)
WARNING : Torque commanded on joint 2 too high (73.7669), saturating to max value(62.72)
WARNING : Torque commanded on joint 0 too high (383.441), saturating to max value(120.54)
WARNING : Torque commanded on joint 1 too low (-174.125), saturating to min value(-120.54)
WARNING : Torque commanded on joint 2 too high (74.2477), saturating to max value(62.72)
WARNING : Torque commanded on joint 0 too high (388.822), saturating to max value(120.54)
WARNING : Torque commanded on joint 1 too low (-176.368), saturating to min value(-120.54)
WARNING : Torque commanded on joint 2 too high (75.3456), saturating to max value(62.72)
WARNING : Torque commanded on joint 0 too high (394.016), saturating to max value(120.54)
WARNING : Torque commanded on joint 1 too low (-178.642), saturating to min value(-120.54)
WARNING : Torque commanded on joint 2 too high (76.4035), saturating to max value(62.72)
WARNING : Torque commanded on joint 0 too high (399.725), saturating to max value(120.54)
WARNING : Torque commanded on joint 1 too low (-181.132), saturating to min value(-120.54)
WARNING : Torque commanded on joint 2 too high (77.4829), saturating to max value(62.72)
WARNING : Torque commanded on joint 0 too high (404.791), saturating to max value(120.54)
WARNING : Torque commanded on joint 1 too low (-183.359), saturating to min value(-120.54)
WARNING : Torque commanded on joint 2 too high (78.4733), saturating to max value(62.72)
WARNING : Torque commanded on joint 0 too high (409.039), saturating to max value(120.54)
WARNING : Torque commanded on joint 1 too low (-185.397), saturating to min value(-120.54)
WARNING : Torque commanded on joint 2 too high (79.296), saturating to max value(62.72)
WARNING : Torque commanded on joint 0 too high (412.591), saturating to max value(120.54)
WARNING : Torque commanded on joint 1 too low (-187.222), saturating to min value(-120.54)
WARNING : Torque commanded on joint 2 too high (79.947), saturating to max value(62.72)
WARNING : Torque commanded on joint 0 too high (417.465), saturating to max value(120.54)
WARNING : Torque commanded on joint 1 too low (-189.318), saturating to min value(-120.54)
WARNING : Torque commanded on joint 2 too high (80.849), saturating to max value(62.72)
WARNING : Torque commanded on joint 0 too high (422.139), saturating to max value(120.54)
WARNING : Torque commanded on joint 1 too low (-191.352), saturating to min value(-120.54)
WARNING : Torque commanded on joint 2 too high (81.771), saturating to max value(62.72)
WARNING : Torque commanded on joint 0 too high (426.804), saturating to max value(120.54)
WARNING : Torque commanded on joint 1 too low (-193.569), saturating to min value(-120.54)
WARNING : Torque commanded on joint 2 too high (82.642), saturating to max value(62.72)
WARNING : Torque commanded on joint 0 too high (432.844), saturating to max value(120.54)
WARNING : Torque commanded on joint 1 too low (-196.221), saturating to min value(-120.54)
WARNING : Torque commanded on joint 2 too high (83.8387), saturating to max value(62.72)
WARNING : Torque commanded on joint 0 too high (438.669), saturating to max value(120.54)
WARNING : Torque commanded on joint 1 too low (-198.682), saturating to min value(-120.54)
WARNING : Torque commanded on joint 2 too high (85.0182), saturating to max value(62.72)
WARNING : Torque commanded on joint 0 too high (444.664), saturating to max value(120.54)
WARNING : Torque commanded on joint 1 too low (-201.134), saturating to min value(-120.54)
WARNING : Torque commanded on joint 2 too high (86.2724), saturating to max value(62.72)
WARNING : Torque commanded on joint 0 too high (449.432), saturating to max value(120.54)
WARNING : Torque commanded on joint 1 too low (-203.389), saturating to min value(-120.54)
WARNING : Torque commanded on joint 2 too high (87.1859), saturating to max value(62.72)
WARNING : Torque commanded on joint 0 too high (452.861), saturating to max value(120.54)
WARNING : Torque commanded on joint 1 too low (-205.522), saturating to min value(-120.54)
WARNING : Torque commanded on joint 2 too high (87.7536), saturating to max value(62.72)
WARNING : Torque commanded on joint 0 too high (456.948), saturating to max value(120.54)
WARNING : Torque commanded on joint 1 too low (-207.871), saturating to min value(-120.54)
WARNING : Torque commanded on joint 2 too high (88.423), saturating to max value(62.72)
WARNING : Torque commanded on joint 0 too high (462.269), saturating to max value(120.54)
WARNING : Torque commanded on joint 1 too low (-210.14), saturating to min value(-120.54)
WARNING : Torque commanded on joint 2 too high (89.4908), saturating to max value(62.72)
WARNING : Torque commanded on joint 0 too high (467.667), saturating to max value(120.54)
WARNING : Torque commanded on joint 1 too low (-212.41), saturating to min value(-120.54)
WARNING : Torque commanded on joint 2 too high (90.576), saturating to max value(62.72)
WARNING : Torque commanded on joint 0 too high (472.542), saturating to max value(120.54)
WARNING : Torque commanded on joint 1 too low (-214.407), saturating to min value(-120.54)
WARNING : Torque commanded on joint 2 too high (91.5402), saturating to max value(62.72)
WARNING : Torque commanded on joint 0 too high (477.555), saturating to max value(120.54)
WARNING : Torque commanded on joint 1 too low (-216.515), saturating to min value(-120.54)
WARNING : Torque commanded on joint 2 too high (92.4829), saturating to max value(62.72)
WARNING : Torque commanded on joint 0 too high (483.193), saturating to max value(120.54)
WARNING : Torque commanded on joint 1 too low (-218.881), saturating to min value(-120.54)
WARNING : Torque commanded on joint 2 too high (93.6293), saturating to max value(62.72)
WARNING : Torque commanded on joint 0 too high (490.017), saturating to max value(120.54)
WARNING : Torque commanded on joint 1 too low (-221.737), saturating to min value(-120.54)
WARNING : Torque commanded on joint 2 too high (95.0033), saturating to max value(62.72)
WARNING : Torque commanded on joint 0 too high (496.626), saturating to max value(120.54)
WARNING : Torque commanded on joint 1 too low (-224.393), saturating to min value(-120.54)
WARNING : Torque commanded on joint 2 too high (96.3611), saturating to max value(62.72)
WARNING : Torque commanded on joint 0 too high (502.525), saturating to max value(120.54)
WARNING : Torque commanded on joint 1 too low (-227.119), saturating to min value(-120.54)
WARNING : Torque commanded on joint 2 too high (97.5068), saturating to max value(62.72)
WARNING : Torque commanded on joint 0 too high (506.543), saturating to max value(120.54)
WARNING : Torque commanded on joint 1 too low (-229.333), saturating to min value(-120.54)
WARNING : Torque commanded on joint 2 too high (98.1861), saturating to max value(62.72)
WARNING : Torque commanded on joint 0 too high (511.027), saturating to max value(120.54)
WARNING : Torque commanded on joint 1 too low (-231.591), saturating to min value(-120.54)
WARNING : Torque commanded on joint 2 too high (98.9935), saturating to max value(62.72)
WARNING : Torque commanded on joint 0 too high (516.969), saturating to max value(120.54)
WARNING : Torque commanded on joint 1 too low (-234.208), saturating to min value(-120.54)
WARNING : Torque commanded on joint 2 too high (100.152), saturating to max value(62.72)
WARNING : Torque commanded on joint 0 too high (522.386), saturating to max value(120.54)
WARNING : Torque commanded on joint 1 too low (-236.645), saturating to min value(-120.54)
WARNING : Torque commanded on joint 2 too high (101.226), saturating to max value(62.72)
WARNING : Torque commanded on joint 0 too high (527.528), saturating to max value(120.54)
WARNING : Torque commanded on joint 1 too low (-239.119), saturating to min value(-120.54)
WARNING : Torque commanded on joint 2 too high (102.188), saturating to max value(62.72)
WARNING : Torque commanded on joint 0 too high (532.361), saturating to max value(120.54)
WARNING : Torque commanded on joint 1 too low (-241.409), saturating to min value(-120.54)
WARNING : Torque commanded on joint 2 too high (103.101), saturating to max value(62.72)
WARNING : Torque commanded on joint 0 too high (538.079), saturating to max value(120.54)
WARNING : Torque commanded on joint 1 too low (-243.868), saturating to min value(-120.54)
WARNING : Torque commanded on joint 2 too high (104.221), saturating to max value(62.72)
WARNING : Torque commanded on joint 0 too high (544.006), saturating to max value(120.54)
WARNING : Torque commanded on joint 1 too low (-246.524), saturating to min value(-120.54)
WARNING : Torque commanded on joint 2 too high (105.361), saturating to max value(62.72)
WARNING : Torque commanded on joint 0 too high (550.226), saturating to max value(120.54)
WARNING : Torque commanded on joint 1 too low (-249.238), saturating to min value(-120.54)
WARNING : Torque commanded on joint 2 too high (106.616), saturating to max value(62.72)
WARNING : Torque commanded on joint 0 too high (555.365), saturating to max value(120.54)
WARNING : Torque commanded on joint 1 too low (-251.563), saturating to min value(-120.54)
WARNING : Torque commanded on joint 2 too high (107.591), saturating to max value(62.72)
WARNING : Torque commanded on joint 0 too high (560.772), saturating to max value(120.54)
WARNING : Torque commanded on joint 1 too low (-254.113), saturating to min value(-120.54)
WARNING : Torque commanded on joint 2 too high (108.62), saturating to max value(62.72)
WARNING : Torque commanded on joint 0 too high (565.522), saturating to max value(120.54)
WARNING : Torque commanded on joint 1 too low (-256.403), saturating to min value(-120.54)
WARNING : Torque commanded on joint 2 too high (109.549), saturating to max value(62.72)
WARNING : Torque commanded on joint 0 too high (572.194), saturating to max value(120.54)
WARNING : Torque commanded on joint 1 too low (-259.209), saturating to min value(-120.54)
WARNING : Torque commanded on joint 2 too high (110.868), saturating to max value(62.72)
WARNING : Torque commanded on joint 0 too high (579.397), saturating to max value(120.54)
WARNING : Torque commanded on joint 1 too low (-262.208), saturating to min value(-120.54)
WARNING : Torque commanded on joint 2 too high (112.322), saturating to max value(62.72)
WARNING : Torque commanded on joint 0 too high (585.878), saturating to max value(120.54)
WARNING : Torque commanded on joint 1 too low (-265.009), saturating to min value(-120.54)
WARNING : Torque commanded on joint 2 too high (113.592), saturating to max value(62.72)
WARNING : Torque commanded on joint 0 too high (591.388), saturating to max value(120.54)
WARNING : Torque commanded on joint 1 too low (-267.57), saturating to min value(-120.54)
WARNING : Torque commanded on joint 2 too high (114.635), saturating to max value(62.72)
WARNING : Torque commanded on joint 0 too high (596.083), saturating to max value(120.54)
WARNING : Torque commanded on joint 1 too low (-269.881), saturating to min value(-120.54)
WARNING : Torque commanded on joint 2 too high (115.522), saturating to max value(62.72)
WARNING : Torque commanded on joint 0 too high (601.191), saturating to max value(120.54)
WARNING : Torque commanded on joint 1 too low (-272.278), saturating to min value(-120.54)
WARNING : Torque commanded on joint 2 too high (116.512), saturating to max value(62.72)
WARNING : Torque commanded on joint 0 too high (605.92), saturating to max value(120.54)
WARNING : Torque commanded on joint 1 too low (-274.467), saturating to min value(-120.54)
WARNING : Torque commanded on joint 2 too high (117.381), saturating to max value(62.72)
WARNING : Torque commanded on joint 0 too high (613.03), saturating to max value(120.54)
WARNING : Torque commanded on joint 1 too low (-277.444), saturating to min value(-120.54)
WARNING : Torque commanded on joint 2 too high (118.79), saturating to max value(62.72)
WARNING : Torque commanded on joint 0 too high (620.514), saturating to max value(120.54)
WARNING : Torque commanded on joint 1 too low (-280.475), saturating to min value(-120.54)
WARNING : Torque commanded on joint 2 too high (120.31), saturating to max value(62.72)
WARNING : Torque commanded on joint 0 too high (625.606), saturating to max value(120.54)
WARNING : Torque commanded on joint 1 too low (-282.879), saturating to min value(-120.54)
WARNING : Torque commanded on joint 2 too high (121.275), saturating to max value(62.72)
WARNING : Torque commanded on joint 0 too high (630.762), saturating to max value(120.54)
WARNING : Torque commanded on joint 1 too low (-285.36), saturating to min value(-120.54)
WARNING : Torque commanded on joint 2 too high (122.187), saturating to max value(62.72)
WARNING : Torque commanded on joint 0 too high (636.955), saturating to max value(120.54)
WARNING : Torque commanded on joint 1 too low (-288.317), saturating to min value(-120.54)
WARNING : Torque commanded on joint 2 too high (123.402), saturating to max value(62.72)
WARNING : Torque commanded on joint 0 too high (643.236), saturating to max value(120.54)
WARNING : Torque commanded on joint 1 too low (-291.334), saturating to min value(-120.54)
WARNING : Torque commanded on joint 2 too high (124.579), saturating to max value(62.72)
WARNING : Torque commanded on joint 0 too high (648.957), saturating to max value(120.54)
WARNING : Torque commanded on joint 1 too low (-293.918), saturating to min value(-120.54)
WARNING : Torque commanded on joint 2 too high (125.692), saturating to max value(62.72)
WARNING : Torque commanded on joint 0 too high (655.717), saturating to max value(120.54)
WARNING : Torque commanded on joint 1 too low (-296.885), saturating to min value(-120.54)
WARNING : Torque commanded on joint 2 too high (127.06), saturating to max value(62.72)
WARNING : Torque commanded on joint 0 too high (661.633), saturating to max value(120.54)
WARNING : Torque commanded on joint 1 too low (-299.542), saturating to min value(-120.54)
WARNING : Torque commanded on joint 2 too high (128.207), saturating to max value(62.72)
WARNING : Torque commanded on joint 0 too high (667.441), saturating to max value(120.54)
WARNING : Torque commanded on joint 1 too low (-302.131), saturating to min value(-120.54)
WARNING : Torque commanded on joint 2 too high (129.312), saturating to max value(62.72)
WARNING : Torque commanded on joint 0 too high (673.592), saturating to max value(120.54)
WARNING : Torque commanded on joint 1 too low (-304.89), saturating to min value(-120.54)
WARNING : Torque commanded on joint 2 too high (130.512), saturating to max value(62.72)
WARNING : Torque commanded on joint 0 too high (680.23), saturating to max value(120.54)
WARNING : Torque commanded on joint 1 too low (-307.727), saturating to min value(-120.54)
WARNING : Torque commanded on joint 2 too high (131.814), saturating to max value(62.72)
WARNING : Torque commanded on joint 0 too high (686.381), saturating to max value(120.54)
WARNING : Torque commanded on joint 1 too low (-310.491), saturating to min value(-120.54)
WARNING : Torque commanded on joint 2 too high (133.003), saturating to max value(62.72)
WARNING : Torque commanded on joint 0 too high (692.702), saturating to max value(120.54)
WARNING : Torque commanded on joint 1 too low (-313.483), saturating to min value(-120.54)
WARNING : Torque commanded on joint 2 too high (134.247), saturating to max value(62.72)
WARNING : Torque commanded on joint 0 too high (698.796), saturating to max value(120.54)
WARNING : Torque commanded on joint 1 too low (-316.279), saturating to min value(-120.54)
WARNING : Torque commanded on joint 2 too high (135.379), saturating to max value(62.72)
WARNING : Torque commanded on joint 0 too high (703.696), saturating to max value(120.54)
WARNING : Torque commanded on joint 1 too low (-318.641), saturating to min value(-120.54)
WARNING : Torque commanded on joint 2 too high (136.265), saturating to max value(62.72)
WARNING : Torque commanded on joint 0 too high (710.605), saturating to max value(120.54)
WARNING : Torque commanded on joint 1 too low (-321.656), saturating to min value(-120.54)
WARNING : Torque commanded on joint 2 too high (137.617), saturating to max value(62.72)
WARNING : Torque commanded on joint 0 too high (716.885), saturating to max value(120.54)
WARNING : Torque commanded on joint 1 too low (-324.298), saturating to min value(-120.54)
WARNING : Torque commanded on joint 2 too high (138.874), saturating to max value(62.72)
WARNING : Torque commanded on joint 0 too high (723.92), saturating to max value(120.54)
WARNING : Torque commanded on joint 1 too low (-327.23), saturating to min value(-120.54)
WARNING : Torque commanded on joint 2 too high (140.307), saturating to max value(62.72)
WARNING : Torque commanded on joint 0 too high (731.748), saturating to max value(120.54)
WARNING : Torque commanded on joint 1 too low (-330.646), saturating to min value(-120.54)
WARNING : Torque commanded on joint 2 too high (141.867), saturating to max value(62.72)
WARNING : Torque commanded on joint 0 too high (738.155), saturating to max value(120.54)
WARNING : Torque commanded on joint 1 too low (-333.587), saturating to min value(-120.54)
WARNING : Torque commanded on joint 2 too high (143.121), saturating to max value(62.72)
WARNING : Torque commanded on joint 0 too high (679.744), saturating to max value(120.54)
WARNING : Torque commanded on joint 1 too low (-307.321), saturating to min value(-120.54)
WARNING : Torque commanded on joint 2 too high (131.778), saturating to max value(62.72)
WARNING : Torque commanded on joint 0 too high (683.283), saturating to max value(120.54)
WARNING : Torque commanded on joint 1 too low (-309.068), saturating to min value(-120.54)
WARNING : Torque commanded on joint 2 too high (132.444), saturating to max value(62.72)
WARNING : Torque commanded on joint 0 too high (687.699), saturating to max value(120.54)
WARNING : Torque commanded on joint 1 too low (-311.09), saturating to min value(-120.54)
WARNING : Torque commanded on joint 2 too high (133.318), saturating to max value(62.72)
WARNING : Torque commanded on joint 0 too high (690.74), saturating to max value(120.54)
WARNING : Torque commanded on joint 1 too low (-312.456), saturating to min value(-120.54)
WARNING : Torque commanded on joint 2 too high (133.882), saturating to max value(62.72)
WARNING : Torque commanded on joint 0 too high (694.284), saturating to max value(120.54)
WARNING : Torque commanded on joint 1 too low (-314.157), saturating to min value(-120.54)
WARNING : Torque commanded on joint 2 too high (134.607), saturating to max value(62.72)
WARNING : Torque commanded on joint 0 too high (696.957), saturating to max value(120.54)
WARNING : Torque commanded on joint 1 too low (-315.668), saturating to min value(-120.54)
WARNING : Torque commanded on joint 2 too high (135.108), saturating to max value(62.72)
WARNING : Torque commanded on joint 0 too high (700.812), saturating to max value(120.54)
WARNING : Torque commanded on joint 1 too low (-317.211), saturating to min value(-120.54)
WARNING : Torque commanded on joint 2 too high (135.885), saturating to max value(62.72)
WARNING : Torque commanded on joint 0 too high (704.35), saturating to max value(120.54)
WARNING : Torque commanded on joint 1 too low (-318.752), saturating to min value(-120.54)
WARNING : Torque commanded on joint 2 too high (136.554), saturating to max value(62.72)
WARNING : Torque commanded on joint 0 too high (708.076), saturating to max value(120.54)
WARNING : Torque commanded on joint 1 too low (-320.515), saturating to min value(-120.54)
WARNING : Torque commanded on joint 2 too high (137.285), saturating to max value(62.72)
WARNING : Torque commanded on joint 0 too high (711.182), saturating to max value(120.54)
WARNING : Torque commanded on joint 1 too low (-321.938), saturating to min value(-120.54)
WARNING : Torque commanded on joint 2 too high (137.877), saturating to max value(62.72)
WARNING : Torque commanded on joint 0 too high (715.267), saturating to max value(120.54)
WARNING : Torque commanded on joint 1 too low (-323.751), saturating to min value(-120.54)
WARNING : Torque commanded on joint 2 too high (138.65), saturating to max value(62.72)
WARNING : Torque commanded on joint 0 too high (720.116), saturating to max value(120.54)
WARNING : Torque commanded on joint 1 too low (-325.533), saturating to min value(-120.54)
WARNING : Torque commanded on joint 2 too high (139.631), saturating to max value(62.72)
WARNING : Torque commanded on joint 0 too high (725.515), saturating to max value(120.54)
WARNING : Torque commanded on joint 1 too low (-327.776), saturating to min value(-120.54)
WARNING : Torque commanded on joint 2 too high (140.651), saturating to max value(62.72)
WARNING : Torque commanded on joint 0 too high (728.786), saturating to max value(120.54)
WARNING : Torque commanded on joint 1 too low (-329.444), saturating to min value(-120.54)
WARNING : Torque commanded on joint 2 too high (141.255), saturating to max value(62.72)
WARNING : Torque commanded on joint 0 too high (731.91), saturating to max value(120.54)
WARNING : Torque commanded on joint 1 too low (-331.052), saturating to min value(-120.54)
WARNING : Torque commanded on joint 2 too high (141.838), saturating to max value(62.72)
WARNING : Torque commanded on joint 0 too high (735.029), saturating to max value(120.54)
WARNING : Torque commanded on joint 1 too low (-332.517), saturating to min value(-120.54)
WARNING : Torque commanded on joint 2 too high (142.441), saturating to max value(62.72)
WARNING : Torque commanded on joint 0 too high (739.35), saturating to max value(120.54)
WARNING : Torque commanded on joint 1 too low (-334.396), saturating to min value(-120.54)
WARNING : Torque commanded on joint 2 too high (143.295), saturating to max value(62.72)
WARNING : Torque commanded on joint 0 too high (743.829), saturating to max value(120.54)
WARNING : Torque commanded on joint 1 too low (-336.443), saturating to min value(-120.54)
WARNING : Torque commanded on joint 2 too high (144.171), saturating to max value(62.72)
WARNING : Torque commanded on joint 0 too high (747.307), saturating to max value(120.54)
WARNING : Torque commanded on joint 1 too low (-338.119), saturating to min value(-120.54)
WARNING : Torque commanded on joint 2 too high (144.823), saturating to max value(62.72)
WARNING : Torque commanded on joint 0 too high (751.555), saturating to max value(120.54)
WARNING : Torque commanded on joint 1 too low (-340.136), saturating to min value(-120.54)
WARNING : Torque commanded on joint 2 too high (145.632), saturating to max value(62.72)
WARNING : Torque commanded on joint 0 too high (756.233), saturating to max value(120.54)
WARNING : Torque commanded on joint 1 too low (-342.207), saturating to min value(-120.54)
WARNING : Torque commanded on joint 2 too high (146.561), saturating to max value(62.72)
WARNING : Torque commanded on joint 0 too high (760.232), saturating to max value(120.54)
WARNING : Torque commanded on joint 1 too low (-343.974), saturating to min value(-120.54)
WARNING : Torque commanded on joint 2 too high (147.37), saturating to max value(62.72)
WARNING : Torque commanded on joint 0 too high (763.549), saturating to max value(120.54)
WARNING : Torque commanded on joint 1 too low (-345.449), saturating to min value(-120.54)
WARNING : Torque commanded on joint 2 too high (147.963), saturating to max value(62.72)
WARNING : Torque commanded on joint 0 too high (767.663), saturating to max value(120.54)
WARNING : Torque commanded on joint 1 too low (-347.273), saturating to min value(-120.54)
WARNING : Torque commanded on joint 2 too high (148.74), saturating to max value(62.72)
WARNING : Torque commanded on joint 0 too high (771.758), saturating to max value(120.54)
WARNING : Torque commanded on joint 1 too low (-349.082), saturating to min value(-120.54)
WARNING : Torque commanded on joint 2 too high (149.541), saturating to max value(62.72)
WARNING : Torque commanded on joint 0 too high (775.811), saturating to max value(120.54)
WARNING : Torque commanded on joint 1 too low (-350.779), saturating to min value(-120.54)
WARNING : Torque commanded on joint 2 too high (150.41), saturating to max value(62.72)
WARNING : Torque commanded on joint 0 too high (778.898), saturating to max value(120.54)
WARNING : Torque commanded on joint 1 too low (-352.227), saturating to min value(-120.54)
WARNING : Torque commanded on joint 2 too high (150.992), saturating to max value(62.72)
WARNING : Torque commanded on joint 0 too high (782.835), saturating to max value(120.54)
WARNING : Torque commanded on joint 1 too low (-354.131), saturating to min value(-120.54)
WARNING : Torque commanded on joint 2 too high (151.748), saturating to max value(62.72)
WARNING : Torque commanded on joint 0 too high (786.29), saturating to max value(120.54)
WARNING : Torque commanded on joint 1 too low (-355.728), saturating to min value(-120.54)
WARNING : Torque commanded on joint 2 too high (152.336), saturating to max value(62.72)
WARNING : Torque commanded on joint 0 too high (791.321), saturating to max value(120.54)
WARNING : Torque commanded on joint 1 too low (-357.824), saturating to min value(-120.54)
WARNING : Torque commanded on joint 2 too high (153.364), saturating to max value(62.72)
WARNING : Torque commanded on joint 0 too high (795.147), saturating to max value(120.54)
WARNING : Torque commanded on joint 1 too low (-359.582), saturating to min value(-120.54)
WARNING : Torque commanded on joint 2 too high (154.136), saturating to max value(62.72)
WARNING : Torque commanded on joint 0 too high (797.922), saturating to max value(120.54)
WARNING : Torque commanded on joint 1 too low (-360.971), saturating to min value(-120.54)
WARNING : Torque commanded on joint 2 too high (154.637), saturating to max value(62.72)
WARNING : Torque commanded on joint 0 too high (801.632), saturating to max value(120.54)
WARNING : Torque commanded on joint 1 too low (-362.585), saturating to min value(-120.54)
WARNING : Torque commanded on joint 2 too high (155.359), saturating to max value(62.72)
WARNING : Torque commanded on joint 0 too high (805.501), saturating to max value(120.54)
WARNING : Torque commanded on joint 1 too low (-364.268), saturating to min value(-120.54)
WARNING : Torque commanded on joint 2 too high (156.117), saturating to max value(62.72)
WARNING : Torque commanded on joint 0 too high (809.271), saturating to max value(120.54)
WARNING : Torque commanded on joint 1 too low (-365.964), saturating to min value(-120.54)
WARNING : Torque commanded on joint 2 too high (156.831), saturating to max value(62.72)
WARNING : Torque commanded on joint 0 too high (812.914), saturating to max value(120.54)
WARNING : Torque commanded on joint 1 too low (-367.631), saturating to min value(-120.54)
WARNING : Torque commanded on joint 2 too high (157.559), saturating to max value(62.72)
WARNING : Torque commanded on joint 0 too high (817.475), saturating to max value(120.54)
WARNING : Torque commanded on joint 1 too low (-369.523), saturating to min value(-120.54)
WARNING : Torque commanded on joint 2 too high (158.466), saturating to max value(62.72)
WARNING : Torque commanded on joint 0 too high (821.272), saturating to max value(120.54)
WARNING : Torque commanded on joint 1 too low (-371.307), saturating to min value(-120.54)
WARNING : Torque commanded on joint 2 too high (159.19), saturating to max value(62.72)
WARNING : Torque commanded on joint 0 too high (825.559), saturating to max value(120.54)
WARNING : Torque commanded on joint 1 too low (-373.448), saturating to min value(-120.54)
WARNING : Torque commanded on joint 2 too high (160.007), saturating to max value(62.72)
WARNING : Torque commanded on joint 0 too high (828.916), saturating to max value(120.54)
WARNING : Torque commanded on joint 1 too low (-375.061), saturating to min value(-120.54)
WARNING : Torque commanded on joint 2 too high (160.656), saturating to max value(62.72)
WARNING : Torque commanded on joint 0 too high (832.919), saturating to max value(120.54)
WARNING : Torque commanded on joint 1 too low (-376.824), saturating to min value(-120.54)
WARNING : Torque commanded on joint 2 too high (161.414), saturating to max value(62.72)
WARNING : Torque commanded on joint 0 too high (835.93), saturating to max value(120.54)
WARNING : Torque commanded on joint 1 too low (-378.214), saturating to min value(-120.54)
WARNING : Torque commanded on joint 2 too high (161.939), saturating to max value(62.72)
WARNING : Torque commanded on joint 0 too high (839.876), saturating to max value(120.54)
WARNING : Torque commanded on joint 1 too low (-379.851), saturating to min value(-120.54)
WARNING : Torque commanded on joint 2 too high (162.707), saturating to max value(62.72)
WARNING : Torque commanded on joint 0 too high (844.407), saturating to max value(120.54)
WARNING : Torque commanded on joint 1 too low (-381.717), saturating to min value(-120.54)
WARNING : Torque commanded on joint 2 too high (163.619), saturating to max value(62.72)
WARNING : Torque commanded on joint 0 too high (848.478), saturating to max value(120.54)
WARNING : Torque commanded on joint 1 too low (-383.575), saturating to min value(-120.54)
WARNING : Torque commanded on joint 2 too high (164.413), saturating to max value(62.72)
WARNING : Torque commanded on joint 0 too high (852.189), saturating to max value(120.54)
WARNING : Torque commanded on joint 1 too low (-385.293), saturating to min value(-120.54)
WARNING : Torque commanded on joint 2 too high (165.128), saturating to max value(62.72)
WARNING : Torque commanded on joint 0 too high (856.286), saturating to max value(120.54)
WARNING : Torque commanded on joint 1 too low (-387.047), saturating to min value(-120.54)
WARNING : Torque commanded on joint 2 too high (165.957), saturating to max value(62.72)
WARNING : Torque commanded on joint 0 too high (859.431), saturating to max value(120.54)
WARNING : Torque commanded on joint 1 too low (-388.601), saturating to min value(-120.54)
WARNING : Torque commanded on joint 2 too high (166.511), saturating to max value(62.72)
WARNING : Torque commanded on joint 0 too high (863.183), saturating to max value(120.54)
WARNING : Torque commanded on joint 1 too low (-390.341), saturating to min value(-120.54)
WARNING : Torque commanded on joint 2 too high (167.255), saturating to max value(62.72)
WARNING : Torque commanded on joint 0 too high (866.331), saturating to max value(120.54)
WARNING : Torque commanded on joint 1 too low (-391.736), saturating to min value(-120.54)
WARNING : Torque commanded on joint 2 too high (167.871), saturating to max value(62.72)
WARNING : Torque commanded on joint 0 too high (870.449), saturating to max value(120.54)
WARNING : Torque commanded on joint 1 too low (-393.623), saturating to min value(-120.54)
WARNING : Torque commanded on joint 2 too high (168.71), saturating to max value(62.72)
WARNING : Torque commanded on joint 0 too high (875.28), saturating to max value(120.54)
WARNING : Torque commanded on joint 1 too low (-395.898), saturating to min value(-120.54)
WARNING : Torque commanded on joint 2 too high (169.627), saturating to max value(62.72)
WARNING : Torque commanded on joint 0 too high (879.809), saturating to max value(120.54)
WARNING : Torque commanded on joint 1 too low (-397.996), saturating to min value(-120.54)
WARNING : Torque commanded on joint 2 too high (170.491), saturating to max value(62.72)
WARNING : Torque commanded on joint 0 too high (883.985), saturating to max value(120.54)
WARNING : Torque commanded on joint 1 too low (-399.951), saturating to min value(-120.54)
WARNING : Torque commanded on joint 2 too high (171.301), saturating to max value(62.72)
WARNING : Torque commanded on joint 0 too high (886.198), saturating to max value(120.54)
WARNING : Torque commanded on joint 1 too low (-400.766), saturating to min value(-120.54)
WARNING : Torque commanded on joint 2 too high (171.743), saturating to max value(62.72)
WARNING : Torque commanded on joint 0 too high (888.522), saturating to max value(120.54)
WARNING : Torque commanded on joint 1 too low (-401.837), saturating to min value(-120.54)
WARNING : Torque commanded on joint 2 too high (172.131), saturating to max value(62.72)
WARNING : Torque commanded on joint 0 too high (892.534), saturating to max value(120.54)
WARNING : Torque commanded on joint 1 too low (-403.651), saturating to min value(-120.54)
WARNING : Torque commanded on joint 2 too high (172.924), saturating to max value(62.72)
WARNING : Torque commanded on joint 0 too high (896.689), saturating to max value(120.54)
WARNING : Torque commanded on joint 1 too low (-405.524), saturating to min value(-120.54)
WARNING : Torque commanded on joint 2 too high (173.732), saturating to max value(62.72)
WARNING : Torque commanded on joint 0 too high (900.406), saturating to max value(120.54)
WARNING : Torque commanded on joint 1 too low (-407.062), saturating to min value(-120.54)
WARNING : Torque commanded on joint 2 too high (174.493), saturating to max value(62.72)
WARNING : Torque commanded on joint 0 too high (903.717), saturating to max value(120.54)
WARNING : Torque commanded on joint 1 too low (-408.676), saturating to min value(-120.54)
WARNING : Torque commanded on joint 2 too high (175.112), saturating to max value(62.72)
WARNING : Torque commanded on joint 0 too high (906.982), saturating to max value(120.54)
WARNING : Torque commanded on joint 1 too low (-410.229), saturating to min value(-120.54)
WARNING : Torque commanded on joint 2 too high (175.68), saturating to max value(62.72)
WARNING : Torque commanded on joint 0 too high (912.503), saturating to max value(120.54)
WARNING : Torque commanded on joint 1 too low (-412.737), saturating to min value(-120.54)
WARNING : Torque commanded on joint 2 too high (176.758), saturating to max value(62.72)
WARNING : Torque commanded on joint 0 too high (916.918), saturating to max value(120.54)
WARNING : Torque commanded on joint 1 too low (-414.857), saturating to min value(-120.54)
WARNING : Torque commanded on joint 2 too high (177.645), saturating to max value(62.72)
WARNING : Torque commanded on joint 0 too high (921.322), saturating to max value(120.54)
WARNING : Torque commanded on joint 1 too low (-416.749), saturating to min value(-120.54)
WARNING : Torque commanded on joint 2 too high (178.529), saturating to max value(62.72)
WARNING : Torque commanded on joint 0 too high (926.278), saturating to max value(120.54)
WARNING : Torque commanded on joint 1 too low (-418.806), saturating to min value(-120.54)
WARNING : Torque commanded on joint 2 too high (179.546), saturating to max value(62.72)
WARNING : Torque commanded on joint 0 too high (930.03), saturating to max value(120.54)
WARNING : Torque commanded on joint 1 too low (-420.367), saturating to min value(-120.54)
WARNING : Torque commanded on joint 2 too high (180.275), saturating to max value(62.72)
WARNING : Torque commanded on joint 0 too high (933.288), saturating to max value(120.54)
WARNING : Torque commanded on joint 1 too low (-421.909), saturating to min value(-120.54)
WARNING : Torque commanded on joint 2 too high (180.876), saturating to max value(62.72)
WARNING : Torque commanded on joint 0 too high (937.194), saturating to max value(120.54)
WARNING : Torque commanded on joint 1 too low (-423.675), saturating to min value(-120.54)
WARNING : Torque commanded on joint 2 too high (181.631), saturating to max value(62.72)
WARNING : Torque commanded on joint 0 too high (941.598), saturating to max value(120.54)
WARNING : Torque commanded on joint 1 too low (-425.587), saturating to min value(-120.54)
WARNING : Torque commanded on joint 2 too high (182.503), saturating to max value(62.72)
WARNING : Torque commanded on joint 0 too high (945.345), saturating to max value(120.54)
WARNING : Torque commanded on joint 1 too low (-427.202), saturating to min value(-120.54)
WARNING : Torque commanded on joint 2 too high (183.193), saturating to max value(62.72)
WARNING : Torque commanded on joint 0 too high (948.257), saturating to max value(120.54)
WARNING : Torque commanded on joint 1 too low (-428.774), saturating to min value(-120.54)
WARNING : Torque commanded on joint 2 too high (183.705), saturating to max value(62.72)
WARNING : Torque commanded on joint 0 too high (951.626), saturating to max value(120.54)
WARNING : Torque commanded on joint 1 too low (-430.353), saturating to min value(-120.54)
WARNING : Torque commanded on joint 2 too high (184.335), saturating to max value(62.72)
WARNING : Torque commanded on joint 0 too high (955.058), saturating to max value(120.54)
WARNING : Torque commanded on joint 1 too low (-431.931), saturating to min value(-120.54)
WARNING : Torque commanded on joint 2 too high (185.024), saturating to max value(62.72)
WARNING : Torque commanded on joint 0 too high (959.33), saturating to max value(120.54)
WARNING : Torque commanded on joint 1 too low (-433.996), saturating to min value(-120.54)
WARNING : Torque commanded on joint 2 too high (185.838), saturating to max value(62.72)
WARNING : Torque commanded on joint 0 too high (963.094), saturating to max value(120.54)
WARNING : Torque commanded on joint 1 too low (-435.711), saturating to min value(-120.54)
WARNING : Torque commanded on joint 2 too high (186.55), saturating to max value(62.72)
WARNING : Torque commanded on joint 0 too high (966.21), saturating to max value(120.54)
WARNING : Torque commanded on joint 1 too low (-437.131), saturating to min value(-120.54)
WARNING : Torque commanded on joint 2 too high (187.148), saturating to max value(62.72)
WARNING : Torque commanded on joint 0 too high (970.954), saturating to max value(120.54)
WARNING : Torque commanded on joint 1 too low (-439.152), saturating to min value(-120.54)
WARNING : Torque commanded on joint 2 too high (188.107), saturating to max value(62.72)
WARNING : Torque commanded on joint 0 too high (975.857), saturating to max value(120.54)
WARNING : Torque commanded on joint 1 too low (-441.218), saturating to min value(-120.54)
WARNING : Torque commanded on joint 2 too high (189.101), saturating to max value(62.72)
WARNING : Torque commanded on joint 0 too high (979.071), saturating to max value(120.54)
WARNING : Torque commanded on joint 1 too low (-442.782), saturating to min value(-120.54)
WARNING : Torque commanded on joint 2 too high (189.712), saturating to max value(62.72)
WARNING : Torque commanded on joint 0 too high (981.76), saturating to max value(120.54)
WARNING : Torque commanded on joint 1 too low (-444.172), saturating to min value(-120.54)
WARNING : Torque commanded on joint 2 too high (190.202), saturating to max value(62.72)
WARNING : Torque commanded on joint 0 too high (984.607), saturating to max value(120.54)
WARNING : Torque commanded on joint 1 too low (-445.573), saturating to min value(-120.54)
WARNING : Torque commanded on joint 2 too high (190.746), saturating to max value(62.72)
WARNING : Torque commanded on joint 0 too high (988.562), saturating to max value(120.54)
WARNING : Torque commanded on joint 1 too low (-447.275), saturating to min value(-120.54)
WARNING : Torque commanded on joint 2 too high (191.519), saturating to max value(62.72)
WARNING : Torque commanded on joint 0 too high (992.106), saturating to max value(120.54)
WARNING : Torque commanded on joint 1 too low (-448.892), saturating to min value(-120.54)
WARNING : Torque commanded on joint 2 too high (192.14), saturating to max value(62.72)
WARNING : Torque commanded on joint 0 too high (995.481), saturating to max value(120.54)
WARNING : Torque commanded on joint 1 too low (-450.316), saturating to min value(-120.54)
WARNING : Torque commanded on joint 2 too high (192.77), saturating to max value(62.72)
WARNING : Torque commanded on joint 0 too high (999.58), saturating to max value(120.54)
WARNING : Torque commanded on joint 1 too low (-452.237), saturating to min value(-120.54)
WARNING : Torque commanded on joint 2 too high (193.585), saturating to max value(62.72)
WARNING : Torque commanded on joint 0 too high (1004.22), saturating to max value(120.54)
WARNING : Torque commanded on joint 1 too low (-454.206), saturating to min value(-120.54)
WARNING : Torque commanded on joint 2 too high (194.549), saturating to max value(62.72)
WARNING : Torque commanded on joint 0 too high (1007.83), saturating to max value(120.54)
WARNING : Torque commanded on joint 1 too low (-455.745), saturating to min value(-120.54)
WARNING : Torque commanded on joint 2 too high (195.276), saturating to max value(62.72)
WARNING : Torque commanded on joint 0 too high (1012.56), saturating to max value(120.54)
WARNING : Torque commanded on joint 1 too low (-457.945), saturating to min value(-120.54)
WARNING : Torque commanded on joint 2 too high (196.194), saturating to max value(62.72)
WARNING : Torque commanded on joint 0 too high (1017.05), saturating to max value(120.54)
WARNING : Torque commanded on joint 1 too low (-459.896), saturating to min value(-120.54)
WARNING : Torque commanded on joint 2 too high (197.067), saturating to max value(62.72)
WARNING : Torque commanded on joint 0 too high (1021.8), saturating to max value(120.54)
WARNING : Torque commanded on joint 1 too low (-462.128), saturating to min value(-120.54)
WARNING : Torque commanded on joint 2 too high (198.037), saturating to max value(62.72)
WARNING : Torque commanded on joint 0 too high (1024.59), saturating to max value(120.54)
WARNING : Torque commanded on joint 1 too low (-463.525), saturating to min value(-120.54)
WARNING : Torque commanded on joint 2 too high (198.583), saturating to max value(62.72)
WARNING : Torque commanded on joint 0 too high (1027.11), saturating to max value(120.54)
WARNING : Torque commanded on joint 1 too low (-464.772), saturating to min value(-120.54)
WARNING : Torque commanded on joint 2 too high (199.057), saturating to max value(62.72)
WARNING : Torque commanded on joint 0 too high (1030.97), saturating to max value(120.54)
WARNING : Torque commanded on joint 1 too low (-466.506), saturating to min value(-120.54)
WARNING : Torque commanded on joint 2 too high (199.769), saturating to max value(62.72)
WARNING : Torque commanded on joint 0 too high (1035.45), saturating to max value(120.54)
WARNING : Torque commanded on joint 1 too low (-468.302), saturating to min value(-120.54)
WARNING : Torque commanded on joint 2 too high (200.639), saturating to max value(62.72)
WARNING : Torque commanded on joint 0 too high (1039.47), saturating to max value(120.54)
WARNING : Torque commanded on joint 1 too low (-470.028), saturating to min value(-120.54)
WARNING : Torque commanded on joint 2 too high (201.447), saturating to max value(62.72)
WARNING : Torque commanded on joint 0 too high (1043.71), saturating to max value(120.54)
WARNING : Torque commanded on joint 1 too low (-471.925), saturating to min value(-120.54)
WARNING : Torque commanded on joint 2 too high (202.307), saturating to max value(62.72)
WARNING : Torque commanded on joint 0 too high (1048.21), saturating to max value(120.54)
WARNING : Torque commanded on joint 1 too low (-473.881), saturating to min value(-120.54)
WARNING : Torque commanded on joint 2 too high (203.222), saturating to max value(62.72)
WARNING : Torque commanded on joint 0 too high (1051.83), saturating to max value(120.54)
WARNING : Torque commanded on joint 1 too low (-475.575), saturating to min value(-120.54)
WARNING : Torque commanded on joint 2 too high (203.904), saturating to max value(62.72)
WARNING : Torque commanded on joint 0 too high (1054.57), saturating to max value(120.54)
WARNING : Torque commanded on joint 1 too low (-477.121), saturating to min value(-120.54)
WARNING : Torque commanded on joint 2 too high (204.357), saturating to max value(62.72)
WARNING : Torque commanded on joint 0 too high (1057.86), saturating to max value(120.54)
WARNING : Torque commanded on joint 1 too low (-478.703), saturating to min value(-120.54)
WARNING : Torque commanded on joint 2 too high (204.948), saturating to max value(62.72)
WARNING : Torque commanded on joint 0 too high (1061.95), saturating to max value(120.54)
WARNING : Torque commanded on joint 1 too low (-480.449), saturating to min value(-120.54)
WARNING : Torque commanded on joint 2 too high (205.755), saturating to max value(62.72)
WARNING : Torque commanded on joint 0 too high (1065.62), saturating to max value(120.54)
WARNING : Torque commanded on joint 1 too low (-482.064), saturating to min value(-120.54)
WARNING : Torque commanded on joint 2 too high (206.46), saturating to max value(62.72)
WARNING : Torque commanded on joint 0 too high (1070.46), saturating to max value(120.54)
WARNING : Torque commanded on joint 1 too low (-484.299), saturating to min value(-120.54)
WARNING : Torque commanded on joint 2 too high (207.44), saturating to max value(62.72)
WARNING : Torque commanded on joint 0 too high (1074.25), saturating to max value(120.54)
WARNING : Torque commanded on joint 1 too low (-486.148), saturating to min value(-120.54)
WARNING : Torque commanded on joint 2 too high (208.224), saturating to max value(62.72)
WARNING : Torque commanded on joint 3 too high (62.828), saturating to max value(62.72)
WARNING : Torque commanded on joint 0 too high (1078.31), saturating to max value(120.54)
WARNING : Torque commanded on joint 1 too low (-487.843), saturating to min value(-120.54)
WARNING : Torque commanded on joint 2 too high (209.042), saturating to max value(62.72)
WARNING : Torque commanded on joint 3 too high (62.9882), saturating to max value(62.72)
WARNING : Torque commanded on joint 0 too high (1081.51), saturating to max value(120.54)
WARNING : Torque commanded on joint 1 too low (-489.347), saturating to min value(-120.54)
WARNING : Torque commanded on joint 2 too high (209.562), saturating to max value(62.72)
WARNING : Torque commanded on joint 3 too high (63.1776), saturating to max value(62.72)
WARNING : Torque commanded on joint 0 too high (1085.91), saturating to max value(120.54)
WARNING : Torque commanded on joint 1 too low (-491.266), saturating to min value(-120.54)
WARNING : Torque commanded on joint 2 too high (210.378), saturating to max value(62.72)
WARNING : Torque commanded on joint 3 too high (63.3973), saturating to max value(62.72)
WARNING : Torque commanded on joint 0 too high (1090.75), saturating to max value(120.54)
WARNING : Torque commanded on joint 1 too low (-493.272), saturating to min value(-120.54)
WARNING : Torque commanded on joint 2 too high (211.336), saturating to max value(62.72)
WARNING : Torque commanded on joint 3 too high (63.6826), saturating to max value(62.72)
WARNING : Torque commanded on joint 0 too high (1094.87), saturating to max value(120.54)
WARNING : Torque commanded on joint 1 too low (-495.208), saturating to min value(-120.54)
WARNING : Torque commanded on joint 2 too high (212.152), saturating to max value(62.72)
WARNING : Torque commanded on joint 3 too high (64.015), saturating to max value(62.72)
WARNING : Torque commanded on joint 0 too high (1099.18), saturating to max value(120.54)
WARNING : Torque commanded on joint 1 too low (-497.055), saturating to min value(-120.54)
WARNING : Torque commanded on joint 2 too high (213.059), saturating to max value(62.72)
WARNING : Torque commanded on joint 3 too high (64.2681), saturating to max value(62.72)
WARNING : Torque commanded on joint 0 too high (1102.05), saturating to max value(120.54)
WARNING : Torque commanded on joint 1 too low (-498.404), saturating to min value(-120.54)
WARNING : Torque commanded on joint 2 too high (213.616), saturating to max value(62.72)
WARNING : Torque commanded on joint 3 too high (64.4216), saturating to max value(62.72)
WARNING : Torque commanded on joint 0 too high (1105.81), saturating to max value(120.54)
WARNING : Torque commanded on joint 1 too low (-500.137), saturating to min value(-120.54)
WARNING : Torque commanded on joint 2 too high (214.329), saturating to max value(62.72)
WARNING : Torque commanded on joint 3 too high (64.6361), saturating to max value(62.72)
WARNING : Torque commanded on joint 0 too high (1109.04), saturating to max value(120.54)
WARNING : Torque commanded on joint 1 too low (-501.779), saturating to min value(-120.54)
WARNING : Torque commanded on joint 2 too high (214.954), saturating to max value(62.72)
WARNING : Torque commanded on joint 3 too high (64.804), saturating to max value(62.72)
WARNING : Torque commanded on joint 0 too high (1112.24), saturating to max value(120.54)
WARNING : Torque commanded on joint 1 too low (-503.2), saturating to min value(-120.54)
WARNING : Torque commanded on joint 2 too high (215.574), saturating to max value(62.72)
WARNING : Torque commanded on joint 3 too high (64.9112), saturating to max value(62.72)
WARNING : Torque commanded on joint 0 too high (1115.61), saturating to max value(120.54)
WARNING : Torque commanded on joint 1 too low (-504.811), saturating to min value(-120.54)
WARNING : Torque commanded on joint 2 too high (216.208), saturating to max value(62.72)
WARNING : Torque commanded on joint 3 too high (65.1111), saturating to max value(62.72)
WARNING : Torque commanded on joint 0 too high (1119.92), saturating to max value(120.54)
WARNING : Torque commanded on joint 1 too low (-506.84), saturating to min value(-120.54)
WARNING : Torque commanded on joint 2 too high (217.035), saturating to max value(62.72)
WARNING : Torque commanded on joint 3 too high (65.4426), saturating to max value(62.72)
WARNING : Torque commanded on joint 0 too high (1124.58), saturating to max value(120.54)
WARNING : Torque commanded on joint 1 too low (-508.884), saturating to min value(-120.54)
WARNING : Torque commanded on joint 2 too high (217.941), saturating to max value(62.72)
WARNING : Torque commanded on joint 3 too high (65.7698), saturating to max value(62.72)
WARNING : Torque commanded on joint 0 too high (1126.99), saturating to max value(120.54)
WARNING : Torque commanded on joint 1 too low (-510.141), saturating to min value(-120.54)
WARNING : Torque commanded on joint 2 too high (218.374), saturating to max value(62.72)
WARNING : Torque commanded on joint 3 too high (65.8939), saturating to max value(62.72)
WARNING : Torque commanded on joint 0 too high (1130.56), saturating to max value(120.54)
WARNING : Torque commanded on joint 1 too low (-511.641), saturating to min value(-120.54)
WARNING : Torque commanded on joint 2 too high (219.051), saturating to max value(62.72)
WARNING : Torque commanded on joint 3 too high (65.9924), saturating to max value(62.72)
WARNING : Torque commanded on joint 0 too high (1135.16), saturating to max value(120.54)
WARNING : Torque commanded on joint 1 too low (-513.649), saturating to min value(-120.54)
WARNING : Torque commanded on joint 2 too high (219.939), saturating to max value(62.72)
WARNING : Torque commanded on joint 3 too high (66.2382), saturating to max value(62.72)
WARNING : Torque commanded on joint 0 too high (1138.73), saturating to max value(120.54)
WARNING : Torque commanded on joint 1 too low (-515.412), saturating to min value(-120.54)
WARNING : Torque commanded on joint 2 too high (220.635), saturating to max value(62.72)
WARNING : Torque commanded on joint 3 too high (66.4312), saturating to max value(62.72)
WARNING : Torque commanded on joint 0 too high (1142.62), saturating to max value(120.54)
WARNING : Torque commanded on joint 1 too low (-517.178), saturating to min value(-120.54)
WARNING : Torque commanded on joint 2 too high (221.362), saturating to max value(62.72)
WARNING : Torque commanded on joint 3 too high (66.6705), saturating to max value(62.72)
WARNING : Torque commanded on joint 0 too high (1147.22), saturating to max value(120.54)
WARNING : Torque commanded on joint 1 too low (-519.252), saturating to min value(-120.54)
WARNING : Torque commanded on joint 2 too high (222.243), saturating to max value(62.72)
WARNING : Torque commanded on joint 3 too high (67.0226), saturating to max value(62.72)
WARNING : Torque commanded on joint 0 too high (1151.68), saturating to max value(120.54)
WARNING : Torque commanded on joint 1 too low (-521.278), saturating to min value(-120.54)
WARNING : Torque commanded on joint 2 too high (223.11), saturating to max value(62.72)
WARNING : Torque commanded on joint 3 too high (67.347), saturating to max value(62.72)
WARNING : Torque commanded on joint 0 too high (1154.75), saturating to max value(120.54)
WARNING : Torque commanded on joint 1 too low (-522.712), saturating to min value(-120.54)
WARNING : Torque commanded on joint 2 too high (223.713), saturating to max value(62.72)
WARNING : Torque commanded on joint 3 too high (67.4679), saturating to max value(62.72)
WARNING : Torque commanded on joint 0 too high (1158.13), saturating to max value(120.54)
WARNING : Torque commanded on joint 1 too low (-524.274), saturating to min value(-120.54)
WARNING : Torque commanded on joint 2 too high (224.405), saturating to max value(62.72)
WARNING : Torque commanded on joint 3 too high (67.658), saturating to max value(62.72)
WARNING : Torque commanded on joint 0 too high (1160.93), saturating to max value(120.54)
WARNING : Torque commanded on joint 1 too low (-525.521), saturating to min value(-120.54)
WARNING : Torque commanded on joint 2 too high (224.927), saturating to max value(62.72)
WARNING : Torque commanded on joint 3 too high (67.7698), saturating to max value(62.72)
WARNING : Torque commanded on joint 0 too high (1166.02), saturating to max value(120.54)
WARNING : Torque commanded on joint 1 too low (-527.428), saturating to min value(-120.54)
WARNING : Torque commanded on joint 2 too high (225.975), saturating to max value(62.72)
WARNING : Torque commanded on joint 3 too high (67.9986), saturating to max value(62.72)
WARNING : Torque commanded on joint 0 too high (1169.62), saturating to max value(120.54)
WARNING : Torque commanded on joint 1 too low (-528.946), saturating to min value(-120.54)
WARNING : Torque commanded on joint 2 too high (226.723), saturating to max value(62.72)
WARNING : Torque commanded on joint 3 too high (68.1291), saturating to max value(62.72)
WARNING : Torque commanded on joint 0 too high (1173.99), saturating to max value(120.54)
WARNING : Torque commanded on joint 1 too low (-530.959), saturating to min value(-120.54)
WARNING : Torque commanded on joint 2 too high (227.597), saturating to max value(62.72)
WARNING : Torque commanded on joint 3 too high (68.4466), saturating to max value(62.72)
WARNING : Torque commanded on joint 0 too high (1179.13), saturating to max value(120.54)
WARNING : Torque commanded on joint 1 too low (-533.214), saturating to min value(-120.54)
WARNING : Torque commanded on joint 2 too high (228.59), saturating to max value(62.72)
WARNING : Torque commanded on joint 3 too high (68.7874), saturating to max value(62.72)
WARNING : Torque commanded on joint 0 too high (1183.48), saturating to max value(120.54)
WARNING : Torque commanded on joint 1 too low (-535.213), saturating to min value(-120.54)
WARNING : Torque commanded on joint 2 too high (229.449), saturating to max value(62.72)
WARNING : Torque commanded on joint 3 too high (69.1131), saturating to max value(62.72)
WARNING : Torque commanded on joint 0 too high (1187.07), saturating to max value(120.54)
WARNING : Torque commanded on joint 1 too low (-536.896), saturating to min value(-120.54)
WARNING : Torque commanded on joint 2 too high (230.148), saturating to max value(62.72)
WARNING : Torque commanded on joint 3 too high (69.3178), saturating to max value(62.72)
WARNING : Torque commanded on joint 0 too high (1190.38), saturating to max value(120.54)
WARNING : Torque commanded on joint 1 too low (-538.325), saturating to min value(-120.54)
WARNING : Torque commanded on joint 2 too high (230.763), saturating to max value(62.72)
WARNING : Torque commanded on joint 3 too high (69.4336), saturating to max value(62.72)
WARNING : Torque commanded on joint 0 too high (1194.18), saturating to max value(120.54)
WARNING : Torque commanded on joint 1 too low (-540.236), saturating to min value(-120.54)
WARNING : Torque commanded on joint 2 too high (231.518), saturating to max value(62.72)
WARNING : Torque commanded on joint 3 too high (69.7267), saturating to max value(62.72)
WARNING : Torque commanded on joint 0 too high (1197.43), saturating to max value(120.54)
WARNING : Torque commanded on joint 1 too low (-541.842), saturating to min value(-120.54)
WARNING : Torque commanded on joint 2 too high (232.137), saturating to max value(62.72)
WARNING : Torque commanded on joint 3 too high (69.8947), saturating to max value(62.72)
WARNING : Torque commanded on joint 0 too high (1201.05), saturating to max value(120.54)
WARNING : Torque commanded on joint 1 too low (-543.553), saturating to min value(-120.54)
WARNING : Torque commanded on joint 2 too high (232.8), saturating to max value(62.72)
WARNING : Torque commanded on joint 3 too high (70.1244), saturating to max value(62.72)
WARNING : Torque commanded on joint 0 too high (1203.79), saturating to max value(120.54)
WARNING : Torque commanded on joint 1 too low (-544.888), saturating to min value(-120.54)
WARNING : Torque commanded on joint 2 too high (233.316), saturating to max value(62.72)
WARNING : Torque commanded on joint 3 too high (70.2969), saturating to max value(62.72)
WARNING : Torque commanded on joint 0 too high (1208.34), saturating to max value(120.54)
WARNING : Torque commanded on joint 1 too low (-546.653), saturating to min value(-120.54)
WARNING : Torque commanded on joint 2 too high (234.241), saturating to max value(62.72)
WARNING : Torque commanded on joint 3 too high (70.5447), saturating to max value(62.72)
WARNING : Torque commanded on joint 0 too high (1212.84), saturating to max value(120.54)
WARNING : Torque commanded on joint 1 too low (-548.383), saturating to min value(-120.54)
WARNING : Torque commanded on joint 2 too high (235.169), saturating to max value(62.72)
WARNING : Torque commanded on joint 3 too high (70.6921), saturating to max value(62.72)
WARNING : Torque commanded on joint 0 too high (1216.71), saturating to max value(120.54)
WARNING : Torque commanded on joint 1 too low (-550.221), saturating to min value(-120.54)
WARNING : Torque commanded on joint 2 too high (235.902), saturating to max value(62.72)
WARNING : Torque commanded on joint 3 too high (70.8695), saturating to max value(62.72)
WARNING : Torque commanded on joint 0 too high (1220.53), saturating to max value(120.54)
WARNING : Torque commanded on joint 1 too low (-551.956), saturating to min value(-120.54)
WARNING : Torque commanded on joint 2 too high (236.642), saturating to max value(62.72)
WARNING : Torque commanded on joint 3 too high (71.0925), saturating to max value(62.72)
WARNING : Torque commanded on joint 0 too high (1224.64), saturating to max value(120.54)
WARNING : Torque commanded on joint 1 too low (-554.086), saturating to min value(-120.54)
WARNING : Torque commanded on joint 2 too high (237.401), saturating to max value(62.72)
WARNING : Torque commanded on joint 3 too high (71.4403), saturating to max value(62.72)
WARNING : Torque commanded on joint 0 too high (1228.63), saturating to max value(120.54)
WARNING : Torque commanded on joint 1 too low (-555.842), saturating to min value(-120.54)
WARNING : Torque commanded on joint 2 too high (238.163), saturating to max value(62.72)
WARNING : Torque commanded on joint 3 too high (71.6709), saturating to max value(62.72)
WARNING : Torque commanded on joint 0 too high (1232.21), saturating to max value(120.54)
WARNING : Torque commanded on joint 1 too low (-557.384), saturating to min value(-120.54)
WARNING : Torque commanded on joint 2 too high (238.824), saturating to max value(62.72)
WARNING : Torque commanded on joint 3 too high (71.8341), saturating to max value(62.72)
WARNING : Torque commanded on joint 0 too high (1234.67), saturating to max value(120.54)
WARNING : Torque commanded on joint 1 too low (-558.67), saturating to min value(-120.54)
WARNING : Torque commanded on joint 2 too high (239.257), saturating to max value(62.72)
WARNING : Torque commanded on joint 3 too high (71.9669), saturating to max value(62.72)
WARNING : Torque commanded on joint 0 too high (1237.67), saturating to max value(120.54)
WARNING : Torque commanded on joint 1 too low (-560.332), saturating to min value(-120.54)
WARNING : Torque commanded on joint 2 too high (239.816), saturating to max value(62.72)
WARNING : Torque commanded on joint 3 too high (72.2824), saturating to max value(62.72)
WARNING : Torque commanded on joint 0 too high (1240.83), saturating to max value(120.54)
WARNING : Torque commanded on joint 1 too low (-561.955), saturating to min value(-120.54)
WARNING : Torque commanded on joint 2 too high (240.381), saturating to max value(62.72)
WARNING : Torque commanded on joint 3 too high (72.5447), saturating to max value(62.72)
WARNING : Torque commanded on joint 0 too high (1245.86), saturating to max value(120.54)
WARNING : Torque commanded on joint 1 too low (-564.029), saturating to min value(-120.54)
WARNING : Torque commanded on joint 2 too high (241.421), saturating to max value(62.72)
WARNING : Torque commanded on joint 3 too high (72.8127), saturating to max value(62.72)
WARNING : Torque commanded on joint 0 too high (1251.12), saturating to max value(120.54)
WARNING : Torque commanded on joint 1 too low (-566.241), saturating to min value(-120.54)
WARNING : Torque commanded on joint 2 too high (242.533), saturating to max value(62.72)
WARNING : Torque commanded on joint 3 too high (73.1506), saturating to max value(62.72)
WARNING : Torque commanded on joint 0 too high (1254.79), saturating to max value(120.54)
WARNING : Torque commanded on joint 1 too low (-568.049), saturating to min value(-120.54)
WARNING : Torque commanded on joint 2 too high (243.198), saturating to max value(62.72)
WARNING : Torque commanded on joint 3 too high (73.3852), saturating to max value(62.72)
WARNING : Torque commanded on joint 0 too high (1258.74), saturating to max value(120.54)
WARNING : Torque commanded on joint 1 too low (-569.95), saturating to min value(-120.54)
WARNING : Torque commanded on joint 2 too high (243.954), saturating to max value(62.72)
WARNING : Torque commanded on joint 3 too high (73.6534), saturating to max value(62.72)
WARNING : Torque commanded on joint 0 too high (1262.51), saturating to max value(120.54)
WARNING : Torque commanded on joint 1 too low (-571.723), saturating to min value(-120.54)
WARNING : Torque commanded on joint 2 too high (244.681), saturating to max value(62.72)
WARNING : Torque commanded on joint 3 too high (73.8491), saturating to max value(62.72)
WARNING : Torque commanded on joint 0 too high (1265), saturating to max value(120.54)
WARNING : Torque commanded on joint 1 too low (-572.913), saturating to min value(-120.54)
WARNING : Torque commanded on joint 2 too high (245.159), saturating to max value(62.72)
WARNING : Torque commanded on joint 3 too high (73.921), saturating to max value(62.72)
WARNING : Torque commanded on joint 0 too high (1269.04), saturating to max value(120.54)
WARNING : Torque commanded on joint 1 too low (-574.628), saturating to min value(-120.54)
WARNING : Torque commanded on joint 2 too high (245.976), saturating to max value(62.72)
WARNING : Torque commanded on joint 3 too high (74.1511), saturating to max value(62.72)
WARNING : Torque commanded on joint 0 too high (1272.85), saturating to max value(120.54)
WARNING : Torque commanded on joint 1 too low (-576.257), saturating to min value(-120.54)
WARNING : Torque commanded on joint 2 too high (246.699), saturating to max value(62.72)
WARNING : Torque commanded on joint 3 too high (74.3125), saturating to max value(62.72)
WARNING : Torque commanded on joint 0 too high (1276.62), saturating to max value(120.54)
WARNING : Torque commanded on joint 1 too low (-578.009), saturating to min value(-120.54)
WARNING : Torque commanded on joint 2 too high (247.362), saturating to max value(62.72)
WARNING : Torque commanded on joint 3 too high (74.5327), saturating to max value(62.72)
WARNING : Torque commanded on joint 0 too high (1280.18), saturating to max value(120.54)
WARNING : Torque commanded on joint 1 too low (-579.649), saturating to min value(-120.54)
WARNING : Torque commanded on joint 2 too high (248.032), saturating to max value(62.72)
WARNING : Torque commanded on joint 3 too high (74.7481), saturating to max value(62.72)
WARNING : Torque commanded on joint 0 too high (1284.83), saturating to max value(120.54)
WARNING : Torque commanded on joint 1 too low (-581.504), saturating to min value(-120.54)
WARNING : Torque commanded on joint 2 too high (248.969), saturating to max value(62.72)
WARNING : Torque commanded on joint 3 too high (74.9747), saturating to max value(62.72)
WARNING : Torque commanded on joint 0 too high (1290.04), saturating to max value(120.54)
WARNING : Torque commanded on joint 1 too low (-583.657), saturating to min value(-120.54)
WARNING : Torque commanded on joint 2 too high (250.058), saturating to max value(62.72)
WARNING : Torque commanded on joint 3 too high (75.3085), saturating to max value(62.72)
WARNING : Torque commanded on joint 0 too high (1294.36), saturating to max value(120.54)
WARNING : Torque commanded on joint 1 too low (-585.656), saturating to min value(-120.54)
WARNING : Torque commanded on joint 2 too high (250.954), saturating to max value(62.72)
WARNING : Torque commanded on joint 3 too high (75.6443), saturating to max value(62.72)
WARNING : Torque commanded on joint 0 too high (1297.13), saturating to max value(120.54)
WARNING : Torque commanded on joint 1 too low (-587.104), saturating to min value(-120.54)
WARNING : Torque commanded on joint 2 too high (251.425), saturating to max value(62.72)
WARNING : Torque commanded on joint 3 too high (75.7863), saturating to max value(62.72)
WARNING : Torque commanded on joint 0 too high (1301.43), saturating to max value(120.54)
WARNING : Torque commanded on joint 1 too low (-589.16), saturating to min value(-120.54)
WARNING : Torque commanded on joint 2 too high (252.234), saturating to max value(62.72)
WARNING : Torque commanded on joint 3 too high (76.1267), saturating to max value(62.72)
WARNING : Torque commanded on joint 0 too high (1305.47), saturating to max value(120.54)
WARNING : Torque commanded on joint 1 too low (-590.861), saturating to min value(-120.54)
WARNING : Torque commanded on joint 2 too high (253.04), saturating to max value(62.72)
WARNING : Torque commanded on joint 3 too high (76.3072), saturating to max value(62.72)
WARNING : Torque commanded on joint 0 too high (1308.78), saturating to max value(120.54)
WARNING : Torque commanded on joint 1 too low (-592.263), saturating to min value(-120.54)
WARNING : Torque commanded on joint 2 too high (253.661), saturating to max value(62.72)
WARNING : Torque commanded on joint 3 too high (76.3999), saturating to max value(62.72)
WARNING : Torque commanded on joint 0 too high (1311.67), saturating to max value(120.54)
WARNING : Torque commanded on joint 1 too low (-593.594), saturating to min value(-120.54)
WARNING : Torque commanded on joint 2 too high (254.164), saturating to max value(62.72)
WARNING : Torque commanded on joint 3 too high (76.488), saturating to max value(62.72)
WARNING : Torque commanded on joint 0 too high (1314.66), saturating to max value(120.54)
WARNING : Torque commanded on joint 1 too low (-595.099), saturating to min value(-120.54)
WARNING : Torque commanded on joint 2 too high (254.726), saturating to max value(62.72)
WARNING : Torque commanded on joint 3 too high (76.6156), saturating to max value(62.72)
WARNING : Torque commanded on joint 0 too high (1317.26), saturating to max value(120.54)
WARNING : Torque commanded on joint 1 too low (-596.455), saturating to min value(-120.54)
WARNING : Torque commanded on joint 2 too high (255.245), saturating to max value(62.72)
WARNING : Torque commanded on joint 3 too high (76.744), saturating to max value(62.72)
WARNING : Torque commanded on joint 0 too high (1321.23), saturating to max value(120.54)
WARNING : Torque commanded on joint 1 too low (-598.277), saturating to min value(-120.54)
WARNING : Torque commanded on joint 2 too high (256.037), saturating to max value(62.72)
WARNING : Torque commanded on joint 3 too high (77.0086), saturating to max value(62.72)
WARNING : Torque commanded on joint 0 too high (1325.87), saturating to max value(120.54)
WARNING : Torque commanded on joint 1 too low (-600.275), saturating to min value(-120.54)
WARNING : Torque commanded on joint 2 too high (256.917), saturating to max value(62.72)
WARNING : Torque commanded on joint 3 too high (77.2917), saturating to max value(62.72)
WARNING : Torque commanded on joint 0 too high (1329.71), saturating to max value(120.54)
WARNING : Torque commanded on joint 1 too low (-602.051), saturating to min value(-120.54)
WARNING : Torque commanded on joint 2 too high (257.624), saturating to max value(62.72)
WARNING : Torque commanded on joint 3 too high (77.5479), saturating to max value(62.72)
WARNING : Torque commanded on joint 0 too high (1334.1), saturating to max value(120.54)
WARNING : Torque commanded on joint 1 too low (-604.297), saturating to min value(-120.54)
WARNING : Torque commanded on joint 2 too high (258.491), saturating to max value(62.72)
WARNING : Torque commanded on joint 3 too high (77.954), saturating to max value(62.72)
WARNING : Torque commanded on joint 0 too high (1338.6), saturating to max value(120.54)
WARNING : Torque commanded on joint 1 too low (-606.375), saturating to min value(-120.54)
WARNING : Torque commanded on joint 2 too high (259.368), saturating to max value(62.72)
WARNING : Torque commanded on joint 3 too high (78.2934), saturating to max value(62.72)
WARNING : Torque commanded on joint 0 too high (1342.43), saturating to max value(120.54)
WARNING : Torque commanded on joint 1 too low (-608.075), saturating to min value(-120.54)
WARNING : Torque commanded on joint 2 too high (260.12), saturating to max value(62.72)
WARNING : Torque commanded on joint 3 too high (78.4982), saturating to max value(62.72)
WARNING : Torque commanded on joint 0 too high (1347.15), saturating to max value(120.54)
WARNING : Torque commanded on joint 1 too low (-609.972), saturating to min value(-120.54)
WARNING : Torque commanded on joint 2 too high (261.047), saturating to max value(62.72)
WARNING : Torque commanded on joint 3 too high (78.7177), saturating to max value(62.72)
WARNING : Torque commanded on joint 0 too high (1351.08), saturating to max value(120.54)
WARNING : Torque commanded on joint 1 too low (-611.633), saturating to min value(-120.54)
WARNING : Torque commanded on joint 2 too high (261.753), saturating to max value(62.72)
WARNING : Torque commanded on joint 3 too high (78.8672), saturating to max value(62.72)
WARNING : Torque commanded on joint 0 too high (1355), saturating to max value(120.54)
WARNING : Torque commanded on joint 1 too low (-613.349), saturating to min value(-120.54)
WARNING : Torque commanded on joint 2 too high (262.536), saturating to max value(62.72)
WARNING : Torque commanded on joint 3 too high (79.0979), saturating to max value(62.72)
WARNING : Torque commanded on joint 0 too high (1358.21), saturating to max value(120.54)
WARNING : Torque commanded on joint 1 too low (-614.912), saturating to min value(-120.54)
WARNING : Torque commanded on joint 2 too high (263.198), saturating to max value(62.72)
WARNING : Torque commanded on joint 3 too high (79.3517), saturating to max value(62.72)
WARNING : Torque commanded on joint 0 too high (1360.7), saturating to max value(120.54)
WARNING : Torque commanded on joint 1 too low (-616.213), saturating to min value(-120.54)
WARNING : Torque commanded on joint 2 too high (263.613), saturating to max value(62.72)
WARNING : Torque commanded on joint 3 too high (79.4554), saturating to max value(62.72)
WARNING : Torque commanded on joint 0 too high (1364.49), saturating to max value(120.54)
WARNING : Torque commanded on joint 1 too low (-617.822), saturating to min value(-120.54)
WARNING : Torque commanded on joint 2 too high (264.369), saturating to max value(62.72)
WARNING : Torque commanded on joint 3 too high (79.6171), saturating to max value(62.72)
WARNING : Torque commanded on joint 0 too high (1367.58), saturating to max value(120.54)
WARNING : Torque commanded on joint 1 too low (-619.342), saturating to min value(-120.54)
WARNING : Torque commanded on joint 2 too high (264.979), saturating to max value(62.72)
WARNING : Torque commanded on joint 3 too high (79.7797), saturating to max value(62.72)
WARNING : Torque commanded on joint 0 too high (1371.63), saturating to max value(120.54)
WARNING : Torque commanded on joint 1 too low (-621.231), saturating to min value(-120.54)
WARNING : Torque commanded on joint 2 too high (265.745), saturating to max value(62.72)
WARNING : Torque commanded on joint 3 too high (80.035), saturating to max value(62.72)
WARNING : Torque commanded on joint 0 too high (1375.48), saturating to max value(120.54)
WARNING : Torque commanded on joint 1 too low (-622.91), saturating to min value(-120.54)
WARNING : Torque commanded on joint 2 too high (266.521), saturating to max value(62.72)
WARNING : Torque commanded on joint 3 too high (80.2503), saturating to max value(62.72)
WARNING : Torque commanded on joint 0 too high (1379.52), saturating to max value(120.54)
WARNING : Torque commanded on joint 1 too low (-624.578), saturating to min value(-120.54)
WARNING : Torque commanded on joint 2 too high (267.354), saturating to max value(62.72)
WARNING : Torque commanded on joint 3 too high (80.4096), saturating to max value(62.72)
WARNING : Torque commanded on joint 0 too high (1384.9), saturating to max value(120.54)
WARNING : Torque commanded on joint 1 too low (-626.948), saturating to min value(-120.54)
WARNING : Torque commanded on joint 2 too high (268.411), saturating to max value(62.72)
WARNING : Torque commanded on joint 3 too high (80.8539), saturating to max value(62.72)
WARNING : Torque commanded on joint 0 too high (1388.17), saturating to max value(120.54)
WARNING : Torque commanded on joint 1 too low (-628.476), saturating to min value(-120.54)
WARNING : Torque commanded on joint 2 too high (269.008), saturating to max value(62.72)
WARNING : Torque commanded on joint 3 too high (81.0246), saturating to max value(62.72)
WARNING : Torque commanded on joint 0 too high (1390.3), saturating to max value(120.54)
WARNING : Torque commanded on joint 1 too low (-629.711), saturating to min value(-120.54)
WARNING : Torque commanded on joint 2 too high (269.402), saturating to max value(62.72)
WARNING : Torque commanded on joint 3 too high (81.1482), saturating to max value(62.72)
WARNING : Torque commanded on joint 0 too high (1393.85), saturating to max value(120.54)
WARNING : Torque commanded on joint 1 too low (-631.392), saturating to min value(-120.54)
WARNING : Torque commanded on joint 2 too high (270.033), saturating to max value(62.72)
WARNING : Torque commanded on joint 3 too high (81.3911), saturating to max value(62.72)
WARNING : Torque commanded on joint 0 too high (1398.63), saturating to max value(120.54)
WARNING : Torque commanded on joint 1 too low (-633.363), saturating to min value(-120.54)
WARNING : Torque commanded on joint 2 too high (270.956), saturating to max value(62.72)
WARNING : Torque commanded on joint 3 too high (81.6346), saturating to max value(62.72)
WARNING : Torque commanded on joint 0 too high (1402.71), saturating to max value(120.54)
WARNING : Torque commanded on joint 1 too low (-635.289), saturating to min value(-120.54)
WARNING : Torque commanded on joint 2 too high (271.752), saturating to max value(62.72)
WARNING : Torque commanded on joint 3 too high (81.9112), saturating to max value(62.72)
WARNING : Torque commanded on joint 0 too high (1406.72), saturating to max value(120.54)
WARNING : Torque commanded on joint 1 too low (-637.215), saturating to min value(-120.54)
WARNING : Torque commanded on joint 2 too high (272.499), saturating to max value(62.72)
WARNING : Torque commanded on joint 3 too high (82.2048), saturating to max value(62.72)
WARNING : Torque commanded on joint 0 too high (1409.79), saturating to max value(120.54)
WARNING : Torque commanded on joint 1 too low (-638.731), saturating to min value(-120.54)
WARNING : Torque commanded on joint 2 too high (273.073), saturating to max value(62.72)
WARNING : Torque commanded on joint 3 too high (82.3873), saturating to max value(62.72)
WARNING : Torque commanded on joint 0 too high (1414.05), saturating to max value(120.54)
WARNING : Torque commanded on joint 1 too low (-640.662), saturating to min value(-120.54)
WARNING : Torque commanded on joint 2 too high (273.916), saturating to max value(62.72)
WARNING : Torque commanded on joint 3 too high (82.6493), saturating to max value(62.72)
WARNING : Torque commanded on joint 0 too high (1418.52), saturating to max value(120.54)
WARNING : Torque commanded on joint 1 too low (-642.509), saturating to min value(-120.54)
WARNING : Torque commanded on joint 2 too high (274.819), saturating to max value(62.72)
WARNING : Torque commanded on joint 3 too high (82.9108), saturating to max value(62.72)
WARNING : Torque commanded on joint 0 too high (1422.05), saturating to max value(120.54)
WARNING : Torque commanded on joint 1 too low (-644.141), saturating to min value(-120.54)
WARNING : Torque commanded on joint 2 too high (275.49), saturating to max value(62.72)
WARNING : Torque commanded on joint 3 too high (83.13), saturating to max value(62.72)
WARNING : Torque commanded on joint 0 too high (1425.41), saturating to max value(120.54)
WARNING : Torque commanded on joint 1 too low (-645.688), saturating to min value(-120.54)
WARNING : Torque commanded on joint 2 too high (276.16), saturating to max value(62.72)
WARNING : Torque commanded on joint 3 too high (83.291), saturating to max value(62.72)
WARNING : Torque commanded on joint 0 too high (1429.74), saturating to max value(120.54)
WARNING : Torque commanded on joint 1 too low (-647.541), saturating to min value(-120.54)
WARNING : Torque commanded on joint 2 too high (277), saturating to max value(62.72)
WARNING : Torque commanded on joint 3 too high (83.5121), saturating to max value(62.72)
WARNING : Torque commanded on joint 0 too high (1433.69), saturating to max value(120.54)
WARNING : Torque commanded on joint 1 too low (-649.331), saturating to min value(-120.54)
WARNING : Torque commanded on joint 2 too high (277.784), saturating to max value(62.72)
WARNING : Torque commanded on joint 3 too high (83.738), saturating to max value(62.72)
WARNING : Torque commanded on joint 0 too high (1436.83), saturating to max value(120.54)
WARNING : Torque commanded on joint 1 too low (-651.109), saturating to min value(-120.54)
WARNING : Torque commanded on joint 2 too high (278.364), saturating to max value(62.72)
WARNING : Torque commanded on joint 3 too high (84.0433), saturating to max value(62.72)
WARNING : Torque commanded on joint 0 too high (1440.91), saturating to max value(120.54)
WARNING : Torque commanded on joint 1 too low (-653.321), saturating to min value(-120.54)
WARNING : Torque commanded on joint 2 too high (279.111), saturating to max value(62.72)
WARNING : Torque commanded on joint 3 too high (84.4948), saturating to max value(62.72)
WARNING : Torque commanded on joint 0 too high (1446.09), saturating to max value(120.54)
WARNING : Torque commanded on joint 1 too low (-655.54), saturating to min value(-120.54)
WARNING : Torque commanded on joint 2 too high (280.105), saturating to max value(62.72)
WARNING : Torque commanded on joint 3 too high (84.8227), saturating to max value(62.72)
WARNING : Torque commanded on joint 0 too high (1449.72), saturating to max value(120.54)
WARNING : Torque commanded on joint 1 too low (-656.912), saturating to min value(-120.54)
WARNING : Torque commanded on joint 2 too high (280.811), saturating to max value(62.72)
WARNING : Torque commanded on joint 3 too high (84.8741), saturating to max value(62.72)
WARNING : Torque commanded on joint 0 too high (1453.55), saturating to max value(120.54)
WARNING : Torque commanded on joint 1 too low (-658.461), saturating to min value(-120.54)
WARNING : Torque commanded on joint 2 too high (281.552), saturating to max value(62.72)
WARNING : Torque commanded on joint 3 too high (85.024), saturating to max value(62.72)
WARNING : Torque commanded on joint 0 too high (1456.61), saturating to max value(120.54)
WARNING : Torque commanded on joint 1 too low (-659.778), saturating to min value(-120.54)
WARNING : Torque commanded on joint 2 too high (282.173), saturating to max value(62.72)
WARNING : Torque commanded on joint 3 too high (85.0998), saturating to max value(62.72)
WARNING : Torque commanded on joint 0 too high (1458.4), saturating to max value(120.54)
WARNING : Torque commanded on joint 1 too low (-660.78), saturating to min value(-120.54)
WARNING : Torque commanded on joint 2 too high (282.499), saturating to max value(62.72)
WARNING : Torque commanded on joint 3 too high (85.171), saturating to max value(62.72)
WARNING : Torque commanded on joint 0 too high (1461.96), saturating to max value(120.54)
WARNING : Torque commanded on joint 1 too low (-662.368), saturating to min value(-120.54)
WARNING : Torque commanded on joint 2 too high (283.19), saturating to max value(62.72)
WARNING : Torque commanded on joint 3 too high (85.3572), saturating to max value(62.72)
WARNING : Torque commanded on joint 0 too high (1466.42), saturating to max value(120.54)
WARNING : Torque commanded on joint 1 too low (-664.203), saturating to min value(-120.54)
WARNING : Torque commanded on joint 2 too high (284.105), saturating to max value(62.72)
WARNING : Torque commanded on joint 3 too high (85.5603), saturating to max value(62.72)
WARNING : Torque commanded on joint 0 too high (1471.05), saturating to max value(120.54)
WARNING : Torque commanded on joint 1 too low (-666.257), saturating to min value(-120.54)
WARNING : Torque commanded on joint 2 too high (285.04), saturating to max value(62.72)
WARNING : Torque commanded on joint 3 too high (85.8729), saturating to max value(62.72)
WARNING : Torque commanded on joint 0 too high (1473.24), saturating to max value(120.54)
WARNING : Torque commanded on joint 1 too low (-667.413), saturating to min value(-120.54)
WARNING : Torque commanded on joint 2 too high (285.401), saturating to max value(62.72)
WARNING : Torque commanded on joint 3 too high (85.9265), saturating to max value(62.72)
WARNING : Torque commanded on joint 0 too high (1476.53), saturating to max value(120.54)
WARNING : Torque commanded on joint 1 too low (-669.014), saturating to min value(-120.54)
WARNING : Torque commanded on joint 2 too high (286.051), saturating to max value(62.72)
WARNING : Torque commanded on joint 3 too high (86.0888), saturating to max value(62.72)
WARNING : Torque commanded on joint 0 too high (1480.78), saturating to max value(120.54)
WARNING : Torque commanded on joint 1 too low (-671.013), saturating to min value(-120.54)
WARNING : Torque commanded on joint 2 too high (286.883), saturating to max value(62.72)
WARNING : Torque commanded on joint 3 too high (86.46), saturating to max value(62.72)
WARNING : Torque commanded on joint 0 too high (1484.69), saturating to max value(120.54)
WARNING : Torque commanded on joint 1 too low (-672.831), saturating to min value(-120.54)
WARNING : Torque commanded on joint 2 too high (287.59), saturating to max value(62.72)
WARNING : Torque commanded on joint 3 too high (86.7382), saturating to max value(62.72)
WARNING : Torque commanded on joint 0 too high (1487.8), saturating to max value(120.54)
WARNING : Torque commanded on joint 1 too low (-674.447), saturating to min value(-120.54)
WARNING : Torque commanded on joint 2 too high (288.153), saturating to max value(62.72)
WARNING : Torque commanded on joint 3 too high (86.9854), saturating to max value(62.72)
WARNING : Torque commanded on joint 0 too high (1491.47), saturating to max value(120.54)
WARNING : Torque commanded on joint 1 too low (-676.032), saturating to min value(-120.54)
WARNING : Torque commanded on joint 2 too high (288.856), saturating to max value(62.72)
WARNING : Torque commanded on joint 3 too high (87.1535), saturating to max value(62.72)
WARNING : Torque commanded on joint 0 too high (1496.99), saturating to max value(120.54)
WARNING : Torque commanded on joint 1 too low (-678.338), saturating to min value(-120.54)
WARNING : Torque commanded on joint 2 too high (289.984), saturating to max value(62.72)
WARNING : Torque commanded on joint 3 too high (87.4849), saturating to max value(62.72)
WARNING : Torque commanded on joint 0 too high (1501.43), saturating to max value(120.54)
WARNING : Torque commanded on joint 1 too low (-680.225), saturating to min value(-120.54)
WARNING : Torque commanded on joint 2 too high (290.87), saturating to max value(62.72)
WARNING : Torque commanded on joint 3 too high (87.7526), saturating to max value(62.72)
WARNING : Torque commanded on joint 0 too high (1504.75), saturating to max value(120.54)
WARNING : Torque commanded on joint 1 too low (-681.86), saturating to min value(-120.54)
WARNING : Torque commanded on joint 2 too high (291.507), saturating to max value(62.72)
WARNING : Torque commanded on joint 3 too high (87.931), saturating to max value(62.72)
WARNING : Torque commanded on joint 0 too high (1509.15), saturating to max value(120.54)
WARNING : Torque commanded on joint 1 too low (-683.804), saturating to min value(-120.54)
WARNING : Torque commanded on joint 2 too high (292.402), saturating to max value(62.72)
WARNING : Torque commanded on joint 3 too high (88.204), saturating to max value(62.72)
WARNING : Torque commanded on joint 0 too high (1512.95), saturating to max value(120.54)
WARNING : Torque commanded on joint 1 too low (-685.638), saturating to min value(-120.54)
WARNING : Torque commanded on joint 2 too high (293.107), saturating to max value(62.72)
WARNING : Torque commanded on joint 3 too high (88.4698), saturating to max value(62.72)
WARNING : Torque commanded on joint 0 too high (1516.26), saturating to max value(120.54)
WARNING : Torque commanded on joint 1 too low (-687.165), saturating to min value(-120.54)
WARNING : Torque commanded on joint 2 too high (293.728), saturating to max value(62.72)
WARNING : Torque commanded on joint 3 too high (88.6196), saturating to max value(62.72)
WARNING : Torque commanded on joint 0 too high (1518.67), saturating to max value(120.54)
WARNING : Torque commanded on joint 1 too low (-688.521), saturating to min value(-120.54)
WARNING : Torque commanded on joint 2 too high (294.136), saturating to max value(62.72)
WARNING : Torque commanded on joint 3 too high (88.7508), saturating to max value(62.72)
WARNING : Torque commanded on joint 0 too high (1521.45), saturating to max value(120.54)
WARNING : Torque commanded on joint 1 too low (-689.806), saturating to min value(-120.54)
WARNING : Torque commanded on joint 2 too high (294.647), saturating to max value(62.72)
WARNING : Torque commanded on joint 3 too high (88.8007), saturating to max value(62.72)
WARNING : Torque commanded on joint 0 too high (1525.59), saturating to max value(120.54)
WARNING : Torque commanded on joint 1 too low (-691.493), saturating to min value(-120.54)
WARNING : Torque commanded on joint 2 too high (295.493), saturating to max value(62.72)
WARNING : Torque commanded on joint 3 too high (89.0157), saturating to max value(62.72)
WARNING : Torque commanded on joint 0 too high (1530.51), saturating to max value(120.54)
WARNING : Torque commanded on joint 1 too low (-693.5), saturating to min value(-120.54)
WARNING : Torque commanded on joint 2 too high (296.526), saturating to max value(62.72)
WARNING : Torque commanded on joint 3 too high (89.3278), saturating to max value(62.72)
WARNING : Torque commanded on joint 0 too high (1536.01), saturating to max value(120.54)
WARNING : Torque commanded on joint 1 too low (-695.829), saturating to min value(-120.54)
WARNING : Torque commanded on joint 2 too high (297.655), saturating to max value(62.72)
WARNING : Torque commanded on joint 3 too high (89.7091), saturating to max value(62.72)
WARNING : Torque commanded on joint 0 too high (1540.41), saturating to max value(120.54)
WARNING : Torque commanded on joint 1 too low (-697.73), saturating to min value(-120.54)
WARNING : Torque commanded on joint 2 too high (298.508), saturating to max value(62.72)
WARNING : Torque commanded on joint 3 too high (90.0058), saturating to max value(62.72)
WARNING : Torque commanded on joint 0 too high (1543.76), saturating to max value(120.54)
WARNING : Torque commanded on joint 1 too low (-699.44), saturating to min value(-120.54)
WARNING : Torque commanded on joint 2 too high (299.114), saturating to max value(62.72)
WARNING : Torque commanded on joint 3 too high (90.3037), saturating to max value(62.72)
WARNING : Torque commanded on joint 0 too high (1548.06), saturating to max value(120.54)
WARNING : Torque commanded on joint 1 too low (-701.41), saturating to min value(-120.54)
WARNING : Torque commanded on joint 2 too high (299.927), saturating to max value(62.72)
WARNING : Torque commanded on joint 3 too high (90.619), saturating to max value(62.72)
WARNING : Torque commanded on joint 0 too high (1552.16), saturating to max value(120.54)
WARNING : Torque commanded on joint 1 too low (-703.338), saturating to min value(-120.54)
WARNING : Torque commanded on joint 2 too high (300.705), saturating to max value(62.72)
WARNING : Torque commanded on joint 3 too high (90.8586), saturating to max value(62.72)
WARNING : Torque commanded on joint 0 too high (1555.37), saturating to max value(120.54)
WARNING : Torque commanded on joint 1 too low (-704.854), saturating to min value(-120.54)
WARNING : Torque commanded on joint 2 too high (301.307), saturating to max value(62.72)
WARNING : Torque commanded on joint 3 too high (90.9915), saturating to max value(62.72)
WARNING : Torque commanded on joint 0 too high (1557.4), saturating to max value(120.54)
WARNING : Torque commanded on joint 1 too low (-705.993), saturating to min value(-120.54)
WARNING : Torque commanded on joint 2 too high (301.657), saturating to max value(62.72)
WARNING : Torque commanded on joint 3 too high (91.0504), saturating to max value(62.72)
WARNING : Torque commanded on joint 0 too high (1560.83), saturating to max value(120.54)
WARNING : Torque commanded on joint 1 too low (-707.632), saturating to min value(-120.54)
WARNING : Torque commanded on joint 2 too high (302.32), saturating to max value(62.72)
WARNING : Torque commanded on joint 3 too high (91.2285), saturating to max value(62.72)
WARNING : Torque commanded on joint 0 too high (1564.13), saturating to max value(120.54)
WARNING : Torque commanded on joint 1 too low (-709.202), saturating to min value(-120.54)
WARNING : Torque commanded on joint 2 too high (302.937), saturating to max value(62.72)
WARNING : Torque commanded on joint 3 too high (91.4344), saturating to max value(62.72)
WARNING : Torque commanded on joint 0 too high (1566.61), saturating to max value(120.54)
WARNING : Torque commanded on joint 1 too low (-710.551), saturating to min value(-120.54)
WARNING : Torque commanded on joint 2 too high (303.378), saturating to max value(62.72)
WARNING : Torque commanded on joint 3 too high (91.6046), saturating to max value(62.72)
WARNING : Torque commanded on joint 0 too high (1571.17), saturating to max value(120.54)
WARNING : Torque commanded on joint 1 too low (-712.467), saturating to min value(-120.54)
WARNING : Torque commanded on joint 2 too high (304.286), saturating to max value(62.72)
WARNING : Torque commanded on joint 3 too high (91.8572), saturating to max value(62.72)
WARNING : Torque commanded on joint 0 too high (1574.86), saturating to max value(120.54)
WARNING : Torque commanded on joint 1 too low (-714), saturating to min value(-120.54)
WARNING : Torque commanded on joint 2 too high (305.007), saturating to max value(62.72)
WARNING : Torque commanded on joint 3 too high (92.0401), saturating to max value(62.72)
WARNING : Torque commanded on joint 0 too high (1579.9), saturating to max value(120.54)
WARNING : Torque commanded on joint 1 too low (-715.97), saturating to min value(-120.54)
WARNING : Torque commanded on joint 2 too high (306.076), saturating to max value(62.72)
WARNING : Torque commanded on joint 3 too high (92.2659), saturating to max value(62.72)
WARNING : Torque commanded on joint 0 too high (1585.25), saturating to max value(120.54)
WARNING : Torque commanded on joint 1 too low (-718.33), saturating to min value(-120.54)
WARNING : Torque commanded on joint 2 too high (307.178), saturating to max value(62.72)
WARNING : Torque commanded on joint 3 too high (92.6784), saturating to max value(62.72)
WARNING : Torque commanded on joint 0 too high (1589.63), saturating to max value(120.54)
WARNING : Torque commanded on joint 1 too low (-720.414), saturating to min value(-120.54)
WARNING : Torque commanded on joint 2 too high (308.061), saturating to max value(62.72)
WARNING : Torque commanded on joint 3 too high (93.0686), saturating to max value(62.72)
WARNING : Torque commanded on joint 0 too high (1593.63), saturating to max value(120.54)
WARNING : Torque commanded on joint 1 too low (-722.351), saturating to min value(-120.54)
WARNING : Torque commanded on joint 2 too high (308.846), saturating to max value(62.72)
WARNING : Torque commanded on joint 3 too high (93.3599), saturating to max value(62.72)
WARNING : Torque commanded on joint 0 too high (1596.43), saturating to max value(120.54)
WARNING : Torque commanded on joint 1 too low (-723.611), saturating to min value(-120.54)
WARNING : Torque commanded on joint 2 too high (309.327), saturating to max value(62.72)
WARNING : Torque commanded on joint 3 too high (93.4267), saturating to max value(62.72)
WARNING : Torque commanded on joint 0 too high (1600.52), saturating to max value(120.54)
WARNING : Torque commanded on joint 1 too low (-725.509), saturating to min value(-120.54)
WARNING : Torque commanded on joint 2 too high (310.092), saturating to max value(62.72)
WARNING : Torque commanded on joint 3 too high (93.6904), saturating to max value(62.72)
WARNING : Torque commanded on joint 0 too high (1603.7), saturating to max value(120.54)
WARNING : Torque commanded on joint 1 too low (-727.107), saturating to min value(-120.54)
WARNING : Torque commanded on joint 2 too high (310.686), saturating to max value(62.72)
WARNING : Torque commanded on joint 3 too high (93.8767), saturating to max value(62.72)
WARNING : Torque commanded on joint 0 too high (1606.66), saturating to max value(120.54)
WARNING : Torque commanded on joint 1 too low (-728.655), saturating to min value(-120.54)
WARNING : Torque commanded on joint 2 too high (311.252), saturating to max value(62.72)
WARNING : Torque commanded on joint 3 too high (94.0594), saturating to max value(62.72)
WARNING : Torque commanded on joint 0 too high (1610.64), saturating to max value(120.54)
WARNING : Torque commanded on joint 1 too low (-730.39), saturating to min value(-120.54)
WARNING : Torque commanded on joint 2 too high (312.004), saturating to max value(62.72)
WARNING : Torque commanded on joint 3 too high (94.2752), saturating to max value(62.72)
WARNING : Torque commanded on joint 0 too high (1614.55), saturating to max value(120.54)
WARNING : Torque commanded on joint 1 too low (-732.029), saturating to min value(-120.54)
WARNING : Torque commanded on joint 2 too high (312.735), saturating to max value(62.72)
WARNING : Torque commanded on joint 3 too high (94.4068), saturating to max value(62.72)
WARNING : Torque commanded on joint 0 too high (1617.87), saturating to max value(120.54)
WARNING : Torque commanded on joint 1 too low (-733.45), saturating to min value(-120.54)
WARNING : Torque commanded on joint 2 too high (313.379), saturating to max value(62.72)
WARNING : Torque commanded on joint 3 too high (94.5123), saturating to max value(62.72)
Initial torque bias:  0.111675  -0.74562 0.0858955  0.275706  -0.12777   0.22202  0.396142
WARNING : Torque commanded on joint 0 too high (1619.59), saturating to max value(120.54)
WARNING : Torque commanded on joint 1 too low (-734.48), saturating to min value(-120.54)
WARNING : Torque commanded on joint 2 too high (313.677), saturating to max value(62.72)
WARNING : Torque commanded on joint 3 too high (94.5497), saturating to max value(62.72)
WARNING : Torque commanded on joint 0 too high (1623.15), saturating to max value(120.54)
WARNING : Torque commanded on joint 1 too low (-736.163), saturating to min value(-120.54)
WARNING : Torque commanded on joint 2 too high (314.344), saturating to max value(62.72)
WARNING : Torque commanded on joint 3 too high (94.7574), saturating to max value(62.72)
WARNING : Torque commanded on joint 0 too high (1627.46), saturating to max value(120.54)
WARNING : Torque commanded on joint 1 too low (-738.302), saturating to min value(-120.54)
WARNING : Torque commanded on joint 2 too high (315.16), saturating to max value(62.72)
WARNING : Torque commanded on joint 3 too high (95.1573), saturating to max value(62.72)
WARNING : Torque commanded on joint 0 too high (1632.22), saturating to max value(120.54)
WARNING : Torque commanded on joint 1 too low (-740.4), saturating to min value(-120.54)
WARNING : Torque commanded on joint 2 too high (316.101), saturating to max value(62.72)
WARNING : Torque commanded on joint 3 too high (95.4792), saturating to max value(62.72)
WARNING : Torque commanded on joint 0 too high (1636.74), saturating to max value(120.54)
WARNING : Torque commanded on joint 1 too low (-742.316), saturating to min value(-120.54)
WARNING : Torque commanded on joint 2 too high (317.028), saturating to max value(62.72)
WARNING : Torque commanded on joint 3 too high (95.7506), saturating to max value(62.72)
WARNING : Torque commanded on joint 0 too high (1640.15), saturating to max value(120.54)
WARNING : Torque commanded on joint 1 too low (-743.631), saturating to min value(-120.54)
WARNING : Torque commanded on joint 2 too high (317.761), saturating to max value(62.72)
WARNING : Torque commanded on joint 3 too high (95.822), saturating to max value(62.72)
WARNING : Torque commanded on joint 0 too high (1644.13), saturating to max value(120.54)
WARNING : Torque commanded on joint 1 too low (-745.266), saturating to min value(-120.54)
WARNING : Torque commanded on joint 2 too high (318.561), saturating to max value(62.72)
WARNING : Torque commanded on joint 3 too high (96.0113), saturating to max value(62.72)
WARNING : Torque commanded on joint 0 too high (1648.72), saturating to max value(120.54)
WARNING : Torque commanded on joint 1 too low (-747.377), saturating to min value(-120.54)
WARNING : Torque commanded on joint 2 too high (319.462), saturating to max value(62.72)
WARNING : Torque commanded on joint 3 too high (96.3738), saturating to max value(62.72)
WARNING : Torque commanded on joint 0 too high (1651.77), saturating to max value(120.54)
WARNING : Torque commanded on joint 1 too low (-748.982), saturating to min value(-120.54)
WARNING : Torque commanded on joint 2 too high (320.05), saturating to max value(62.72)
WARNING : Torque commanded on joint 3 too high (96.6398), saturating to max value(62.72)
WARNING : Torque commanded on joint 0 too high (1653.08), saturating to max value(120.54)
WARNING : Torque commanded on joint 1 too low (-750.016), saturating to min value(-120.54)
WARNING : Torque commanded on joint 2 too high (320.219), saturating to max value(62.72)
WARNING : Torque commanded on joint 3 too high (96.6785), saturating to max value(62.72)
WARNING : Torque commanded on joint 0 too high (1648.68), saturating to max value(120.54)
WARNING : Torque commanded on joint 1 too low (-749.126), saturating to min value(-120.54)
WARNING : Torque commanded on joint 2 too high (319.13), saturating to max value(62.72)
WARNING : Torque commanded on joint 3 too high (96.0929), saturating to max value(62.72)
WARNING : Torque commanded on joint 0 too high (1631.99), saturating to max value(120.54)
WARNING : Torque commanded on joint 1 too low (-743.978), saturating to min value(-120.54)
WARNING : Torque commanded on joint 2 too high (315.054), saturating to max value(62.72)
WARNING : Torque commanded on joint 3 too high (94.2581), saturating to max value(62.72)
WARNING : Torque commanded on joint 0 too high (1603.15), saturating to max value(120.54)
WARNING : Torque commanded on joint 1 too low (-734.678), saturating to min value(-120.54)
WARNING : Torque commanded on joint 2 too high (308.206), saturating to max value(62.72)
WARNING : Torque commanded on joint 3 too high (91.2555), saturating to max value(62.72)
WARNING : Torque commanded on joint 0 too high (1562.89), saturating to max value(120.54)
WARNING : Torque commanded on joint 1 too low (-721.371), saturating to min value(-120.54)
WARNING : Torque commanded on joint 2 too high (298.906), saturating to max value(62.72)
WARNING : Torque commanded on joint 3 too high (87.2637), saturating to max value(62.72)
WARNING : Torque commanded on joint 0 too high (1512.56), saturating to max value(120.54)
WARNING : Torque commanded on joint 1 too low (-704.513), saturating to min value(-120.54)
WARNING : Torque commanded on joint 2 too high (287.549), saturating to max value(62.72)
WARNING : Torque commanded on joint 3 too high (82.4206), saturating to max value(62.72)
WARNING : Torque commanded on joint 0 too high (1516.31), saturating to max value(120.54)
WARNING : Torque commanded on joint 1 too low (-706.233), saturating to min value(-120.54)
WARNING : Torque commanded on joint 2 too high (288.274), saturating to max value(62.72)
WARNING : Torque commanded on joint 3 too high (82.6417), saturating to max value(62.72)
WARNING : Torque commanded on joint 0 too high (1395.13), saturating to max value(120.54)
WARNING : Torque commanded on joint 1 too low (-664.365), saturating to min value(-120.54)
WARNING : Torque commanded on joint 2 too high (261.408), saturating to max value(62.72)
WARNING : Torque commanded on joint 3 too high (70.9572), saturating to max value(62.72)
WARNING : Torque commanded on joint 0 too high (1332.03), saturating to max value(120.54)
WARNING : Torque commanded on joint 1 too low (-642.28), saturating to min value(-120.54)
WARNING : Torque commanded on joint 2 too high (247.492), saturating to max value(62.72)
WARNING : Torque commanded on joint 3 too high (64.6963), saturating to max value(62.72)
WARNING : Torque commanded on joint 0 too high (1266.89), saturating to max value(120.54)
WARNING : Torque commanded on joint 1 too low (-619.171), saturating to min value(-120.54)
WARNING : Torque commanded on joint 2 too high (233.356), saturating to max value(62.72)
WARNING : Torque commanded on joint 0 too high (1203.54), saturating to max value(120.54)
WARNING : Torque commanded on joint 1 too low (-596.473), saturating to min value(-120.54)
WARNING : Torque commanded on joint 2 too high (219.72), saturating to max value(62.72)
WARNING : Torque commanded on joint 0 too high (1139.25), saturating to max value(120.54)
WARNING : Torque commanded on joint 1 too low (-573.269), saturating to min value(-120.54)
WARNING : Torque commanded on joint 2 too high (205.983), saturating to max value(62.72)
WARNING : Torque commanded on joint 0 too high (1074.99), saturating to max value(120.54)
WARNING : Torque commanded on joint 1 too low (-549.909), saturating to min value(-120.54)
WARNING : Torque commanded on joint 2 too high (192.285), saturating to max value(62.72)
WARNING : Torque commanded on joint 0 too high (1013.43), saturating to max value(120.54)
WARNING : Torque commanded on joint 1 too low (-527.292), saturating to min value(-120.54)
WARNING : Torque commanded on joint 2 too high (179.262), saturating to max value(62.72)
WARNING : Torque commanded on joint 0 too high (952.122), saturating to max value(120.54)
WARNING : Torque commanded on joint 1 too low (-504.716), saturating to min value(-120.54)
WARNING : Torque commanded on joint 2 too high (166.217), saturating to max value(62.72)
WARNING : Torque commanded on joint 0 too high (892.046), saturating to max value(120.54)
WARNING : Torque commanded on joint 1 too low (-482.64), saturating to min value(-120.54)
WARNING : Torque commanded on joint 2 too high (153.48), saturating to max value(62.72)
WARNING : Torque commanded on joint 0 too high (835.645), saturating to max value(120.54)
WARNING : Torque commanded on joint 1 too low (-461.767), saturating to min value(-120.54)
WARNING : Torque commanded on joint 2 too high (141.55), saturating to max value(62.72)
WARNING : Torque commanded on joint 0 too high (782.172), saturating to max value(120.54)
WARNING : Torque commanded on joint 1 too low (-441.885), saturating to min value(-120.54)
WARNING : Torque commanded on joint 2 too high (130.327), saturating to max value(62.72)
WARNING : Torque commanded on joint 0 too high (728.918), saturating to max value(120.54)
WARNING : Torque commanded on joint 1 too low (-422.049), saturating to min value(-120.54)
WARNING : Torque commanded on joint 2 too high (119.138), saturating to max value(62.72)
WARNING : Torque commanded on joint 0 too high (676.883), saturating to max value(120.54)
WARNING : Torque commanded on joint 1 too low (-402.747), saturating to min value(-120.54)
WARNING : Torque commanded on joint 2 too high (108.111), saturating to max value(62.72)
WARNING : Torque commanded on joint 0 too high (627.513), saturating to max value(120.54)
WARNING : Torque commanded on joint 1 too low (-384.141), saturating to min value(-120.54)
WARNING : Torque commanded on joint 2 too high (97.6224), saturating to max value(62.72)
WARNING : Torque commanded on joint 0 too high (577.619), saturating to max value(120.54)
WARNING : Torque commanded on joint 1 too low (-364.98), saturating to min value(-120.54)
WARNING : Torque commanded on joint 2 too high (87.0428), saturating to max value(62.72)
WARNING : Torque commanded on joint 0 too high (526.747), saturating to max value(120.54)
WARNING : Torque commanded on joint 1 too low (-345.262), saturating to min value(-120.54)
WARNING : Torque commanded on joint 2 too high (76.174), saturating to max value(62.72)
WARNING : Torque commanded on joint 0 too high (478.722), saturating to max value(120.54)
WARNING : Torque commanded on joint 1 too low (-326.82), saturating to min value(-120.54)
WARNING : Torque commanded on joint 2 too high (65.8215), saturating to max value(62.72)
WARNING : Torque commanded on joint 0 too high (433.097), saturating to max value(120.54)
WARNING : Torque commanded on joint 1 too low (-309.208), saturating to min value(-120.54)
WARNING : Torque commanded on joint 0 too high (389.637), saturating to max value(120.54)
WARNING : Torque commanded on joint 1 too low (-292.243), saturating to min value(-120.54)
WARNING : Torque commanded on joint 0 too high (347.279), saturating to max value(120.54)
WARNING : Torque commanded on joint 1 too low (-275.807), saturating to min value(-120.54)
WARNING : Torque commanded on joint 0 too high (304.108), saturating to max value(120.54)
WARNING : Torque commanded on joint 1 too low (-259.339), saturating to min value(-120.54)
WARNING : Torque commanded on joint 0 too high (258.939), saturating to max value(120.54)
WARNING : Torque commanded on joint 1 too low (-242.335), saturating to min value(-120.54)
WARNING : Torque commanded on joint 0 too high (216.326), saturating to max value(120.54)
WARNING : Torque commanded on joint 1 too low (-226.302), saturating to min value(-120.54)
WARNING : Torque commanded on joint 0 too high (177.248), saturating to max value(120.54)
WARNING : Torque commanded on joint 1 too low (-211.455), saturating to min value(-120.54)
WARNING : Torque commanded on joint 0 too high (139.157), saturating to max value(120.54)
WARNING : Torque commanded on joint 1 too low (-197.193), saturating to min value(-120.54)
WARNING : Torque commanded on joint 1 too low (-182.323), saturating to min value(-120.54)
WARNING : Torque commanded on joint 3 too low (-64.5638), saturating to min value(-62.72)
WARNING : Torque commanded on joint 1 too low (-167.305), saturating to min value(-120.54)
WARNING : Torque commanded on joint 3 too low (-68.439), saturating to min value(-62.72)
WARNING : Torque commanded on joint 1 too low (-153.336), saturating to min value(-120.54)
WARNING : Torque commanded on joint 3 too low (-72.065), saturating to min value(-62.72)
WARNING : Torque commanded on joint 1 too low (-140.538), saturating to min value(-120.54)
WARNING : Torque commanded on joint 3 too low (-75.3508), saturating to min value(-62.72)
WARNING : Torque commanded on joint 1 too low (-128.863), saturating to min value(-120.54)
WARNING : Torque commanded on joint 3 too low (-78.2846), saturating to min value(-62.72)
WARNING : Torque commanded on joint 3 too low (-81.1562), saturating to min value(-62.72)
WARNING : Torque commanded on joint 2 too low (-66.882), saturating to min value(-62.72)
WARNING : Torque commanded on joint 3 too low (-83.8369), saturating to min value(-62.72)
WARNING : Torque commanded on joint 0 too low (-122.225), saturating to min value(-120.54)
WARNING : Torque commanded on joint 2 too low (-73.2353), saturating to min value(-62.72)
WARNING : Torque commanded on joint 3 too low (-86.2342), saturating to min value(-62.72)
WARNING : Torque commanded on joint 0 too low (-147.219), saturating to min value(-120.54)
WARNING : Torque commanded on joint 2 too low (-79.411), saturating to min value(-62.72)
WARNING : Torque commanded on joint 3 too low (-88.27), saturating to min value(-62.72)
WARNING : Torque commanded on joint 0 too low (-169.169), saturating to min value(-120.54)
WARNING : Torque commanded on joint 2 too low (-84.8017), saturating to min value(-62.72)
WARNING : Torque commanded on joint 3 too low (-89.9039), saturating to min value(-62.72)
WARNING : Torque commanded on joint 0 too low (-189.539), saturating to min value(-120.54)
WARNING : Torque commanded on joint 2 too low (-89.7614), saturating to min value(-62.72)
WARNING : Torque commanded on joint 3 too low (-91.2664), saturating to min value(-62.72)
WARNING : Torque commanded on joint 0 too low (-205.51), saturating to min value(-120.54)
WARNING : Torque commanded on joint 2 too low (-93.5853), saturating to min value(-62.72)
WARNING : Torque commanded on joint 3 too low (-92.2678), saturating to min value(-62.72)
WARNING : Torque commanded on joint 0 too low (-218.875), saturating to min value(-120.54)
WARNING : Torque commanded on joint 2 too low (-96.74), saturating to min value(-62.72)
WARNING : Torque commanded on joint 3 too low (-93.0157), saturating to min value(-62.72)
WARNING : Torque commanded on joint 0 too low (-230.794), saturating to min value(-120.54)
WARNING : Torque commanded on joint 2 too low (-99.3415), saturating to min value(-62.72)
WARNING : Torque commanded on joint 3 too low (-93.6211), saturating to min value(-62.72)
WARNING : Torque commanded on joint 0 too low (-236.815), saturating to min value(-120.54)
WARNING : Torque commanded on joint 2 too low (-100.383), saturating to min value(-62.72)
WARNING : Torque commanded on joint 3 too low (-93.9717), saturating to min value(-62.72)
558: Joint 1 State: Min Soft Vel
---
WARNING : Torque commanded on joint 0 too low (-236.761), saturating to min value(-120.54)
WARNING : Torque commanded on joint 2 too low (-99.9388), saturating to min value(-62.72)
WARNING : Torque commanded on joint 3 too low (-93.879), saturating to min value(-62.72)
559: Joint 1 State: Min Soft Vel
---
WARNING : Torque commanded on joint 0 too low (-232.494), saturating to min value(-120.54)
WARNING : Torque commanded on joint 2 too low (-98.3947), saturating to min value(-62.72)
WARNING : Torque commanded on joint 3 too low (-93.4028), saturating to min value(-62.72)
560: Joint 1 State: Min Soft Vel
---
WARNING : Torque commanded on joint 0 too low (-225.31), saturating to min value(-120.54)
WARNING : Torque commanded on joint 2 too low (-95.9857), saturating to min value(-62.72)
WARNING : Torque commanded on joint 3 too low (-92.8236), saturating to min value(-62.72)
561: Joint 1 State: Min Soft Vel
---
WARNING : Torque commanded on joint 0 too low (-216.829), saturating to min value(-120.54)
WARNING : Torque commanded on joint 2 too low (-93.1346), saturating to min value(-62.72)
WARNING : Torque commanded on joint 3 too low (-92.045), saturating to min value(-62.72)
562: Joint 1 State: Min Soft Vel
---
WARNING : Torque commanded on joint 0 too low (-205.223), saturating to min value(-120.54)
WARNING : Torque commanded on joint 2 too low (-89.6063), saturating to min value(-62.72)
WARNING : Torque commanded on joint 3 too low (-90.77), saturating to min value(-62.72)
563: Joint 1 State: Min Soft Vel
---
WARNING : Torque commanded on joint 0 too low (-193.221), saturating to min value(-120.54)
WARNING : Torque commanded on joint 2 too low (-86.1895), saturating to min value(-62.72)
WARNING : Torque commanded on joint 3 too low (-89.1061), saturating to min value(-62.72)
564: Joint 1 State: Min Hard Vel
---
WARNING : Torque commanded on joint 0 too low (-179.656), saturating to min value(-120.54)
WARNING : Torque commanded on joint 2 too low (-82.6571), saturating to min value(-62.72)
WARNING : Torque commanded on joint 3 too low (-87.0911), saturating to min value(-62.72)
565: Joint 1 State: Min Hard Vel
---
WARNING : Torque commanded on joint 0 too low (-165.452), saturating to min value(-120.54)
WARNING : Torque commanded on joint 2 too low (-79.0681), saturating to min value(-62.72)
WARNING : Torque commanded on joint 3 too low (-84.8479), saturating to min value(-62.72)
566: Joint 1 State: Min Hard Vel
---
WARNING : Torque commanded on joint 0 too low (-151.865), saturating to min value(-120.54)
WARNING : Torque commanded on joint 2 too low (-75.5625), saturating to min value(-62.72)
WARNING : Torque commanded on joint 3 too low (-82.6848), saturating to min value(-62.72)
567: Joint 1 State: Min Hard Vel
---
WARNING : Torque commanded on joint 0 too low (-137.555), saturating to min value(-120.54)
WARNING : Torque commanded on joint 2 too low (-71.8704), saturating to min value(-62.72)
WARNING : Torque commanded on joint 3 too low (-80.5716), saturating to min value(-62.72)
568: Joint 1 State: Min Hard Vel
---
WARNING : Torque commanded on joint 0 too low (-121.699), saturating to min value(-120.54)
WARNING : Torque commanded on joint 2 too low (-67.8519), saturating to min value(-62.72)
WARNING : Torque commanded on joint 3 too low (-78.1719), saturating to min value(-62.72)
569: Joint 1 State: Min Hard Vel
---
WARNING : Torque commanded on joint 2 too low (-63.1455), saturating to min value(-62.72)
WARNING : Torque commanded on joint 3 too low (-75.3954), saturating to min value(-62.72)
570: Joint 1 State: Min Hard Vel
---
WARNING : Torque commanded on joint 3 too low (-72.3265), saturating to min value(-62.72)
571: Joint 1 State: Min Soft Vel
---
WARNING : Torque commanded on joint 3 too low (-68.7912), saturating to min value(-62.72)
572: Joint 1 State: Min Soft Vel
---
WARNING : Torque commanded on joint 3 too low (-65.1823), saturating to min value(-62.72)
573: Joint 1 State: Min Soft Vel
---
574: Joint 1 State: Min Soft Vel
---
575: Joint 1 State: Min Soft Vel
---
WARNING : Torque commanded on joint 1 too low (-126.165), saturating to min value(-120.54)
WARNING : Torque commanded on joint 1 too low (-141.223), saturating to min value(-120.54)
WARNING : Torque commanded on joint 1 too low (-151.921), saturating to min value(-120.54)
WARNING : Torque commanded on joint 1 too low (-161.541), saturating to min value(-120.54)
WARNING : Torque commanded on joint 1 too low (-169.45), saturating to min value(-120.54)
WARNING : Torque commanded on joint 1 too low (-175.407), saturating to min value(-120.54)
WARNING : Torque commanded on joint 0 too high (125.025), saturating to max value(120.54)
WARNING : Torque commanded on joint 1 too low (-180.06), saturating to min value(-120.54)
WARNING : Torque commanded on joint 0 too high (133.238), saturating to max value(120.54)
WARNING : Torque commanded on joint 1 too low (-183.791), saturating to min value(-120.54)
WARNING : Torque commanded on joint 0 too high (141.803), saturating to max value(120.54)
WARNING : Torque commanded on joint 1 too low (-187.342), saturating to min value(-120.54)
WARNING : Torque commanded on joint 0 too high (148.423), saturating to max value(120.54)
WARNING : Torque commanded on joint 1 too low (-189.788), saturating to min value(-120.54)
WARNING : Torque commanded on joint 0 too high (151.337), saturating to max value(120.54)
WARNING : Torque commanded on joint 1 too low (-189.848), saturating to min value(-120.54)
586: Joint 1 State: Min Soft Vel
---
WARNING : Torque commanded on joint 0 too high (150.823), saturating to max value(120.54)
WARNING : Torque commanded on joint 1 too low (-241.956), saturating to min value(-120.54)
587: Joint 1 State: Min Soft Vel
---
WARNING : Torque commanded on joint 0 too high (147.758), saturating to max value(120.54)
WARNING : Torque commanded on joint 1 too low (-185.627), saturating to min value(-120.54)
588: Joint 1 State: Min Soft Vel
---
WARNING : Torque commanded on joint 0 too high (140.289), saturating to max value(120.54)
WARNING : Torque commanded on joint 1 too low (-125.458), saturating to min value(-120.54)
589: Joint 1 State: Min Soft Vel
---
WARNING : Torque commanded on joint 0 too high (128.136), saturating to max value(120.54)
590: Joint 1 State: Min Hard Vel
---
591: Joint 1 State: Min Hard Vel
---
592: Joint 1 State: Min Hard Vel
---
593: Joint 1 State: Min Hard Vel
---
594: Joint 1 State: Min Hard Vel
---
595: Joint 1 State: Min Hard Vel
---
596: Joint 1 State: Min Hard Vel
---
596: Joint 3 State: Min Soft Vel
---
597: Joint 1 State: Min Hard Vel
---
597: Joint 3 State: Min Soft Vel
---
598: Joint 1 State: Min Hard Vel
---
598: Joint 3 State: Min Soft Vel
---
599: Joint 1 State: Min Hard Vel
---
599: Joint 3 State: Min Hard Vel
---
600: Joint 1 State: Min Hard Vel
---
600: Joint 3 State: Min Hard Vel
---
601: Joint 1 State: Min Hard Vel
---
601: Joint 3 State: Min Hard Vel
---
602: Joint 1 State: Min Hard Vel
---
602: Joint 3 State: Min Hard Vel
---
603: Joint 1 State: Min Hard Vel
---
603: Joint 3 State: Min Hard Vel
---
WARNING : Torque commanded on joint 0 too low (-125.007), saturating to min value(-120.54)
604: Joint 1 State: Min Hard Vel
---
604: Joint 3 State: Min Hard Vel
---
WARNING : Torque commanded on joint 0 too low (-131.639), saturating to min value(-120.54)
605: Joint 1 State: Min Hard Vel
---
605: Joint 3 State: Min Hard Vel
---
WARNING : Torque commanded on joint 0 too low (-132.722), saturating to min value(-120.54)
606: Joint 1 State: Min Hard Vel
---
606: Joint 3 State: Min Hard Vel
---
WARNING : Torque commanded on joint 0 too low (-130.659), saturating to min value(-120.54)
607: Joint 1 State: Min Hard Vel
---
607: Joint 3 State: Min Hard Vel
---
WARNING : Torque commanded on joint 0 too low (-126.922), saturating to min value(-120.54)
608: Joint 1 State: Min Hard Vel
---
608: Joint 3 State: Min Hard Vel
---
WARNING : Torque commanded on joint 0 too low (-120.971), saturating to min value(-120.54)
609: Joint 1 State: Min Hard Vel
---
609: Joint 3 State: Min Hard Vel
---
610: Joint 1 State: Min Hard Vel
---
610: Joint 3 State: Min Hard Vel
---
611: Joint 1 State: Min Hard Vel
---
611: Joint 3 State: Min Hard Vel
---
612: Joint 1 State: Min Hard Vel
---
612: Joint 3 State: Min Hard Vel
---
613: Joint 1 State: Min Hard Vel
---
613: Joint 3 State: Min Hard Vel
---
614: Joint 1 State: Min Hard Vel
---
614: Joint 3 State: Min Soft Vel
---
615: Joint 1 State: Min Hard Vel
---
615: Joint 3 State: Min Soft Vel
---
616: Joint 1 State: Min Hard Vel
---
616: Joint 3 State: Min Soft Vel
---
617: Joint 1 State: Min Hard Vel
---
617: Joint 3 State: Min Soft Vel
---
618: Joint 1 State: Min Hard Vel
---
618: Joint 3 State: Min Soft Vel
---
619: Joint 1 State: Min Hard Vel
---
619: Joint 3 State: Min Soft Vel
---
620: Joint 1 State: Min Hard Vel
---
620: Joint 3 State: Min Soft Vel
---
621: Joint 1 State: Min Hard Vel
---
621: Joint 3 State: Min Soft Vel
---
622: Joint 1 State: Min Hard Vel
---
622: Joint 3 State: Min Soft Vel
---
623: Joint 1 State: Min Hard Vel
---
623: Joint 3 State: Min Soft Vel
---
624: Joint 1 State: Min Hard Vel
---
624: Joint 3 State: Min Soft Vel
---
625: Joint 1 State: Min Hard Vel
---
625: Joint 3 State: Min Soft Vel
---
626: Joint 1 State: Min Hard Vel
---
626: Joint 3 State: Min Soft Vel
---
627: Joint 1 State: Min Hard Vel
---
627: Joint 3 State: Min Soft Vel
---
628: Joint 1 State: Min Hard Vel
---
628: Joint 3 State: Min Soft Vel
---
joint3MIN_SOFT
629: Joint 1 State: Min Hard Vel
---
629: Joint 3 State: Soft Min
---
joint3MIN_SOFT
630: Joint 1 State: Min Hard Vel
---
630: Joint 3 State: Soft Min
---
joint3MIN_SOFT
631: Joint 1 State: Min Hard Vel
---
631: Joint 3 State: Soft Min
---
joint3MIN_SOFT
632: Joint 1 State: Min Hard Vel
---
632: Joint 3 State: Soft Min
---
joint3MIN_SOFT
633: Joint 1 State: Min Hard Vel
---
633: Joint 3 State: Soft Min
---
joint3MIN_SOFT
634: Joint 1 State: Min Hard Vel
---
634: Joint 3 State: Soft Min
---
joint3MIN_SOFT
635: Joint 1 State: Min Hard Vel
---
635: Joint 3 State: Soft Min
---
joint3MIN_SOFT
636: Joint 1 State: Min Hard Vel
---
636: Joint 3 State: Soft Min
---
joint3MIN_SOFT
637: Joint 1 State: Min Hard Vel
---
637: Joint 3 State: Soft Min
---
joint3MIN_SOFT
638: Joint 1 State: Min Hard Vel
---
638: Joint 3 State: Soft Min
---
joint3MIN_SOFT
639: Joint 1 State: Min Hard Vel
---
639: Joint 3 State: Soft Min
---
joint3MIN_SOFT
640: Joint 1 State: Min Hard Vel
---
640: Joint 3 State: Soft Min
---
joint3MIN_SOFT
641: Joint 1 State: Min Hard Vel
---
641: Joint 3 State: Soft Min
---
joint3MIN_SOFT
642: Joint 1 State: Min Hard Vel
---
642: Joint 3 State: Soft Min
---
joint3MIN_SOFT
643: Joint 1 State: Min Hard Vel
---
643: Joint 3 State: Soft Min
---
joint3MIN_SOFT
644: Joint 1 State: Min Hard Vel
---
644: Joint 3 State: Soft Min
---
joint3MIN_SOFT
645: Joint 1 State: Min Hard Vel
---
645: Joint 3 State: Soft Min
---
joint3MIN_SOFT
646: Joint 1 State: Min Hard Vel
---
646: Joint 3 State: Soft Min
---
joint3MIN_SOFT
647: Joint 1 State: Min Hard Vel
---
647: Joint 3 State: Soft Min
---
joint3MIN_SOFT
648: Joint 1 State: Min Hard Vel
---
648: Joint 3 State: Soft Min
---
joint3MIN_SOFT
649: Joint 1 State: Min Hard Vel
---
649: Joint 3 State: Soft Min
---
joint3MIN_SOFT
650: Joint 1 State: Min Hard Vel
---
650: Joint 3 State: Soft Min
---
joint3MIN_SOFT
651: Joint 1 State: Min Hard Vel
---
651: Joint 3 State: Soft Min
---
joint3MIN_SOFT
652: Joint 1 State: Min Hard Vel
---
652: Joint 3 State: Soft Min
---
joint3MIN_SOFT
653: Joint 1 State: Min Hard Vel
---
653: Joint 3 State: Soft Min
---
joint3MIN_SOFT
654: Joint 1 State: Min Hard Vel
---
654: Joint 3 State: Soft Min
---
joint3MIN_SOFT
655: Joint 1 State: Min Hard Vel
---
655: Joint 3 State: Soft Min
---
joint3MIN_SOFT
656: Joint 1 State: Min Hard Vel
---
656: Joint 3 State: Soft Min
---
joint3MIN_SOFT
657: Joint 1 State: Min Hard Vel
---
657: Joint 3 State: Soft Min
---
joint3MIN_SOFT
658: Joint 1 State: Min Hard Vel
---
658: Joint 3 State: Soft Min
---
joint3MIN_HARD
659: Joint 1 State: Min Hard Vel
---
659: Joint 3 State: Hard Min
---
joint3MIN_HARD
660: Joint 1 State: Min Hard Vel
---
660: Joint 3 State: Hard Min
---
joint3MIN_HARD
661: Joint 1 State: Min Hard Vel
---
661: Joint 3 State: Hard Min
---
joint3MIN_HARD
662: Joint 1 State: Min Hard Vel
---
662: Joint 3 State: Hard Min
---
joint3MIN_HARD
663: Joint 1 State: Min Hard Vel
---
663: Joint 3 State: Hard Min
---
joint3MIN_HARD
664: Joint 1 State: Min Hard Vel
---
664: Joint 3 State: Hard Min
---
joint3MIN_HARD
665: Joint 1 State: Min Hard Vel
---
665: Joint 3 State: Hard Min
---
joint3MIN_HARD
666: Joint 1 State: Min Hard Vel
---
666: Joint 3 State: Hard Min
---
joint3MIN_HARD
667: Joint 1 State: Min Hard Vel
---
667: Joint 3 State: Hard Min
---
joint3MIN_HARD
668: Joint 1 State: Min Hard Vel
---
668: Joint 3 State: Hard Min
---
joint3MIN_HARD
669: Joint 1 State: Min Hard Vel
---
669: Joint 3 State: Hard Min
---
joint3MIN_HARD
670: Joint 1 State: Min Hard Vel
---
670: Joint 3 State: Hard Min
---
joint3MIN_HARD
671: Joint 1 State: Min Hard Vel
---
671: Joint 3 State: Hard Min
---
joint3MIN_HARD
672: Joint 1 State: Min Hard Vel
---
672: Joint 3 State: Hard Min
---
joint3MIN_HARD
673: Joint 1 State: Min Hard Vel
---
673: Joint 3 State: Hard Min
---
joint3MIN_HARD
674: Joint 1 State: Min Hard Vel
---
674: Joint 3 State: Hard Min
---
joint3MIN_HARD
675: Joint 1 State: Min Hard Vel
---
675: Joint 3 State: Hard Min
---
joint3MIN_HARD
676: Joint 1 State: Min Hard Vel
---
676: Joint 3 State: Hard Min
---
joint3MIN_HARD
677: Joint 1 State: Min Hard Vel
---
677: Joint 3 State: Hard Min
---
joint3MIN_HARD
678: Joint 1 State: Min Hard Vel
---
678: Joint 3 State: Hard Min
---
joint3MIN_HARD
679: Joint 1 State: Min Hard Vel
---
679: Joint 3 State: Hard Min
---
joint3MIN_HARD
680: Joint 1 State: Min Hard Vel
---
680: Joint 3 State: Hard Min
---
joint3MIN_HARD
681: Joint 1 State: Min Hard Vel
---
681: Joint 3 State: Hard Min
---
joint3MIN_HARD
682: Joint 1 State: Min Hard Vel
---
682: Joint 3 State: Hard Min
---
joint3MIN_HARD
683: Joint 1 State: Min Hard Vel
---
683: Joint 3 State: Hard Min
---
joint3MIN_HARD
684: Joint 1 State: Min Hard Vel
---
684: Joint 3 State: Hard Min
---
joint3MIN_HARD
685: Joint 1 State: Min Hard Vel
---
685: Joint 3 State: Hard Min
---
joint3MIN_HARD
686: Joint 1 State: Min Hard Vel
---
686: Joint 3 State: Hard Min
---
joint3MIN_HARD
687: Joint 1 State: Min Hard Vel
---
687: Joint 3 State: Hard Min
---
joint3MIN_HARD
688: Joint 1 State: Min Hard Vel
---
688: Joint 3 State: Hard Min
---
joint3MIN_HARD
689: Joint 1 State: Min Hard Vel
---
689: Joint 3 State: Hard Min
---
joint3MIN_HARD
690: Joint 1 State: Min Hard Vel
---
690: Joint 3 State: Hard Min
---
joint3MIN_HARD
691: Joint 1 State: Min Hard Vel
---
691: Joint 3 State: Hard Min
---
joint3MIN_HARD
692: Joint 1 State: Min Hard Vel
---
692: Joint 3 State: Hard Min
---
joint3MIN_HARD
693: Joint 1 State: Min Hard Vel
---
693: Joint 3 State: Hard Min
---
joint3MIN_HARD
694: Joint 1 State: Min Hard Vel
---
694: Joint 3 State: Hard Min
---
joint3MIN_HARD
695: Joint 1 State: Min Hard Vel
---
695: Joint 3 State: Hard Min
---
joint3MIN_HARD
696: Joint 1 State: Min Hard Vel
---
696: Joint 3 State: Hard Min
---
joint3MIN_HARD
697: Joint 1 State: Min Hard Vel
---
697: Joint 3 State: Hard Min
---
joint3MIN_HARD
698: Joint 1 State: Min Hard Vel
---
698: Joint 3 State: Hard Min
---
joint3MIN_HARD
699: Joint 1 State: Min Hard Vel
---
699: Joint 3 State: Hard Min
---
joint3MIN_HARD
700: Joint 1 State: Min Hard Vel
---
700: Joint 3 State: Hard Min
---
joint3MIN_HARD
701: Joint 1 State: Min Hard Vel
---
701: Joint 3 State: Hard Min
---
joint3MIN_HARD
702: Joint 1 State: Min Hard Vel
---
702: Joint 3 State: Hard Min
---
joint3MIN_HARD
703: Joint 1 State: Min Hard Vel
---
703: Joint 3 State: Hard Min
---
joint3MIN_HARD
704: Joint 1 State: Min Hard Vel
---
704: Joint 3 State: Hard Min
---
joint3MIN_HARD
705: Joint 1 State: Min Hard Vel
---
705: Joint 3 State: Hard Min
---
joint3MIN_HARD
706: Joint 1 State: Min Hard Vel
---
706: Joint 3 State: Hard Min
---
joint3MIN_HARD
707: Joint 1 State: Min Hard Vel
---
707: Joint 3 State: Hard Min
---
joint3MIN_HARD
708: Joint 1 State: Min Hard Vel
---
708: Joint 3 State: Hard Min
---
joint3MIN_HARD
709: Joint 1 State: Min Hard Vel
---
709: Joint 3 State: Hard Min
---
joint3MIN_HARD
710: Joint 1 State: Min Hard Vel
---
710: Joint 3 State: Hard Min
---
joint3MIN_HARD
711: Joint 1 State: Min Hard Vel
---
711: Joint 3 State: Hard Min
---
joint3MIN_HARD
712: Joint 1 State: Min Hard Vel
---
712: Joint 3 State: Hard Min
---
joint3MIN_HARD
713: Joint 1 State: Min Hard Vel
---
713: Joint 3 State: Hard Min
---
joint3MIN_HARD
714: Joint 1 State: Min Hard Vel
---
714: Joint 3 State: Hard Min
---
joint3MIN_HARD
715: Joint 1 State: Min Hard Vel
---
715: Joint 3 State: Hard Min
---
joint3MIN_HARD
716: Joint 1 State: Min Hard Vel
---
716: Joint 3 State: Hard Min
---
joint3MIN_HARD
717: Joint 1 State: Min Hard Vel
---
717: Joint 3 State: Hard Min
---
joint3MIN_HARD
718: Joint 1 State: Min Hard Vel
---
718: Joint 3 State: Hard Min
---
joint3MIN_HARD
719: Joint 1 State: Min Hard Vel
---
719: Joint 3 State: Hard Min
---
joint3MIN_HARD
720: Joint 1 State: Min Hard Vel
---
720: Joint 3 State: Hard Min
---
joint3MIN_HARD
721: Joint 1 State: Min Hard Vel
---
721: Joint 3 State: Hard Min
---
joint3MIN_HARD
722: Joint 1 State: Min Hard Vel
---
722: Joint 3 State: Hard Min
---
joint3MIN_HARD
723: Joint 1 State: Min Hard Vel
---
723: Joint 3 State: Hard Min
---
joint3MIN_HARD
724: Joint 1 State: Min Hard Vel
---
724: Joint 3 State: Hard Min
---
joint3MIN_HARD
725: Joint 1 State: Min Hard Vel
---
725: Joint 3 State: Hard Min
---
joint3MIN_HARD
726: Joint 1 State: Min Hard Vel
---
726: Joint 3 State: Hard Min
---
joint3MIN_HARD
727: Joint 1 State: Min Hard Vel
---
727: Joint 3 State: Hard Min
---
joint3MIN_HARD
728: Joint 1 State: Min Hard Vel
---
728: Joint 3 State: Hard Min
---
joint3MIN_HARD
729: Joint 1 State: Min Hard Vel
---
729: Joint 3 State: Hard Min
---
joint3MIN_HARD
730: Joint 1 State: Min Hard Vel
---
730: Joint 3 State: Hard Min
---
joint3MIN_HARD
731: Joint 1 State: Min Hard Vel
---
731: Joint 3 State: Hard Min
---
joint3MIN_HARD
732: Joint 1 State: Min Hard Vel
---
732: Joint 3 State: Hard Min
---
joint3MIN_HARD
733: Joint 1 State: Min Hard Vel
---
733: Joint 3 State: Hard Min
---
joint3MIN_HARD
734: Joint 1 State: Min Hard Vel
---
734: Joint 3 State: Hard Min
---
joint3MIN_HARD
735: Joint 1 State: Min Hard Vel
---
735: Joint 3 State: Hard Min
---
joint3MIN_HARD
736: Joint 1 State: Min Hard Vel
---
736: Joint 3 State: Hard Min
---
joint3MIN_HARD
737: Joint 1 State: Min Hard Vel
---
737: Joint 3 State: Hard Min
---
joint3MIN_HARD
738: Joint 1 State: Min Hard Vel
---
738: Joint 3 State: Hard Min
---
joint3MIN_HARD
739: Joint 1 State: Min Hard Vel
---
739: Joint 3 State: Hard Min
---
joint3MIN_HARD
740: Joint 1 State: Min Hard Vel
---
740: Joint 3 State: Hard Min
---
joint3MIN_HARD
741: Joint 1 State: Min Hard Vel
---
741: Joint 3 State: Hard Min
---
joint3MIN_HARD
742: Joint 1 State: Min Hard Vel
---
742: Joint 3 State: Hard Min
---
joint3MIN_HARD
743: Joint 1 State: Min Hard Vel
---
743: Joint 3 State: Hard Min
---
joint3MIN_HARD
744: Joint 1 State: Min Hard Vel
---
744: Joint 3 State: Hard Min
---
joint3MIN_HARD
745: Joint 1 State: Min Hard Vel
---
745: Joint 3 State: Hard Min
---
joint3MIN_HARD
746: Joint 1 State: Min Hard Vel
---
746: Joint 3 State: Hard Min
---
joint3MIN_HARD
747: Joint 1 State: Min Hard Vel
---
747: Joint 3 State: Hard Min
---
joint3MIN_HARD
748: Joint 1 State: Min Hard Vel
---
748: Joint 3 State: Hard Min
---
joint3MIN_HARD
749: Joint 0 State: Max Soft Vel
---
749: Joint 1 State: Min Hard Vel
---
749: Joint 3 State: Hard Min
---
joint3MIN_HARD
750: Joint 0 State: Max Soft Vel
---
750: Joint 1 State: Min Hard Vel
---
750: Joint 3 State: Hard Min
---
joint3MIN_HARD
751: Joint 0 State: Max Soft Vel
---
751: Joint 1 State: Min Hard Vel
---
751: Joint 3 State: Hard Min
---
joint3MIN_HARD
752: Joint 0 State: Max Soft Vel
---
752: Joint 1 State: Min Hard Vel
---
752: Joint 3 State: Hard Min
---
joint3MIN_HARD
753: Joint 0 State: Max Soft Vel
---
753: Joint 1 State: Min Hard Vel
---
753: Joint 3 State: Hard Min
---
joint3MIN_HARD
754: Joint 0 State: Max Soft Vel
---
754: Joint 1 State: Min Hard Vel
---
754: Joint 3 State: Hard Min
---
joint3MIN_HARD
755: Joint 0 State: Max Soft Vel
---
755: Joint 1 State: Min Hard Vel
---
755: Joint 3 State: Hard Min
---
joint3MIN_HARD
756: Joint 0 State: Max Soft Vel
---
756: Joint 1 State: Min Hard Vel
---
756: Joint 3 State: Hard Min
---
joint3MIN_HARD
757: Joint 0 State: Max Soft Vel
---
757: Joint 1 State: Min Hard Vel
---
757: Joint 3 State: Hard Min
---
joint3MIN_HARD
758: Joint 0 State: Max Soft Vel
---
758: Joint 1 State: Min Hard Vel
---
758: Joint 3 State: Hard Min
---
joint3MIN_HARD
759: Joint 0 State: Max Soft Vel
---
759: Joint 1 State: Min Hard Vel
---
759: Joint 3 State: Hard Min
---
joint3MIN_HARD
760: Joint 0 State: Max Soft Vel
---
760: Joint 1 State: Min Hard Vel
---
760: Joint 3 State: Hard Min
---
joint3MIN_HARD
761: Joint 0 State: Max Soft Vel
---
761: Joint 1 State: Min Hard Vel
---
761: Joint 3 State: Hard Min
---
joint3MIN_HARD
762: Joint 0 State: Max Soft Vel
---
762: Joint 1 State: Min Hard Vel
---
762: Joint 3 State: Hard Min
---
joint3MIN_HARD
763: Joint 0 State: Max Soft Vel
---
763: Joint 1 State: Min Hard Vel
---
763: Joint 3 State: Hard Min
---
joint3MIN_HARD
764: Joint 0 State: Max Soft Vel
---
764: Joint 1 State: Min Hard Vel
---
764: Joint 3 State: Hard Min
---
joint3MIN_HARD
765: Joint 0 State: Max Soft Vel
---
765: Joint 1 State: Min Hard Vel
---
765: Joint 3 State: Hard Min
---
joint3MIN_HARD
766: Joint 0 State: Max Soft Vel
---
766: Joint 1 State: Min Hard Vel
---
766: Joint 3 State: Hard Min
---
joint3MIN_HARD
767: Joint 0 State: Max Soft Vel
---
767: Joint 1 State: Min Hard Vel
---
767: Joint 3 State: Hard Min
---
joint3MIN_HARD
768: Joint 0 State: Max Soft Vel
---
768: Joint 1 State: Min Hard Vel
---
768: Joint 3 State: Hard Min
---
joint3MIN_HARD
769: Joint 0 State: Max Soft Vel
---
769: Joint 1 State: Min Hard Vel
---
769: Joint 3 State: Hard Min
---
joint3MIN_HARD
770: Joint 0 State: Max Soft Vel
---
770: Joint 1 State: Min Hard Vel
---
770: Joint 3 State: Hard Min
---
joint3MIN_HARD
771: Joint 0 State: Max Soft Vel
---
771: Joint 1 State: Min Hard Vel
---
771: Joint 3 State: Hard Min
---
joint3MIN_HARD
772: Joint 0 State: Max Soft Vel
---
772: Joint 1 State: Min Hard Vel
---
772: Joint 3 State: Hard Min
---
joint3MIN_HARD
773: Joint 0 State: Max Soft Vel
---
773: Joint 1 State: Min Hard Vel
---
773: Joint 3 State: Hard Min
---
joint3MIN_HARD
774: Joint 0 State: Max Soft Vel
---
774: Joint 1 State: Min Hard Vel
---
774: Joint 3 State: Hard Min
---
joint3MIN_HARD
775: Joint 0 State: Max Soft Vel
---
775: Joint 1 State: Min Hard Vel
---
775: Joint 3 State: Hard Min
---
joint3MIN_HARD
776: Joint 0 State: Max Soft Vel
---
776: Joint 1 State: Min Hard Vel
---
776: Joint 3 State: Hard Min
---
joint3MIN_HARD
777: Joint 0 State: Max Soft Vel
---
777: Joint 1 State: Min Hard Vel
---
777: Joint 3 State: Hard Min
---
joint3MIN_HARD
778: Joint 0 State: Max Soft Vel
---
778: Joint 1 State: Min Hard Vel
---
778: Joint 3 State: Hard Min
---
joint3MIN_HARD
779: Joint 0 State: Max Soft Vel
---
779: Joint 1 State: Min Hard Vel
---
779: Joint 3 State: Hard Min
---
joint3MIN_HARD
780: Joint 0 State: Max Soft Vel
---
780: Joint 1 State: Min Hard Vel
---
780: Joint 3 State: Hard Min
---
joint3MIN_HARD
781: Joint 0 State: Max Soft Vel
---
781: Joint 1 State: Min Hard Vel
---
781: Joint 3 State: Hard Min
---
joint3MIN_HARD
782: Joint 0 State: Max Soft Vel
---
782: Joint 1 State: Min Hard Vel
---
782: Joint 3 State: Hard Min
---
joint3MIN_HARD
783: Joint 0 State: Max Soft Vel
---
783: Joint 1 State: Min Hard Vel
---
783: Joint 3 State: Hard Min
---
joint3MIN_HARD
784: Joint 0 State: Max Soft Vel
---
784: Joint 1 State: Min Hard Vel
---
784: Joint 3 State: Hard Min
---
joint3MIN_HARD
785: Joint 0 State: Max Soft Vel
---
785: Joint 1 State: Min Hard Vel
---
785: Joint 3 State: Hard Min
---
joint3MIN_HARD
786: Joint 0 State: Max Soft Vel
---
786: Joint 1 State: Min Hard Vel
---
786: Joint 3 State: Hard Min
---
joint3MIN_HARD
787: Joint 0 State: Max Soft Vel
---
787: Joint 1 State: Min Hard Vel
---
787: Joint 3 State: Hard Min
---
joint3MIN_HARD
788: Joint 0 State: Max Soft Vel
---
788: Joint 1 State: Min Hard Vel
---
788: Joint 3 State: Hard Min
---
joint3MIN_HARD
789: Joint 0 State: Max Soft Vel
---
789: Joint 1 State: Min Hard Vel
---
789: Joint 3 State: Hard Min
---
joint3MIN_HARD
790: Joint 0 State: Max Soft Vel
---
790: Joint 1 State: Min Hard Vel
---
790: Joint 3 State: Hard Min
---
joint3MIN_HARD
791: Joint 0 State: Max Soft Vel
---
791: Joint 1 State: Min Hard Vel
---
791: Joint 3 State: Hard Min
---
joint3MIN_HARD
792: Joint 0 State: Max Soft Vel
---
792: Joint 1 State: Min Hard Vel
---
792: Joint 3 State: Hard Min
---
joint3MIN_HARD
793: Joint 0 State: Max Soft Vel
---
793: Joint 1 State: Min Hard Vel
---
793: Joint 3 State: Hard Min
---
joint3MIN_HARD
794: Joint 0 State: Max Soft Vel
---
794: Joint 1 State: Min Hard Vel
---
794: Joint 3 State: Hard Min
---
joint3MIN_HARD
795: Joint 0 State: Max Soft Vel
---
795: Joint 1 State: Min Hard Vel
---
795: Joint 3 State: Hard Min
---
joint3MIN_HARD
796: Joint 0 State: Max Soft Vel
---
796: Joint 1 State: Min Hard Vel
---
796: Joint 3 State: Hard Min
---
joint3MIN_HARD
797: Joint 0 State: Max Soft Vel
---
797: Joint 1 State: Min Hard Vel
---
797: Joint 3 State: Hard Min
---
joint3MIN_HARD
798: Joint 0 State: Max Soft Vel
---
798: Joint 1 State: Min Hard Vel
---
798: Joint 3 State: Hard Min
---
joint3MIN_HARD
799: Joint 0 State: Max Soft Vel
---
799: Joint 1 State: Min Hard Vel
---
799: Joint 3 State: Hard Min
---
joint3MIN_HARD
800: Joint 0 State: Max Soft Vel
---
800: Joint 1 State: Min Hard Vel
---
800: Joint 3 State: Hard Min
---
joint3MIN_HARD
801: Joint 0 State: Max Soft Vel
---
801: Joint 1 State: Min Hard Vel
---
801: Joint 3 State: Hard Min
---
joint3MIN_HARD
802: Joint 0 State: Max Soft Vel
---
802: Joint 1 State: Min Hard Vel
---
802: Joint 3 State: Hard Min
---
joint3MIN_HARD
803: Joint 0 State: Max Soft Vel
---
803: Joint 1 State: Min Hard Vel
---
803: Joint 3 State: Hard Min
---
joint3MIN_HARD
804: Joint 0 State: Max Soft Vel
---
804: Joint 1 State: Min Hard Vel
---
804: Joint 3 State: Hard Min
---
joint3MIN_HARD
805: Joint 0 State: Max Soft Vel
---
805: Joint 1 State: Min Hard Vel
---
805: Joint 3 State: Hard Min
---
joint3MIN_HARD
806: Joint 0 State: Max Soft Vel
---
806: Joint 1 State: Min Hard Vel
---
806: Joint 3 State: Hard Min
---
joint3MIN_HARD
807: Joint 0 State: Max Soft Vel
---
807: Joint 1 State: Min Hard Vel
---
807: Joint 3 State: Hard Min
---
joint3MIN_HARD
808: Joint 0 State: Max Soft Vel
---
808: Joint 1 State: Min Hard Vel
---
808: Joint 3 State: Hard Min
---
joint3MIN_HARD
809: Joint 0 State: Max Soft Vel
---
809: Joint 1 State: Min Hard Vel
---
809: Joint 3 State: Hard Min
---
joint3MIN_HARD
810: Joint 0 State: Max Soft Vel
---
810: Joint 1 State: Min Hard Vel
---
810: Joint 3 State: Hard Min
---
joint3MIN_HARD
811: Joint 0 State: Max Soft Vel
---
811: Joint 1 State: Min Hard Vel
---
811: Joint 3 State: Hard Min
---
joint3MIN_HARD
812: Joint 0 State: Max Soft Vel
---
812: Joint 1 State: Min Hard Vel
---
812: Joint 3 State: Hard Min
---
joint3MIN_HARD
813: Joint 0 State: Max Soft Vel
---
813: Joint 1 State: Min Hard Vel
---
813: Joint 3 State: Hard Min
---
joint3MIN_HARD
814: Joint 1 State: Min Hard Vel
---
814: Joint 3 State: Hard Min
---
joint3MIN_HARD
815: Joint 1 State: Min Hard Vel
---
815: Joint 3 State: Hard Min
---
joint3MIN_HARD
816: Joint 1 State: Min Hard Vel
---
816: Joint 3 State: Hard Min
---
joint3MIN_HARD
817: Joint 1 State: Min Hard Vel
---
817: Joint 3 State: Hard Min
---
joint3MIN_HARD
818: Joint 1 State: Min Hard Vel
---
818: Joint 3 State: Hard Min
---
joint3MIN_HARD
819: Joint 1 State: Min Hard Vel
---
819: Joint 3 State: Hard Min
---
joint3MIN_HARD
820: Joint 1 State: Min Hard Vel
---
820: Joint 3 State: Hard Min
---
joint3MIN_HARD
821: Joint 1 State: Min Hard Vel
---
821: Joint 3 State: Hard Min
---
joint3MIN_HARD
822: Joint 1 State: Min Hard Vel
---
822: Joint 3 State: Hard Min
---
joint3MIN_HARD
823: Joint 1 State: Min Hard Vel
---
823: Joint 3 State: Hard Min
---
joint3MIN_HARD
824: Joint 0 State: Max Soft Vel
---
824: Joint 1 State: Min Hard Vel
---
824: Joint 3 State: Hard Min
---
joint3MIN_HARD
825: Joint 0 State: Max Soft Vel
---
825: Joint 1 State: Min Hard Vel
---
825: Joint 3 State: Hard Min
---
joint3MIN_HARD
826: Joint 0 State: Max Soft Vel
---
826: Joint 1 State: Min Hard Vel
---
826: Joint 3 State: Hard Min
---
joint3MIN_HARD
827: Joint 0 State: Max Soft Vel
---
827: Joint 1 State: Min Hard Vel
---
827: Joint 3 State: Hard Min
---
joint3MIN_HARD
828: Joint 0 State: Max Soft Vel
---
828: Joint 1 State: Min Hard Vel
---
828: Joint 3 State: Hard Min
---
joint3MIN_HARD
829: Joint 0 State: Max Soft Vel
---
829: Joint 1 State: Min Hard Vel
---
829: Joint 3 State: Hard Min
---
joint3MIN_HARD
830: Joint 0 State: Max Soft Vel
---
830: Joint 1 State: Min Hard Vel
---
830: Joint 3 State: Hard Min
---
joint3MIN_HARD
831: Joint 0 State: Max Soft Vel
---
831: Joint 1 State: Min Hard Vel
---
831: Joint 3 State: Hard Min
---
joint3MIN_HARD
832: Joint 0 State: Max Soft Vel
---
832: Joint 1 State: Min Hard Vel
---
832: Joint 3 State: Hard Min
---
joint3MIN_HARD
833: Joint 0 State: Max Soft Vel
---
833: Joint 1 State: Min Hard Vel
---
833: Joint 3 State: Hard Min
---
joint3MIN_HARD
834: Joint 0 State: Max Soft Vel
---
834: Joint 1 State: Min Hard Vel
---
834: Joint 3 State: Hard Min
---
joint3MIN_HARD
835: Joint 0 State: Max Soft Vel
---
835: Joint 1 State: Min Hard Vel
---
835: Joint 3 State: Hard Min
---
joint3MIN_HARD
836: Joint 0 State: Max Soft Vel
---
836: Joint 1 State: Min Hard Vel
---
836: Joint 3 State: Hard Min
---
joint3MIN_HARD
837: Joint 0 State: Max Soft Vel
---
837: Joint 1 State: Min Hard Vel
---
837: Joint 3 State: Hard Min
---
joint3MIN_HARD
838: Joint 0 State: Max Soft Vel
---
838: Joint 1 State: Min Hard Vel
---
838: Joint 3 State: Hard Min
---
joint3MIN_HARD
839: Joint 0 State: Max Soft Vel
---
839: Joint 1 State: Min Hard Vel
---
839: Joint 3 State: Hard Min
---
joint3MIN_HARD
840: Joint 0 State: Max Soft Vel
---
840: Joint 1 State: Min Hard Vel
---
840: Joint 3 State: Hard Min
---
joint3MIN_HARD
841: Joint 1 State: Min Hard Vel
---
841: Joint 3 State: Hard Min
---
joint3MIN_HARD
842: Joint 1 State: Min Hard Vel
---
842: Joint 3 State: Hard Min
---
joint3MIN_HARD
843: Joint 1 State: Min Hard Vel
---
843: Joint 3 State: Hard Min
---
joint3MIN_HARD
844: Joint 1 State: Min Hard Vel
---
844: Joint 3 State: Hard Min
---
joint3MIN_HARD
845: Joint 1 State: Min Hard Vel
---
845: Joint 3 State: Hard Min
---
joint3MIN_HARD
846: Joint 1 State: Min Hard Vel
---
846: Joint 3 State: Hard Min
---
joint3MIN_HARD
847: Joint 1 State: Min Hard Vel
---
847: Joint 3 State: Hard Min
---
joint3MIN_HARD
848: Joint 1 State: Min Hard Vel
---
848: Joint 3 State: Hard Min
---
joint3MIN_HARD
849: Joint 1 State: Min Hard Vel
---
849: Joint 3 State: Hard Min
---
joint3MIN_HARD
850: Joint 1 State: Min Hard Vel
---
850: Joint 3 State: Hard Min
---
joint3MIN_HARD
851: Joint 1 State: Min Hard Vel
---
851: Joint 3 State: Hard Min
---
joint3MIN_HARD
852: Joint 1 State: Min Hard Vel
---
852: Joint 3 State: Hard Min
---
joint3MIN_HARD
853: Joint 1 State: Min Hard Vel
---
853: Joint 3 State: Hard Min
---
joint3MIN_HARD
854: Joint 1 State: Min Hard Vel
---
854: Joint 3 State: Hard Min
---
joint3MIN_HARD
855: Joint 1 State: Min Hard Vel
---
855: Joint 3 State: Hard Min
---
joint3MIN_HARD
856: Joint 1 State: Min Hard Vel
---
856: Joint 3 State: Hard Min
---
joint3MIN_HARD
857: Joint 1 State: Min Hard Vel
---
857: Joint 3 State: Hard Min
---
joint3MIN_HARD
858: Joint 1 State: Min Hard Vel
---
858: Joint 3 State: Hard Min
---
joint3MIN_HARD
859: Joint 1 State: Min Hard Vel
---
859: Joint 3 State: Hard Min
---
joint3MIN_HARD
860: Joint 1 State: Min Hard Vel
---
860: Joint 3 State: Hard Min
---
joint3MIN_HARD
861: Joint 1 State: Min Hard Vel
---
861: Joint 3 State: Hard Min
---
joint3MIN_HARD
862: Joint 1 State: Min Hard Vel
---
862: Joint 3 State: Hard Min
---
joint3MIN_HARD
863: Joint 1 State: Min Hard Vel
---
863: Joint 3 State: Hard Min
---
joint3MIN_HARD
864: Joint 1 State: Min Hard Vel
---
864: Joint 3 State: Hard Min
---
joint3MIN_HARD
865: Joint 1 State: Min Hard Vel
---
865: Joint 3 State: Hard Min
---
joint3MIN_HARD
866: Joint 1 State: Min Hard Vel
---
866: Joint 3 State: Hard Min
---
joint3MIN_HARD
867: Joint 1 State: Min Hard Vel
---
867: Joint 3 State: Hard Min
---
joint3MIN_HARD
868: Joint 1 State: Min Hard Vel
---
868: Joint 3 State: Hard Min
---
joint3MIN_HARD
869: Joint 1 State: Min Hard Vel
---
869: Joint 3 State: Hard Min
---
joint3MIN_HARD
870: Joint 1 State: Min Hard Vel
---
870: Joint 3 State: Hard Min
---
joint3MIN_HARD
871: Joint 1 State: Min Hard Vel
---
871: Joint 3 State: Hard Min
---
joint3MIN_HARD
872: Joint 1 State: Min Hard Vel
---
872: Joint 3 State: Hard Min
---
joint3MIN_HARD
873: Joint 1 State: Min Hard Vel
---
873: Joint 3 State: Hard Min
---
joint3MIN_HARD
874: Joint 1 State: Min Hard Vel
---
874: Joint 3 State: Hard Min
---
joint3MIN_HARD
875: Joint 1 State: Min Hard Vel
---
875: Joint 3 State: Hard Min
---
joint3MIN_HARD
876: Joint 1 State: Min Hard Vel
---
876: Joint 3 State: Hard Min
---
joint3MIN_HARD
877: Joint 1 State: Min Hard Vel
---
877: Joint 3 State: Hard Min
---
joint3MIN_HARD
878: Joint 1 State: Min Hard Vel
---
878: Joint 3 State: Hard Min
---
joint3MIN_HARD
879: Joint 1 State: Min Hard Vel
---
879: Joint 3 State: Hard Min
---
joint3MIN_HARD
880: Joint 1 State: Min Hard Vel
---
880: Joint 3 State: Hard Min
---
joint3MIN_HARD
881: Joint 1 State: Min Hard Vel
---
881: Joint 3 State: Hard Min
---
joint3MIN_HARD
882: Joint 1 State: Min Hard Vel
---
882: Joint 3 State: Hard Min
---
joint3MIN_HARD
883: Joint 1 State: Min Hard Vel
---
883: Joint 3 State: Hard Min
---
joint3MIN_HARD
884: Joint 1 State: Min Hard Vel
---
884: Joint 3 State: Hard Min
---
joint3MIN_HARD
885: Joint 1 State: Min Hard Vel
---
885: Joint 3 State: Hard Min
---
joint3MIN_HARD
886: Joint 1 State: Min Hard Vel
---
886: Joint 3 State: Hard Min
---
joint3MIN_HARD
887: Joint 1 State: Min Hard Vel
---
887: Joint 3 State: Hard Min
---
joint3MIN_HARD
888: Joint 1 State: Min Hard Vel
---
888: Joint 3 State: Hard Min
---
joint3MIN_HARD
889: Joint 1 State: Min Hard Vel
---
889: Joint 3 State: Hard Min
---
joint3MIN_HARD
890: Joint 1 State: Min Hard Vel
---
890: Joint 3 State: Hard Min
---
joint3MIN_HARD
891: Joint 1 State: Min Hard Vel
---
891: Joint 3 State: Hard Min
---
joint3MIN_HARD
892: Joint 1 State: Min Hard Vel
---
892: Joint 3 State: Hard Min
---
joint3MIN_HARD
893: Joint 1 State: Min Hard Vel
---
893: Joint 3 State: Hard Min
---
joint3MIN_HARD
894: Joint 1 State: Min Hard Vel
---
894: Joint 3 State: Hard Min
---
joint3MIN_HARD
895: Joint 1 State: Min Hard Vel
---
895: Joint 3 State: Hard Min
---
joint3MIN_HARD
896: Joint 1 State: Min Hard Vel
---
896: Joint 3 State: Hard Min
---
joint3MIN_HARD
897: Joint 1 State: Min Soft Vel
---
897: Joint 3 State: Hard Min
---
joint3MIN_HARD
898: Joint 1 State: Min Soft Vel
---
898: Joint 3 State: Hard Min
---
joint3MIN_HARD
899: Joint 1 State: Min Soft Vel
---
899: Joint 3 State: Hard Min
---
joint3MIN_HARD
900: Joint 1 State: Min Soft Vel
---
900: Joint 3 State: Hard Min
---
joint3MIN_HARD
901: Joint 1 State: Min Soft Vel
---
901: Joint 3 State: Hard Min
---
joint3MIN_HARD
902: Joint 1 State: Min Soft Vel
---
902: Joint 3 State: Hard Min
---
joint3MIN_HARD
903: Joint 1 State: Min Soft Vel
---
903: Joint 3 State: Hard Min
---
joint3MIN_HARD
904: Joint 1 State: Min Soft Vel
---
904: Joint 3 State: Hard Min
---
joint3MIN_HARD
905: Joint 1 State: Min Soft Vel
---
905: Joint 3 State: Hard Min
---
joint3MIN_HARD
906: Joint 1 State: Min Hard Vel
---
906: Joint 3 State: Hard Min
---
joint3MIN_HARD
907: Joint 1 State: Min Hard Vel
---
907: Joint 3 State: Hard Min
---
joint3MIN_HARD
908: Joint 1 State: Min Hard Vel
---
908: Joint 3 State: Hard Min
---
joint3MIN_HARD
909: Joint 1 State: Min Hard Vel
---
909: Joint 3 State: Hard Min
---
joint3MIN_HARD
910: Joint 1 State: Min Hard Vel
---
910: Joint 3 State: Hard Min
---
joint3MIN_HARD
911: Joint 1 State: Min Soft Vel
---
911: Joint 3 State: Hard Min
---
joint3MIN_HARD
912: Joint 1 State: Min Soft Vel
---
912: Joint 3 State: Hard Min
---
joint3MIN_HARD
913: Joint 1 State: Min Soft Vel
---
913: Joint 3 State: Hard Min
---
joint3MIN_HARD
914: Joint 1 State: Min Soft Vel
---
914: Joint 3 State: Hard Min
---
joint3MIN_HARD
915: Joint 1 State: Min Soft Vel
---
915: Joint 3 State: Hard Min
---
joint3MIN_HARD
916: Joint 1 State: Min Soft Vel
---
916: Joint 3 State: Hard Min
---
joint3MIN_HARD
917: Joint 1 State: Min Soft Vel
---
917: Joint 3 State: Hard Min
---
joint3MIN_HARD
918: Joint 1 State: Min Soft Vel
---
918: Joint 3 State: Hard Min
---
joint3MIN_HARD
919: Joint 1 State: Min Soft Vel
---
919: Joint 3 State: Hard Min
---
joint3MIN_HARD
920: Joint 1 State: Min Soft Vel
---
920: Joint 3 State: Hard Min
---
joint3MIN_HARD
921: Joint 1 State: Min Soft Vel
---
921: Joint 3 State: Hard Min
---
joint3MIN_HARD
922: Joint 1 State: Min Soft Vel
---
922: Joint 3 State: Hard Min
---
joint3MIN_HARD
923: Joint 1 State: Min Soft Vel
---
923: Joint 3 State: Hard Min
---
joint3MIN_HARD
924: Joint 1 State: Min Soft Vel
---
924: Joint 3 State: Hard Min
---
joint3MIN_HARD
925: Joint 1 State: Min Soft Vel
---
925: Joint 3 State: Hard Min
---
joint3MIN_HARD
926: Joint 1 State: Min Soft Vel
---
926: Joint 3 State: Hard Min
---
joint3MIN_HARD
927: Joint 3 State: Hard Min
---
WARNING : Torque commanded on joint 3 too low (-84.0049), saturating to min value(-62.72)
joint3MIN_HARD
928: Joint 3 State: Hard Min
---
WARNING : Torque commanded on joint 3 too low (-83.7869), saturating to min value(-62.72)
joint3MIN_HARD
929: Joint 3 State: Hard Min
---
WARNING : Torque commanded on joint 3 too low (-83.4824), saturating to min value(-62.72)
joint3MIN_HARD
930: Joint 3 State: Hard Min
---
WARNING : Torque commanded on joint 3 too low (-83.2775), saturating to min value(-62.72)
joint3MIN_HARD
931: Joint 3 State: Hard Min
---
WARNING : Torque commanded on joint 3 too low (-83.1509), saturating to min value(-62.72)
joint3MIN_HARD
932: Joint 3 State: Hard Min
---
WARNING : Torque commanded on joint 3 too low (-83.0993), saturating to min value(-62.72)
joint3MIN_HARD
933: Joint 3 State: Hard Min
---
WARNING : Torque commanded on joint 3 too low (-83.2675), saturating to min value(-62.72)
joint3MIN_HARD
934: Joint 3 State: Hard Min
---
WARNING : Torque commanded on joint 3 too low (-83.3849), saturating to min value(-62.72)
joint3MIN_HARD
935: Joint 3 State: Hard Min
---
WARNING : Torque commanded on joint 3 too low (-83.486), saturating to min value(-62.72)
joint3MIN_HARD
936: Joint 3 State: Hard Min
---
WARNING : Torque commanded on joint 3 too low (-83.4056), saturating to min value(-62.72)
joint3MIN_HARD
937: Joint 3 State: Hard Min
---
WARNING : Torque commanded on joint 3 too low (-83.4607), saturating to min value(-62.72)
joint3MIN_HARD
938: Joint 3 State: Hard Min
---
WARNING : Torque commanded on joint 3 too low (-83.1533), saturating to min value(-62.72)
joint3MIN_HARD
939: Joint 3 State: Hard Min
---
WARNING : Torque commanded on joint 3 too low (-82.6222), saturating to min value(-62.72)
joint3MIN_HARD
940: Joint 3 State: Hard Min
---
WARNING : Torque commanded on joint 3 too low (-82.1413), saturating to min value(-62.72)
joint3MIN_HARD
941: Joint 3 State: Hard Min
---
WARNING : Torque commanded on joint 3 too low (-81.6666), saturating to min value(-62.72)
joint3MIN_HARD
942: Joint 3 State: Hard Min
---
WARNING : Torque commanded on joint 3 too low (-81.2428), saturating to min value(-62.72)
joint3MIN_HARD
943: Joint 3 State: Hard Min
---
WARNING : Torque commanded on joint 3 too low (-80.7795), saturating to min value(-62.72)
joint3MIN_HARD
944: Joint 3 State: Hard Min
---
WARNING : Torque commanded on joint 3 too low (-80.3761), saturating to min value(-62.72)
joint3MIN_HARD
945: Joint 3 State: Hard Min
---
WARNING : Torque commanded on joint 3 too low (-79.7832), saturating to min value(-62.72)
joint3MIN_HARD
946: Joint 3 State: Hard Min
---
WARNING : Torque commanded on joint 3 too low (-79.0299), saturating to min value(-62.72)
joint3MIN_HARD
947: Joint 3 State: Hard Min
---
WARNING : Torque commanded on joint 3 too low (-78.292), saturating to min value(-62.72)
joint3MIN_HARD
948: Joint 3 State: Hard Min
---
WARNING : Torque commanded on joint 3 too low (-77.545), saturating to min value(-62.72)
joint3MIN_HARD
949: Joint 3 State: Hard Min
---
WARNING : Torque commanded on joint 3 too low (-76.8207), saturating to min value(-62.72)
joint3MIN_HARD
950: Joint 3 State: Hard Min
---
WARNING : Torque commanded on joint 3 too low (-76.0369), saturating to min value(-62.72)
joint3MIN_HARD
951: Joint 3 State: Hard Min
---
WARNING : Torque commanded on joint 3 too low (-75.3565), saturating to min value(-62.72)
joint3MIN_HARD
952: Joint 3 State: Hard Min
---
WARNING : Torque commanded on joint 3 too low (-74.5383), saturating to min value(-62.72)
joint3MIN_HARD
953: Joint 3 State: Hard Min
---
WARNING : Torque commanded on joint 3 too low (-73.8152), saturating to min value(-62.72)
joint3MIN_HARD
954: Joint 3 State: Hard Min
---
WARNING : Torque commanded on joint 3 too low (-73.0542), saturating to min value(-62.72)
joint3MIN_HARD
955: Joint 3 State: Hard Min
---
WARNING : Torque commanded on joint 3 too low (-72.2831), saturating to min value(-62.72)
joint3MIN_HARD
956: Joint 3 State: Hard Min
---
WARNING : Torque commanded on joint 3 too low (-71.4673), saturating to min value(-62.72)
joint3MIN_HARD
957: Joint 3 State: Hard Min
---
WARNING : Torque commanded on joint 3 too low (-70.6629), saturating to min value(-62.72)
joint3MIN_HARD
958: Joint 3 State: Hard Min
---
WARNING : Torque commanded on joint 3 too low (-69.8633), saturating to min value(-62.72)
joint3MIN_HARD
959: Joint 3 State: Hard Min
---
WARNING : Torque commanded on joint 3 too low (-69.0099), saturating to min value(-62.72)
joint3MIN_HARD
960: Joint 3 State: Hard Min
---
WARNING : Torque commanded on joint 3 too low (-68.1412), saturating to min value(-62.72)
joint3MIN_HARD
961: Joint 3 State: Hard Min
---
WARNING : Torque commanded on joint 3 too low (-67.067), saturating to min value(-62.72)
joint3MIN_HARD
962: Joint 3 State: Hard Min
---
WARNING : Torque commanded on joint 3 too low (-66.0201), saturating to min value(-62.72)
joint3MIN_HARD
963: Joint 3 State: Hard Min
---
WARNING : Torque commanded on joint 3 too low (-64.909), saturating to min value(-62.72)
joint3MIN_HARD
964: Joint 3 State: Hard Min
---
WARNING : Torque commanded on joint 3 too low (-63.6872), saturating to min value(-62.72)
joint3MIN_HARD
965: Joint 3 State: Hard Min
---
joint3MIN_HARD
966: Joint 3 State: Hard Min
---
joint3MIN_HARD
967: Joint 3 State: Hard Min
---
joint3MIN_HARD
968: Joint 3 State: Hard Min
---
joint3MIN_HARD
969: Joint 3 State: Hard Min
---
joint3MIN_HARD
970: Joint 3 State: Hard Min
---
joint3MIN_HARD
971: Joint 3 State: Hard Min
---
joint3MIN_HARD
972: Joint 3 State: Hard Min
---
joint3MIN_HARD
973: Joint 3 State: Hard Min
---
joint3MIN_HARD
974: Joint 3 State: Hard Min
---
joint3MIN_HARD
975: Joint 3 State: Hard Min
---
joint3MIN_HARD
976: Joint 3 State: Hard Min
---
joint3MIN_HARD
977: Joint 3 State: Hard Min
---
joint3MIN_HARD
978: Joint 3 State: Hard Min
---
joint3MIN_HARD
979: Joint 3 State: Hard Min
---
joint3MIN_HARD
980: Joint 3 State: Hard Min
---
joint3MIN_HARD
981: Joint 3 State: Hard Min
---
joint3MIN_HARD
982: Joint 3 State: Hard Min
---
joint3MIN_HARD
983: Joint 3 State: Hard Min
---
joint3MIN_HARD
984: Joint 3 State: Hard Min
---
joint3MIN_HARD
985: Joint 3 State: Hard Min
---
joint3MIN_HARD
986: Joint 3 State: Hard Min
---
joint3MIN_HARD
987: Joint 3 State: Hard Min
---
joint3MIN_HARD
988: Joint 3 State: Hard Min
---
joint3MIN_HARD
989: Joint 3 State: Hard Min
---
joint3MIN_HARD
990: Joint 3 State: Hard Min
---
joint3MIN_HARD
991: Joint 3 State: Hard Min
---
joint3MIN_HARD
992: Joint 3 State: Hard Min
---
joint3MIN_HARD
993: Joint 3 State: Hard Min
---
joint3MIN_HARD
994: Joint 3 State: Hard Min
---
joint3MIN_HARD
995: Joint 3 State: Hard Min
---
joint3MIN_HARD
996: Joint 3 State: Hard Min
---
joint3MIN_HARD
997: Joint 3 State: Hard Min
---
joint3MIN_HARD
998: Joint 3 State: Hard Min
---
joint3MIN_HARD
999: Joint 3 State: Hard Min
---
joint3MIN_HARD
1000: Joint 3 State: Hard Min
---
joint3MIN_HARD
1001: Joint 3 State: Hard Min
---
joint3MIN_HARD
1002: Joint 3 State: Hard Min
---
joint3MIN_HARD
1003: Joint 3 State: Hard Min
---
joint3MIN_HARD
1004: Joint 3 State: Hard Min
---
joint3MIN_HARD
1005: Joint 3 State: Hard Min
---
joint3MIN_HARD
1006: Joint 3 State: Hard Min
---
joint3MIN_HARD
1007: Joint 3 State: Hard Min
---
joint3MIN_HARD
1008: Joint 3 State: Hard Min
---
joint3MIN_HARD
1009: Joint 3 State: Hard Min
---
joint3MIN_HARD
1010: Joint 3 State: Hard Min
---
joint3MIN_HARD
1011: Joint 3 State: Hard Min
---
joint3MIN_HARD
1012: Joint 3 State: Hard Min
---
joint3MIN_HARD
1013: Joint 3 State: Hard Min
---
joint3MIN_HARD
1014: Joint 3 State: Hard Min
---
joint3MIN_HARD
1015: Joint 3 State: Hard Min
---
joint3MIN_HARD
1016: Joint 3 State: Hard Min
---
joint3MIN_HARD
1017: Joint 3 State: Hard Min
---
joint3MIN_HARD
1018: Joint 3 State: Hard Min
---
joint3MIN_HARD
1019: Joint 3 State: Hard Min
---
joint3MIN_HARD
1020: Joint 3 State: Hard Min
---
joint3MIN_HARD
1021: Joint 3 State: Hard Min
---
joint3MIN_HARD
1022: Joint 3 State: Hard Min
---
joint3MIN_HARD
1023: Joint 3 State: Hard Min
---
joint3MIN_HARD
1024: Joint 3 State: Hard Min
---
joint3MIN_HARD
1025: Joint 3 State: Hard Min
---
joint3MIN_HARD
1026: Joint 3 State: Hard Min
---
joint3MIN_HARD
1027: Joint 3 State: Hard Min
---
joint3MIN_HARD
1028: Joint 3 State: Hard Min
---
joint3MIN_HARD
1029: Joint 3 State: Hard Min
---
joint3MIN_HARD
1030: Joint 3 State: Hard Min
---
joint3MIN_HARD
1031: Joint 3 State: Hard Min
---
joint3MIN_HARD
1032: Joint 3 State: Hard Min
---
joint3MIN_HARD
1033: Joint 3 State: Hard Min
---
joint3MIN_HARD
1034: Joint 3 State: Hard Min
---
joint3MIN_HARD
1035: Joint 3 State: Hard Min
---
joint3MIN_HARD
1036: Joint 3 State: Hard Min
---
joint3MIN_HARD
1037: Joint 3 State: Hard Min
---
joint3MIN_HARD
1038: Joint 3 State: Hard Min
---
joint3MIN_HARD
1039: Joint 3 State: Hard Min
---
joint3MIN_HARD
1040: Joint 3 State: Hard Min
---
joint3MIN_HARD
1041: Joint 3 State: Hard Min
---
joint3MIN_HARD
1042: Joint 3 State: Hard Min
---
joint3MIN_HARD
1043: Joint 3 State: Hard Min
---
joint3MIN_HARD
1044: Joint 3 State: Hard Min
---
joint3MIN_HARD
1045: Joint 3 State: Hard Min
---
joint3MIN_HARD
1046: Joint 3 State: Hard Min
---
joint3MIN_HARD
1047: Joint 3 State: Hard Min
---
joint3MIN_HARD
1048: Joint 3 State: Hard Min
---
joint3MIN_HARD
1049: Joint 3 State: Hard Min
---
joint3MIN_HARD
1050: Joint 3 State: Hard Min
---
joint3MIN_HARD
1051: Joint 3 State: Hard Min
---
joint3MIN_HARD
1052: Joint 3 State: Hard Min
---
joint3MIN_HARD
1053: Joint 3 State: Hard Min
---
joint3MIN_HARD
1054: Joint 3 State: Hard Min
---
joint3MIN_HARD
1055: Joint 3 State: Hard Min
---
joint3MIN_HARD
1056: Joint 3 State: Hard Min
---
joint3MIN_HARD
1057: Joint 3 State: Hard Min
---
joint3MIN_HARD
1058: Joint 3 State: Hard Min
---
joint3MIN_HARD
1059: Joint 3 State: Hard Min
---
joint3MIN_HARD
1060: Joint 3 State: Hard Min
---
joint3MIN_HARD
1061: Joint 3 State: Hard Min
---
joint3MIN_HARD
1062: Joint 3 State: Hard Min
---
joint3MIN_HARD
1063: Joint 3 State: Hard Min
---
joint3MIN_HARD
1064: Joint 3 State: Hard Min
---
joint3MIN_HARD
1065: Joint 3 State: Hard Min
---
joint3MIN_HARD
1066: Joint 3 State: Hard Min
---
joint3MIN_HARD
1067: Joint 3 State: Hard Min
---
joint3MIN_HARD
1068: Joint 3 State: Hard Min
---
joint3MIN_HARD
1069: Joint 3 State: Hard Min
---
joint3MIN_HARD
1070: Joint 3 State: Hard Min
---
joint3MIN_HARD
1071: Joint 3 State: Hard Min
---
joint3MIN_HARD
1072: Joint 3 State: Hard Min
---
joint3MIN_HARD
1073: Joint 3 State: Hard Min
---
joint3MIN_HARD
1074: Joint 3 State: Hard Min
---
joint3MIN_HARD
1075: Joint 3 State: Hard Min
---
joint3MIN_HARD
1076: Joint 3 State: Hard Min
---
joint3MIN_HARD
1077: Joint 3 State: Hard Min
---
joint3MIN_HARD
1078: Joint 3 State: Hard Min
---
joint3MIN_HARD
1079: Joint 3 State: Hard Min
---
joint3MIN_HARD
1080: Joint 3 State: Hard Min
---
joint3MIN_HARD
1081: Joint 3 State: Hard Min
---
joint3MIN_HARD
1082: Joint 3 State: Hard Min
---
joint3MIN_HARD
1083: Joint 3 State: Hard Min
---
joint3MIN_HARD
1084: Joint 3 State: Hard Min
---
joint3MIN_HARD
1085: Joint 3 State: Hard Min
---
joint3MIN_HARD
1086: Joint 3 State: Hard Min
---
joint3MIN_HARD
1087: Joint 3 State: Hard Min
---
joint3MIN_HARD
1088: Joint 3 State: Hard Min
---
joint3MIN_HARD
1089: Joint 3 State: Hard Min
---
joint3MIN_HARD
1090: Joint 3 State: Hard Min
---
joint3MIN_HARD
1091: Joint 3 State: Hard Min
---
joint3MIN_HARD
1092: Joint 3 State: Hard Min
---
joint3MIN_HARD
1093: Joint 3 State: Hard Min
---
joint3MIN_HARD
1094: Joint 3 State: Hard Min
---
joint3MIN_HARD
1095: Joint 3 State: Hard Min
---
joint3MIN_HARD
1096: Joint 3 State: Hard Min
---
joint3MIN_HARD
1097: Joint 3 State: Hard Min
---
joint3MIN_HARD
1098: Joint 3 State: Hard Min
---
joint3MIN_HARD
1099: Joint 3 State: Hard Min
---
joint3MIN_HARD
1100: Joint 3 State: Hard Min
---
joint3MIN_HARD
1101: Joint 3 State: Hard Min
---
joint3MIN_HARD
1102: Joint 3 State: Hard Min
---
joint3MIN_HARD
1103: Joint 3 State: Hard Min
---
joint3MIN_HARD
1104: Joint 3 State: Hard Min
---
joint3MIN_HARD
1105: Joint 3 State: Hard Min
---
joint3MIN_HARD
1106: Joint 3 State: Hard Min
---
joint3MIN_HARD
1107: Joint 3 State: Hard Min
---
joint3MIN_HARD
1108: Joint 3 State: Hard Min
---
joint3MIN_HARD
1109: Joint 3 State: Hard Min
---
joint3MIN_HARD
1110: Joint 3 State: Hard Min
---
joint3MIN_HARD
1111: Joint 3 State: Hard Min
---
joint3MIN_HARD
1112: Joint 3 State: Hard Min
---
joint3MIN_HARD
1113: Joint 3 State: Hard Min
---
joint3MIN_HARD
1114: Joint 3 State: Hard Min
---
joint3MIN_HARD
1115: Joint 3 State: Hard Min
---
joint3MIN_HARD
1116: Joint 3 State: Hard Min
---
joint3MIN_HARD
1117: Joint 3 State: Hard Min
---
joint3MIN_HARD
1118: Joint 3 State: Hard Min
---
joint3MIN_HARD
1119: Joint 3 State: Hard Min
---
joint3MIN_HARD
1120: Joint 3 State: Hard Min
---
joint3MIN_HARD
1121: Joint 3 State: Hard Min
---
joint3MIN_HARD
1122: Joint 3 State: Hard Min
---
joint3MIN_HARD
1123: Joint 3 State: Hard Min
---
joint3MIN_HARD
1124: Joint 3 State: Hard Min
---
joint3MIN_HARD
1125: Joint 3 State: Hard Min
---
joint3MIN_HARD
1126: Joint 3 State: Hard Min
---
joint3MIN_HARD
1127: Joint 3 State: Hard Min
---
joint3MIN_HARD
1128: Joint 3 State: Hard Min
---
joint3MIN_HARD
1129: Joint 3 State: Hard Min
---
joint3MIN_HARD
1130: Joint 3 State: Hard Min
---
joint3MIN_HARD
1131: Joint 3 State: Hard Min
---
joint3MIN_HARD
1132: Joint 3 State: Hard Min
---
joint3MIN_HARD
1133: Joint 3 State: Hard Min
---
joint3MIN_HARD
1134: Joint 3 State: Hard Min
---
joint3MIN_HARD
1135: Joint 3 State: Hard Min
---
joint3MIN_HARD
1136: Joint 3 State: Hard Min
---
joint3MIN_HARD
1137: Joint 3 State: Hard Min
---
joint3MIN_HARD
1138: Joint 3 State: Hard Min
---
joint3MIN_HARD
1139: Joint 3 State: Hard Min
---
joint3MIN_HARD
1140: Joint 3 State: Hard Min
---
joint3MIN_HARD
1141: Joint 3 State: Hard Min
---
joint3MIN_HARD
1142: Joint 3 State: Hard Min
---
joint3MIN_HARD
1143: Joint 3 State: Hard Min
---
joint3MIN_HARD
1144: Joint 3 State: Hard Min
---
joint3MIN_HARD
1145: Joint 3 State: Hard Min
---
joint3MIN_HARD
1146: Joint 3 State: Hard Min
---
joint3MIN_HARD
1147: Joint 3 State: Hard Min
---
joint3MIN_HARD
1148: Joint 3 State: Hard Min
---
joint3MIN_HARD
1149: Joint 3 State: Hard Min
---
joint3MIN_HARD
1150: Joint 3 State: Hard Min
---
joint3MIN_HARD
1151: Joint 3 State: Hard Min
---
joint3MIN_HARD
1152: Joint 3 State: Hard Min
---
joint3MIN_HARD
1153: Joint 3 State: Hard Min
---
joint3MIN_HARD
1154: Joint 3 State: Hard Min
---
joint3MIN_HARD
1155: Joint 3 State: Hard Min
---
joint3MIN_HARD
1156: Joint 3 State: Hard Min
---
joint3MIN_HARD
1157: Joint 3 State: Hard Min
---
joint3MIN_HARD
1158: Joint 3 State: Hard Min
---
joint3MIN_HARD
1159: Joint 3 State: Hard Min
---
joint3MIN_HARD
1160: Joint 3 State: Hard Min
---
joint3MIN_HARD
1161: Joint 3 State: Hard Min
---
joint3MIN_HARD
1162: Joint 3 State: Hard Min
---
joint3MIN_HARD
1163: Joint 3 State: Hard Min
---
joint3MIN_HARD
1164: Joint 3 State: Hard Min
---
joint3MIN_HARD
1165: Joint 3 State: Hard Min
---
joint3MIN_HARD
1166: Joint 3 State: Hard Min
---
joint3MIN_HARD
1167: Joint 3 State: Hard Min
---
joint3MIN_HARD
1168: Joint 3 State: Hard Min
---
joint3MIN_HARD
1169: Joint 3 State: Hard Min
---
joint3MIN_HARD
1170: Joint 3 State: Hard Min
---
joint3MIN_HARD
1171: Joint 3 State: Hard Min
---
joint3MIN_HARD
1172: Joint 3 State: Hard Min
---
joint3MIN_HARD
1173: Joint 3 State: Hard Min
---
joint3MIN_HARD
1174: Joint 3 State: Hard Min
---
joint3MIN_HARD
1175: Joint 3 State: Hard Min
---
joint3MIN_HARD
1176: Joint 3 State: Hard Min
---
joint3MIN_HARD
1177: Joint 3 State: Hard Min
---
joint3MIN_HARD
1178: Joint 3 State: Hard Min
---
joint3MIN_HARD
1179: Joint 3 State: Hard Min
---
joint3MIN_HARD
1180: Joint 3 State: Hard Min
---
joint3MIN_HARD
1181: Joint 3 State: Hard Min
---
joint3MIN_HARD
1182: Joint 3 State: Hard Min
---
joint3MIN_HARD
1183: Joint 3 State: Hard Min
---
joint3MIN_HARD
1184: Joint 3 State: Hard Min
---
joint3MIN_HARD
1185: Joint 3 State: Hard Min
---
joint3MIN_HARD
1186: Joint 3 State: Hard Min
---
joint3MIN_HARD
1187: Joint 3 State: Hard Min
---
joint3MIN_HARD
1188: Joint 3 State: Hard Min
---
joint3MIN_HARD
1189: Joint 3 State: Hard Min
---
joint3MIN_HARD
1190: Joint 3 State: Hard Min
---
joint3MIN_HARD
1191: Joint 3 State: Hard Min
---
joint3MIN_HARD
1192: Joint 3 State: Hard Min
---
joint3MIN_HARD
1193: Joint 3 State: Hard Min
---
joint3MIN_HARD
1194: Joint 3 State: Hard Min
---
joint3MIN_HARD
1195: Joint 3 State: Hard Min
---
joint3MIN_HARD
1196: Joint 3 State: Hard Min
---
joint3MIN_HARD
1197: Joint 3 State: Hard Min
---
joint3MIN_HARD
1198: Joint 3 State: Hard Min
---
joint3MIN_HARD
1199: Joint 3 State: Hard Min
---
joint3MIN_HARD
1200: Joint 3 State: Hard Min
---
joint3MIN_HARD
1201: Joint 3 State: Hard Min
---
joint3MIN_HARD
1202: Joint 3 State: Hard Min
---
joint3MIN_HARD
1203: Joint 3 State: Hard Min
---
joint3MIN_HARD
1204: Joint 3 State: Hard Min
---
joint3MIN_HARD
1205: Joint 3 State: Hard Min
---
joint3MIN_HARD
1206: Joint 3 State: Hard Min
---
joint3MIN_HARD
1207: Joint 3 State: Hard Min
---
joint3MIN_HARD
1208: Joint 3 State: Hard Min
---
joint3MIN_HARD
1209: Joint 3 State: Hard Min
---
joint3MIN_HARD
1210: Joint 3 State: Hard Min
---
joint3MIN_HARD
1211: Joint 3 State: Hard Min
---
joint3MIN_HARD
1212: Joint 3 State: Hard Min
---
joint3MIN_HARD
1213: Joint 3 State: Hard Min
---
joint3MIN_HARD
1214: Joint 3 State: Hard Min
---
joint3MIN_HARD
1215: Joint 3 State: Hard Min
---
joint3MIN_HARD
1216: Joint 3 State: Hard Min
---
joint3MIN_HARD
1217: Joint 3 State: Hard Min
---
joint3MIN_HARD
1218: Joint 3 State: Hard Min
---
joint3MIN_HARD
1219: Joint 3 State: Hard Min
---
joint3MIN_HARD
1220: Joint 3 State: Hard Min
---
joint3MIN_HARD
1221: Joint 3 State: Hard Min
---
joint3MIN_HARD
1222: Joint 3 State: Hard Min
---
joint3MIN_HARD
1223: Joint 3 State: Hard Min
---
joint3MIN_HARD
1224: Joint 3 State: Hard Min
---
joint3MIN_HARD
1225: Joint 3 State: Hard Min
---
joint3MIN_HARD
1226: Joint 3 State: Hard Min
---
joint3MIN_HARD
1227: Joint 3 State: Hard Min
---
joint3MIN_HARD
1228: Joint 3 State: Hard Min
---
joint3MIN_HARD
1229: Joint 3 State: Hard Min
---
joint3MIN_HARD
1230: Joint 3 State: Hard Min
---
joint3MIN_HARD
1231: Joint 3 State: Hard Min
---
joint3MIN_HARD
1232: Joint 3 State: Hard Min
---
joint3MIN_HARD
1233: Joint 3 State: Hard Min
---
joint3MIN_HARD
1234: Joint 3 State: Hard Min
---
joint3MIN_HARD
1235: Joint 3 State: Hard Min
---
joint3MIN_HARD
1236: Joint 3 State: Hard Min
---
joint3MIN_HARD
1237: Joint 3 State: Hard Min
---
joint3MIN_HARD
1238: Joint 3 State: Hard Min
---
joint3MIN_HARD
1239: Joint 3 State: Hard Min
---
joint3MIN_HARD
1240: Joint 3 State: Hard Min
---
joint3MIN_HARD
1241: Joint 3 State: Hard Min
---
joint3MIN_HARD
1242: Joint 3 State: Hard Min
---
joint3MIN_HARD
1243: Joint 3 State: Hard Min
---
joint3MIN_HARD
1244: Joint 3 State: Hard Min
---
joint3MIN_HARD
1245: Joint 3 State: Hard Min
---
joint3MIN_HARD
1246: Joint 3 State: Hard Min
---
joint3MIN_HARD
1247: Joint 3 State: Hard Min
---
joint3MIN_HARD
1248: Joint 3 State: Hard Min
---
joint3MIN_HARD
1249: Joint 3 State: Hard Min
---
joint3MIN_HARD
1250: Joint 3 State: Hard Min
---
joint3MIN_HARD
1251: Joint 3 State: Hard Min
---
joint3MIN_HARD
1252: Joint 3 State: Hard Min
---
joint3MIN_HARD
1253: Joint 3 State: Hard Min
---
joint3MIN_HARD
1254: Joint 3 State: Hard Min
---
joint3MIN_HARD
1255: Joint 3 State: Hard Min
---
joint3MIN_HARD
1256: Joint 3 State: Hard Min
---
joint3MIN_HARD
1257: Joint 3 State: Hard Min
---
joint3MIN_HARD
1258: Joint 3 State: Hard Min
---
joint3MIN_HARD
1259: Joint 3 State: Hard Min
---
joint3MIN_HARD
1260: Joint 3 State: Hard Min
---
joint3MIN_HARD
1261: Joint 3 State: Hard Min
---
joint3MIN_HARD
1262: Joint 3 State: Hard Min
---
joint3MIN_HARD
1263: Joint 3 State: Hard Min
---
joint3MIN_HARD
1264: Joint 3 State: Hard Min
---
joint3MIN_HARD
1265: Joint 3 State: Hard Min
---
joint3MIN_HARD
1266: Joint 3 State: Hard Min
---
joint3MIN_HARD
1267: Joint 3 State: Hard Min
---
joint3MIN_HARD
1268: Joint 3 State: Hard Min
---
joint3MIN_HARD
1269: Joint 3 State: Hard Min
---
joint3MIN_HARD
1270: Joint 3 State: Hard Min
---
joint3MIN_HARD
1271: Joint 3 State: Hard Min
---
joint3MIN_HARD
1272: Joint 3 State: Hard Min
---
joint3MIN_HARD
1273: Joint 3 State: Hard Min
---
joint3MIN_HARD
1274: Joint 3 State: Hard Min
---
joint3MIN_HARD
1275: Joint 3 State: Hard Min
---
joint3MIN_HARD
1276: Joint 3 State: Hard Min
---
joint3MIN_HARD
1277: Joint 3 State: Hard Min
---
joint3MIN_HARD
1278: Joint 3 State: Hard Min
---
joint3MIN_HARD
1279: Joint 3 State: Hard Min
---
joint3MIN_HARD
1280: Joint 3 State: Hard Min
---
joint3MIN_HARD
1281: Joint 3 State: Hard Min
---
joint3MIN_HARD
1282: Joint 3 State: Hard Min
---
joint3MIN_HARD
1283: Joint 3 State: Hard Min
---
joint3MIN_HARD
1284: Joint 3 State: Hard Min
---
joint3MIN_HARD
1285: Joint 3 State: Hard Min
---
joint3MIN_HARD
1286: Joint 3 State: Hard Min
---
joint3MIN_HARD
1287: Joint 3 State: Hard Min
---
joint3MIN_HARD
1288: Joint 3 State: Hard Min
---
joint3MIN_HARD
1289: Joint 3 State: Hard Min
---
joint3MIN_HARD
1290: Joint 3 State: Hard Min
---
joint3MIN_HARD
1291: Joint 3 State: Hard Min
---
joint3MIN_HARD
1292: Joint 3 State: Hard Min
---
joint3MIN_HARD
1293: Joint 3 State: Hard Min
---
joint3MIN_HARD
1294: Joint 3 State: Hard Min
---
joint3MIN_HARD
1295: Joint 3 State: Hard Min
---
joint3MIN_HARD
1296: Joint 3 State: Hard Min
---
joint3MIN_HARD
1297: Joint 3 State: Hard Min
---
joint3MIN_HARD
1298: Joint 3 State: Hard Min
---
joint3MIN_HARD
1299: Joint 3 State: Hard Min
---
joint3MIN_HARD
1300: Joint 3 State: Hard Min
---
joint3MIN_HARD
1301: Joint 3 State: Hard Min
---
joint3MIN_HARD
1302: Joint 3 State: Hard Min
---
joint3MIN_HARD
1303: Joint 3 State: Hard Min
---
joint3MIN_HARD
1304: Joint 3 State: Hard Min
---
joint3MIN_HARD
1305: Joint 3 State: Hard Min
---
joint3MIN_HARD
1306: Joint 3 State: Hard Min
---
joint3MIN_HARD
1307: Joint 3 State: Hard Min
---
joint3MIN_HARD
1308: Joint 3 State: Hard Min
---
joint3MIN_HARD
1309: Joint 3 State: Hard Min
---
joint3MIN_HARD
1310: Joint 3 State: Hard Min
---
joint3MIN_HARD
1311: Joint 3 State: Hard Min
---
joint3MIN_HARD
1312: Joint 3 State: Hard Min
---
joint3MIN_HARD
1313: Joint 3 State: Hard Min
---
joint3MIN_HARD
1314: Joint 3 State: Hard Min
---
joint3MIN_HARD
1315: Joint 3 State: Hard Min
---
joint3MIN_HARD
1316: Joint 3 State: Hard Min
---
joint3MIN_HARD
1317: Joint 3 State: Hard Min
---
joint3MIN_HARD
1318: Joint 3 State: Hard Min
---
joint3MIN_HARD
1319: Joint 3 State: Hard Min
---
joint3MIN_HARD
1320: Joint 3 State: Hard Min
---
joint3MIN_HARD
1321: Joint 3 State: Hard Min
---
joint3MIN_HARD
1322: Joint 3 State: Hard Min
---
joint3MIN_HARD
1323: Joint 3 State: Hard Min
---
joint3MIN_HARD
1324: Joint 3 State: Hard Min
---
joint3MIN_HARD
1325: Joint 3 State: Hard Min
---
joint3MIN_HARD
1326: Joint 3 State: Hard Min
---
joint3MIN_HARD
1327: Joint 3 State: Hard Min
---
joint3MIN_HARD
1328: Joint 3 State: Hard Min
---
joint3MIN_HARD
1329: Joint 3 State: Hard Min
---
joint3MIN_HARD
1330: Joint 3 State: Hard Min
---
joint3MIN_HARD
1331: Joint 3 State: Hard Min
---
joint3MIN_HARD
1332: Joint 3 State: Hard Min
---
joint3MIN_HARD
1333: Joint 3 State: Hard Min
---
joint3MIN_HARD
1334: Joint 3 State: Hard Min
---
joint3MIN_HARD
1335: Joint 3 State: Hard Min
---
joint3MIN_HARD
1336: Joint 3 State: Hard Min
---
joint3MIN_HARD
1337: Joint 3 State: Hard Min
---
joint3MIN_HARD
1338: Joint 3 State: Hard Min
---
joint3MIN_HARD
1339: Joint 3 State: Hard Min
---
joint3MIN_HARD
1340: Joint 3 State: Hard Min
---
joint3MIN_HARD
1341: Joint 3 State: Hard Min
---
joint3MIN_HARD
1342: Joint 3 State: Hard Min
---
joint3MIN_HARD
1343: Joint 3 State: Hard Min
---
joint3MIN_HARD
1344: Joint 3 State: Hard Min
---
joint3MIN_HARD
1345: Joint 3 State: Hard Min
---
joint3MIN_HARD
1346: Joint 3 State: Hard Min
---
joint3MIN_HARD
1347: Joint 3 State: Hard Min
---
joint3MIN_HARD
1348: Joint 3 State: Hard Min
---
joint3MIN_HARD
1349: Joint 3 State: Hard Min
---
joint3MIN_HARD
1350: Joint 3 State: Hard Min
---
joint3MIN_HARD
1351: Joint 3 State: Hard Min
---
joint3MIN_HARD
1352: Joint 3 State: Hard Min
---
joint3MIN_HARD
1353: Joint 3 State: Hard Min
---
joint3MIN_HARD
1354: Joint 3 State: Hard Min
---
joint3MIN_HARD
1355: Joint 3 State: Hard Min
---
joint3MIN_HARD
1356: Joint 3 State: Hard Min
---
joint3MIN_HARD
1357: Joint 3 State: Hard Min
---
joint3MIN_HARD
1358: Joint 3 State: Hard Min
---
joint3MIN_HARD
1359: Joint 3 State: Hard Min
---
joint3MIN_HARD
1360: Joint 3 State: Hard Min
---
joint3MIN_HARD
1361: Joint 3 State: Hard Min
---
joint3MIN_HARD
1362: Joint 3 State: Hard Min
---
joint3MIN_HARD
1363: Joint 3 State: Hard Min
---
joint3MIN_HARD
1364: Joint 3 State: Hard Min
---
joint3MIN_HARD
1365: Joint 3 State: Hard Min
---
joint3MIN_HARD
1366: Joint 3 State: Hard Min
---
joint3MIN_HARD
1367: Joint 3 State: Hard Min
---
joint3MIN_HARD
1368: Joint 3 State: Hard Min
---
joint3MIN_HARD
1369: Joint 3 State: Hard Min
---
joint3MIN_HARD
1370: Joint 3 State: Hard Min
---
joint3MIN_HARD
1371: Joint 3 State: Hard Min
---
joint3MIN_HARD
1372: Joint 3 State: Hard Min
---
joint3MIN_HARD
1373: Joint 3 State: Hard Min
---
joint3MIN_HARD
1374: Joint 3 State: Hard Min
---
joint3MIN_HARD
1375: Joint 3 State: Hard Min
---
joint3MIN_HARD
1376: Joint 3 State: Hard Min
---
joint3MIN_HARD
1377: Joint 3 State: Hard Min
---
joint3MIN_HARD
1378: Joint 3 State: Hard Min
---
joint3MIN_HARD
1379: Joint 3 State: Hard Min
---
joint3MIN_HARD
1380: Joint 3 State: Hard Min
---
joint3MIN_HARD
1381: Joint 3 State: Hard Min
---
joint3MIN_HARD
1382: Joint 3 State: Hard Min
---
joint3MIN_HARD
1383: Joint 3 State: Hard Min
---
joint3MIN_HARD
1384: Joint 3 State: Hard Min
---
joint3MIN_HARD
1385: Joint 3 State: Hard Min
---
joint3MIN_HARD
1386: Joint 3 State: Hard Min
---
joint3MIN_HARD
1387: Joint 3 State: Hard Min
---
joint3MIN_HARD
1388: Joint 3 State: Hard Min
---
joint3MIN_HARD
1389: Joint 3 State: Hard Min
---
joint3MIN_HARD
1390: Joint 3 State: Hard Min
---
joint3MIN_HARD
1391: Joint 3 State: Hard Min
---
joint3MIN_HARD
1392: Joint 3 State: Hard Min
---
joint3MIN_HARD
1393: Joint 3 State: Hard Min
---
joint3MIN_HARD
1394: Joint 3 State: Hard Min
---
joint3MIN_HARD
1395: Joint 3 State: Hard Min
---
joint3MIN_HARD
1396: Joint 3 State: Hard Min
---
joint3MIN_HARD
1397: Joint 3 State: Hard Min
---
joint3MIN_HARD
1398: Joint 3 State: Hard Min
---
joint3MIN_HARD
1399: Joint 3 State: Hard Min
---
joint3MIN_HARD
1400: Joint 3 State: Hard Min
---
joint3MIN_HARD
1401: Joint 3 State: Hard Min
---
joint3MIN_HARD
1402: Joint 3 State: Hard Min
---
joint3MIN_HARD
1403: Joint 3 State: Hard Min
---
joint3MIN_HARD
1404: Joint 3 State: Hard Min
---
joint3MIN_HARD
1405: Joint 3 State: Hard Min
---
joint3MIN_HARD
1406: Joint 3 State: Hard Min
---
joint3MIN_HARD
1407: Joint 3 State: Hard Min
---
joint3MIN_HARD
1408: Joint 3 State: Hard Min
---
joint3MIN_HARD
1409: Joint 3 State: Hard Min
---
joint3MIN_HARD
1410: Joint 3 State: Hard Min
---
joint3MIN_HARD
1411: Joint 3 State: Hard Min
---
joint3MIN_HARD
1412: Joint 3 State: Hard Min
---
joint3MIN_HARD
1413: Joint 3 State: Hard Min
---
joint3MIN_HARD
1414: Joint 3 State: Hard Min
---
joint3MIN_HARD
1415: Joint 3 State: Hard Min
---
joint3MIN_HARD
1416: Joint 3 State: Hard Min
---
joint3MIN_HARD
1417: Joint 3 State: Hard Min
---
joint3MIN_HARD
1418: Joint 3 State: Hard Min
---
joint3MIN_HARD
1419: Joint 3 State: Hard Min
---
joint3MIN_HARD
1420: Joint 3 State: Hard Min
---
joint3MIN_HARD
1421: Joint 3 State: Hard Min
---
joint3MIN_HARD
1422: Joint 3 State: Hard Min
---
joint3MIN_HARD
1423: Joint 3 State: Hard Min
---
joint3MIN_HARD
1424: Joint 3 State: Hard Min
---
joint3MIN_HARD
1425: Joint 3 State: Hard Min
---
joint3MIN_HARD
1426: Joint 3 State: Hard Min
---
joint3MIN_HARD
1427: Joint 3 State: Hard Min
---
joint3MIN_HARD
1428: Joint 3 State: Hard Min
---
joint3MIN_HARD
1429: Joint 3 State: Hard Min
---
joint3MIN_HARD
1430: Joint 3 State: Hard Min
---
joint3MIN_HARD
1431: Joint 3 State: Hard Min
---
joint3MIN_HARD
1432: Joint 3 State: Hard Min
---
joint3MIN_HARD
1433: Joint 3 State: Hard Min
---
joint3MIN_HARD
1434: Joint 3 State: Hard Min
---
joint3MIN_HARD
1435: Joint 3 State: Hard Min
---
joint3MIN_HARD
1436: Joint 3 State: Hard Min
---
joint3MIN_HARD
1437: Joint 3 State: Hard Min
---
joint3MIN_HARD
1438: Joint 3 State: Hard Min
---
joint3MIN_HARD
1439: Joint 3 State: Hard Min
---
joint3MIN_HARD
1440: Joint 3 State: Hard Min
---
joint3MIN_HARD
1441: Joint 3 State: Hard Min
---
joint3MIN_HARD
1442: Joint 3 State: Hard Min
---
joint3MIN_HARD
1443: Joint 3 State: Hard Min
---
joint3MIN_HARD
1444: Joint 3 State: Hard Min
---
joint3MIN_HARD
1445: Joint 3 State: Hard Min
---
joint3MIN_HARD
1446: Joint 3 State: Hard Min
---
joint3MIN_HARD
1447: Joint 3 State: Hard Min
---
joint3MIN_HARD
1448: Joint 3 State: Hard Min
---
joint3MIN_HARD
1449: Joint 3 State: Hard Min
---
joint3MIN_HARD
1450: Joint 3 State: Hard Min
---
joint3MIN_HARD
1451: Joint 3 State: Hard Min
---
joint3MIN_HARD
1452: Joint 3 State: Hard Min
---
joint3MIN_HARD
1453: Joint 3 State: Hard Min
---
joint3MIN_HARD
1454: Joint 3 State: Hard Min
---
joint3MIN_HARD
1455: Joint 3 State: Hard Min
---
joint3MIN_HARD
1456: Joint 3 State: Hard Min
---
joint3MIN_HARD
1457: Joint 3 State: Hard Min
---
joint3MIN_HARD
1458: Joint 3 State: Hard Min
---
joint3MIN_HARD
1459: Joint 3 State: Hard Min
---
joint3MIN_HARD
1460: Joint 3 State: Hard Min
---
joint3MIN_HARD
1461: Joint 3 State: Hard Min
---
joint3MIN_HARD
1462: Joint 3 State: Hard Min
---
joint3MIN_HARD
1463: Joint 3 State: Hard Min
---
joint3MIN_HARD
1464: Joint 3 State: Hard Min
---
joint3MIN_HARD
1465: Joint 3 State: Hard Min
---
joint3MIN_HARD
1466: Joint 3 State: Hard Min
---
joint3MIN_HARD
1467: Joint 3 State: Hard Min
---
joint3MIN_HARD
1468: Joint 3 State: Hard Min
---
joint3MIN_HARD
1469: Joint 3 State: Hard Min
---
joint3MIN_HARD
1470: Joint 3 State: Hard Min
---
joint3MIN_HARD
1471: Joint 3 State: Hard Min
---
joint3MIN_HARD
1472: Joint 3 State: Hard Min
---
joint3MIN_HARD
1473: Joint 3 State: Hard Min
---
joint3MIN_HARD
1474: Joint 3 State: Hard Min
---
joint3MIN_HARD
1475: Joint 3 State: Hard Min
---
joint3MIN_HARD
1476: Joint 3 State: Hard Min
---
joint3MIN_HARD
1477: Joint 3 State: Hard Min
---
joint3MIN_HARD
1478: Joint 3 State: Hard Min
---
joint3MIN_HARD
1479: Joint 3 State: Hard Min
---
joint3MIN_HARD
1480: Joint 3 State: Hard Min
---
joint3MIN_HARD
1481: Joint 3 State: Hard Min
---
joint3MIN_HARD
1482: Joint 3 State: Hard Min
---
joint3MIN_HARD
1483: Joint 3 State: Hard Min
---
joint3MIN_HARD
1484: Joint 3 State: Hard Min
---
joint3MIN_HARD
1485: Joint 3 State: Hard Min
---
joint3MIN_HARD
1486: Joint 3 State: Hard Min
---
joint3MIN_HARD
1487: Joint 3 State: Hard Min
---
joint3MIN_HARD
1488: Joint 3 State: Hard Min
---
joint3MIN_HARD
1489: Joint 3 State: Hard Min
---
joint3MIN_HARD
1490: Joint 3 State: Hard Min
---
joint3MIN_HARD
1491: Joint 3 State: Hard Min
---
joint3MIN_HARD
1492: Joint 3 State: Hard Min
---
joint3MIN_HARD
1493: Joint 3 State: Hard Min
---
joint3MIN_HARD
1494: Joint 3 State: Hard Min
---
joint3MIN_HARD
1495: Joint 3 State: Hard Min
---
joint3MIN_HARD
1496: Joint 3 State: Hard Min
---
joint3MIN_HARD
1497: Joint 3 State: Hard Min
---
joint3MIN_HARD
1498: Joint 3 State: Hard Min
---
joint3MIN_HARD
1499: Joint 3 State: Hard Min
---
joint3MIN_HARD
1500: Joint 3 State: Hard Min
---
joint3MIN_HARD
1501: Joint 3 State: Hard Min
---
joint3MIN_HARD
1502: Joint 3 State: Hard Min
---
joint3MIN_HARD
1503: Joint 3 State: Hard Min
---
joint3MIN_HARD
1504: Joint 3 State: Hard Min
---
joint3MIN_HARD
1505: Joint 3 State: Hard Min
---
joint3MIN_HARD
1506: Joint 3 State: Hard Min
---
joint3MIN_HARD
1507: Joint 3 State: Hard Min
---
joint3MIN_HARD
1508: Joint 3 State: Hard Min
---
joint3MIN_HARD
1509: Joint 3 State: Hard Min
---
joint3MIN_HARD
1510: Joint 3 State: Hard Min
---
joint3MIN_HARD
1511: Joint 3 State: Hard Min
---
joint3MIN_HARD
1512: Joint 3 State: Hard Min
---
joint3MIN_HARD
1513: Joint 3 State: Hard Min
---
joint3MIN_HARD
1514: Joint 3 State: Hard Min
---
joint3MIN_HARD
1515: Joint 3 State: Hard Min
---
joint3MIN_HARD
1516: Joint 3 State: Hard Min
---
joint3MIN_HARD
1517: Joint 3 State: Hard Min
---
joint3MIN_HARD
1518: Joint 3 State: Hard Min
---
joint3MIN_HARD
1519: Joint 3 State: Hard Min
---
joint3MIN_HARD
1520: Joint 3 State: Hard Min
---
joint3MIN_HARD
1521: Joint 3 State: Hard Min
---
joint3MIN_HARD
1522: Joint 3 State: Hard Min
---
joint3MIN_HARD
1523: Joint 3 State: Hard Min
---
joint3MIN_HARD
1524: Joint 3 State: Hard Min
---
joint3MIN_HARD
1525: Joint 3 State: Hard Min
---
joint3MIN_HARD
1526: Joint 3 State: Hard Min
---
joint3MIN_HARD
1527: Joint 3 State: Hard Min
---
joint3MIN_HARD
1528: Joint 3 State: Hard Min
---
joint3MIN_HARD
1529: Joint 3 State: Hard Min
---
joint3MIN_HARD
1530: Joint 3 State: Hard Min
---
joint3MIN_HARD
1531: Joint 3 State: Hard Min
---
joint3MIN_HARD
1532: Joint 3 State: Hard Min
---
joint3MIN_HARD
1533: Joint 3 State: Hard Min
---
joint3MIN_HARD
1534: Joint 3 State: Hard Min
---
joint3MIN_HARD
1535: Joint 3 State: Hard Min
---
joint3MIN_HARD
1536: Joint 3 State: Hard Min
---
joint3MIN_HARD
1537: Joint 3 State: Hard Min
---
joint3MIN_HARD
1538: Joint 3 State: Hard Min
---
joint3MIN_HARD
1539: Joint 3 State: Hard Min
---
joint3MIN_HARD
1540: Joint 3 State: Hard Min
---
joint3MIN_HARD
1541: Joint 3 State: Hard Min
---
joint3MIN_HARD
1542: Joint 3 State: Hard Min
---
joint3MIN_HARD
1543: Joint 3 State: Hard Min
---
joint3MIN_HARD
1544: Joint 3 State: Hard Min
---
joint3MIN_HARD
1545: Joint 3 State: Hard Min
---
joint3MIN_HARD
1546: Joint 3 State: Hard Min
---
joint3MIN_HARD
1547: Joint 3 State: Hard Min
---
joint3MIN_HARD
1548: Joint 3 State: Hard Min
---
joint3MIN_HARD
1549: Joint 3 State: Hard Min
---
joint3MIN_HARD
1550: Joint 3 State: Hard Min
---
joint3MIN_HARD
1551: Joint 3 State: Hard Min
---
joint3MIN_HARD
1552: Joint 3 State: Hard Min
---
joint3MIN_HARD
1553: Joint 3 State: Hard Min
---
joint3MIN_HARD
1554: Joint 3 State: Hard Min
---
joint3MIN_HARD
1555: Joint 3 State: Hard Min
---
joint3MIN_HARD
1556: Joint 3 State: Hard Min
---
joint3MIN_HARD
1557: Joint 3 State: Hard Min
---
joint3MIN_HARD
1558: Joint 3 State: Hard Min
---
joint3MIN_HARD
1559: Joint 3 State: Hard Min
---
joint3MIN_HARD
1560: Joint 3 State: Hard Min
---
joint3MIN_HARD
1561: Joint 3 State: Hard Min
---
joint3MIN_HARD
1562: Joint 3 State: Hard Min
---
joint3MIN_HARD
1563: Joint 3 State: Hard Min
---
joint3MIN_HARD
1564: Joint 3 State: Hard Min
---
joint3MIN_HARD
1565: Joint 3 State: Hard Min
---
joint3MIN_HARD
1566: Joint 3 State: Hard Min
---
joint3MIN_HARD
1567: Joint 3 State: Hard Min
---
joint3MIN_HARD
1568: Joint 3 State: Hard Min
---
joint3MIN_HARD
1569: Joint 3 State: Hard Min
---
joint3MIN_HARD
1570: Joint 3 State: Hard Min
---
joint3MIN_HARD
1571: Joint 3 State: Hard Min
---
joint3MIN_HARD
1572: Joint 3 State: Hard Min
---
joint3MIN_HARD
1573: Joint 3 State: Hard Min
---
joint3MIN_HARD
1574: Joint 3 State: Hard Min
---
joint3MIN_HARD
1575: Joint 3 State: Hard Min
---
joint3MIN_HARD
1576: Joint 3 State: Hard Min
---
joint3MIN_HARD
1577: Joint 3 State: Hard Min
---
joint3MIN_HARD
1578: Joint 3 State: Hard Min
---
joint3MIN_HARD
1579: Joint 3 State: Hard Min
---
joint3MIN_HARD
1580: Joint 3 State: Hard Min
---
joint3MIN_HARD
1581: Joint 3 State: Hard Min
---
joint3MIN_HARD
1582: Joint 3 State: Hard Min
---
joint3MIN_HARD
1583: Joint 3 State: Hard Min
---
joint3MIN_HARD
1584: Joint 3 State: Hard Min
---
joint3MIN_HARD
1585: Joint 3 State: Hard Min
---
joint3MIN_HARD
1586: Joint 3 State: Hard Min
---
joint3MIN_HARD
1587: Joint 3 State: Hard Min
---
joint3MIN_HARD
1588: Joint 3 State: Hard Min
---
joint3MIN_HARD
1589: Joint 3 State: Hard Min
---
joint3MIN_HARD
1590: Joint 3 State: Hard Min
---
joint3MIN_HARD
1591: Joint 3 State: Hard Min
---
joint3MIN_HARD
1592: Joint 3 State: Hard Min
---
joint3MIN_HARD
1593: Joint 3 State: Hard Min
---
joint3MIN_HARD
1594: Joint 3 State: Hard Min
---
joint3MIN_HARD
1595: Joint 3 State: Hard Min
---
joint3MIN_HARD
1596: Joint 3 State: Hard Min
---
joint3MIN_HARD
1597: Joint 3 State: Hard Min
---
joint3MIN_HARD
1598: Joint 3 State: Hard Min
---
joint3MIN_HARD
1599: Joint 3 State: Hard Min
---
joint3MIN_HARD
1600: Joint 3 State: Hard Min
---
joint3MIN_HARD
1601: Joint 3 State: Hard Min
---
joint3MIN_HARD
1602: Joint 3 State: Hard Min
---
joint3MIN_HARD
1603: Joint 3 State: Hard Min
---
joint3MIN_HARD
1604: Joint 3 State: Hard Min
---
joint3MIN_HARD
1605: Joint 3 State: Hard Min
---
joint3MIN_HARD
1606: Joint 3 State: Hard Min
---
joint3MIN_HARD
1607: Joint 3 State: Hard Min
---
joint3MIN_HARD
1608: Joint 3 State: Hard Min
---
joint3MIN_HARD
1609: Joint 3 State: Hard Min
---
joint3MIN_HARD
1610: Joint 3 State: Hard Min
---
joint3MIN_HARD
1611: Joint 3 State: Hard Min
---
joint3MIN_HARD
1612: Joint 3 State: Hard Min
---
joint3MIN_HARD
1613: Joint 3 State: Hard Min
---
joint3MIN_HARD
1614: Joint 3 State: Hard Min
---
joint3MIN_HARD
1615: Joint 3 State: Hard Min
---
joint3MIN_HARD
1616: Joint 3 State: Hard Min
---
joint3MIN_HARD
1617: Joint 3 State: Hard Min
---
joint3MIN_HARD
1618: Joint 3 State: Hard Min
---
joint3MIN_HARD
1619: Joint 3 State: Hard Min
---
joint3MIN_HARD
1620: Joint 3 State: Hard Min
---
joint3MIN_HARD
1621: Joint 3 State: Hard Min
---
joint3MIN_HARD
1622: Joint 3 State: Hard Min
---
joint3MIN_HARD
1623: Joint 3 State: Hard Min
---
joint3MIN_HARD
1624: Joint 3 State: Hard Min
---
joint3MIN_HARD
1625: Joint 3 State: Hard Min
---
joint3MIN_HARD
1626: Joint 3 State: Hard Min
---
joint3MIN_HARD
1627: Joint 3 State: Hard Min
---
joint3MIN_HARD
1628: Joint 3 State: Hard Min
---
joint3MIN_HARD
1629: Joint 3 State: Hard Min
---
joint3MIN_HARD
1630: Joint 3 State: Hard Min
---
joint3MIN_HARD
1631: Joint 3 State: Hard Min
---
joint3MIN_HARD
1632: Joint 3 State: Hard Min
---
joint3MIN_HARD
1633: Joint 3 State: Hard Min
---
joint3MIN_HARD
1634: Joint 3 State: Hard Min
---
joint3MIN_HARD
1635: Joint 3 State: Hard Min
---
joint3MIN_HARD
1636: Joint 3 State: Hard Min
---
joint3MIN_HARD
1637: Joint 3 State: Hard Min
---
joint3MIN_HARD
1638: Joint 3 State: Hard Min
---
joint3MIN_HARD
1639: Joint 3 State: Hard Min
---
joint3MIN_HARD
1640: Joint 3 State: Hard Min
---
joint3MIN_HARD
1641: Joint 3 State: Hard Min
---
joint3MIN_HARD
1642: Joint 3 State: Hard Min
---
joint3MIN_HARD
1643: Joint 3 State: Hard Min
---
joint3MIN_HARD
1644: Joint 3 State: Hard Min
---
joint3MIN_HARD
1645: Joint 3 State: Hard Min
---
joint3MIN_HARD
1646: Joint 3 State: Hard Min
---
joint3MIN_HARD
1647: Joint 3 State: Hard Min
---
joint3MIN_HARD
1648: Joint 3 State: Hard Min
---
joint3MIN_HARD
1649: Joint 3 State: Hard Min
---
joint3MIN_HARD
1650: Joint 3 State: Hard Min
---
joint3MIN_HARD
1651: Joint 3 State: Hard Min
---
joint3MIN_HARD
1652: Joint 3 State: Hard Min
---
joint3MIN_HARD
1653: Joint 3 State: Hard Min
---
joint3MIN_HARD
1654: Joint 3 State: Hard Min
---
joint3MIN_HARD
1655: Joint 3 State: Hard Min
---
joint3MIN_HARD
1656: Joint 3 State: Hard Min
---
joint3MIN_HARD
1657: Joint 3 State: Hard Min
---
joint3MIN_HARD
1658: Joint 3 State: Hard Min
---
joint3MIN_HARD
1659: Joint 3 State: Hard Min
---
joint3MIN_HARD
1660: Joint 3 State: Hard Min
---
joint3MIN_HARD
1661: Joint 3 State: Hard Min
---
joint3MIN_HARD
1662: Joint 3 State: Hard Min
---
joint3MIN_HARD
1663: Joint 3 State: Hard Min
---
joint3MIN_HARD
1664: Joint 3 State: Hard Min
---
joint3MIN_HARD
1665: Joint 3 State: Hard Min
---
joint3MIN_HARD
1666: Joint 3 State: Hard Min
---
joint3MIN_HARD
1667: Joint 3 State: Hard Min
---
joint3MIN_HARD
1668: Joint 3 State: Hard Min
---
joint3MIN_HARD
1669: Joint 3 State: Hard Min
---
joint3MIN_HARD
1670: Joint 3 State: Hard Min
---
joint3MIN_HARD
1671: Joint 3 State: Hard Min
---
joint3MIN_HARD
1672: Joint 3 State: Hard Min
---
joint3MIN_HARD
1673: Joint 3 State: Hard Min
---
joint3MIN_HARD
1674: Joint 3 State: Hard Min
---
joint3MIN_HARD
1675: Joint 3 State: Hard Min
---
joint3MIN_HARD
1676: Joint 3 State: Hard Min
---
joint3MIN_HARD
1677: Joint 3 State: Hard Min
---
joint3MIN_HARD
1678: Joint 3 State: Hard Min
---
joint3MIN_HARD
1679: Joint 3 State: Hard Min
---
joint3MIN_HARD
1680: Joint 3 State: Hard Min
---
joint3MIN_HARD
1681: Joint 3 State: Hard Min
---
joint3MIN_HARD
1682: Joint 3 State: Hard Min
---
joint3MIN_HARD
1683: Joint 3 State: Hard Min
---
joint3MIN_HARD
1684: Joint 3 State: Hard Min
---
joint3MIN_HARD
1685: Joint 3 State: Hard Min
---
joint3MIN_HARD
1686: Joint 3 State: Hard Min
---
joint3MIN_HARD
1687: Joint 3 State: Hard Min
---
joint3MIN_HARD
1688: Joint 3 State: Hard Min
---
joint3MIN_HARD
1689: Joint 3 State: Hard Min
---
joint3MIN_HARD
1690: Joint 3 State: Hard Min
---
joint3MIN_HARD
1691: Joint 3 State: Hard Min
---
joint3MIN_HARD
1692: Joint 3 State: Hard Min
---
joint3MIN_HARD
1693: Joint 3 State: Hard Min
---
joint3MIN_HARD
1694: Joint 3 State: Hard Min
---
joint3MIN_HARD
1695: Joint 3 State: Hard Min
---
joint3MIN_HARD
1696: Joint 3 State: Hard Min
---
joint3MIN_HARD
1697: Joint 3 State: Hard Min
---
joint3MIN_HARD
1698: Joint 3 State: Hard Min
---
joint3MIN_HARD
1699: Joint 3 State: Hard Min
---
joint3MIN_HARD
1700: Joint 3 State: Hard Min
---
joint3MIN_HARD
1701: Joint 3 State: Hard Min
---
joint3MIN_HARD
1702: Joint 3 State: Hard Min
---
joint3MIN_HARD
1703: Joint 3 State: Hard Min
---
joint3MIN_HARD
1704: Joint 3 State: Hard Min
---
joint3MIN_HARD
1705: Joint 3 State: Hard Min
---
joint3MIN_HARD
1706: Joint 3 State: Hard Min
---
joint3MIN_HARD
1707: Joint 3 State: Hard Min
---
joint3MIN_HARD
1708: Joint 3 State: Hard Min
---
joint3MIN_HARD
1709: Joint 3 State: Hard Min
---
joint3MIN_HARD
1710: Joint 3 State: Hard Min
---
joint3MIN_HARD
1711: Joint 3 State: Hard Min
---
joint3MIN_HARD
1712: Joint 3 State: Hard Min
---
joint3MIN_HARD
1713: Joint 3 State: Hard Min
---
joint3MIN_HARD
1714: Joint 3 State: Hard Min
---
joint3MIN_HARD
1715: Joint 3 State: Hard Min
---
joint3MIN_HARD
1716: Joint 3 State: Hard Min
---
joint3MIN_HARD
1717: Joint 3 State: Hard Min
---
joint3MIN_HARD
1718: Joint 3 State: Hard Min
---
joint3MIN_HARD
1719: Joint 3 State: Hard Min
---
joint3MIN_HARD
1720: Joint 3 State: Hard Min
---
joint3MIN_HARD
1721: Joint 3 State: Hard Min
---
joint3MIN_HARD
1722: Joint 3 State: Hard Min
---
joint3MIN_HARD
1723: Joint 3 State: Hard Min
---
joint3MIN_HARD
1724: Joint 3 State: Hard Min
---
joint3MIN_HARD
1725: Joint 3 State: Hard Min
---
joint3MIN_HARD
1726: Joint 3 State: Hard Min
---
joint3MIN_HARD
1727: Joint 3 State: Hard Min
---
joint3MIN_HARD
1728: Joint 3 State: Hard Min
---
joint3MIN_HARD
1729: Joint 3 State: Hard Min
---
joint3MIN_HARD
1730: Joint 3 State: Hard Min
---
joint3MIN_HARD
1731: Joint 3 State: Hard Min
---
joint3MIN_HARD
1732: Joint 3 State: Hard Min
---
joint3MIN_HARD
1733: Joint 3 State: Hard Min
---
joint3MIN_HARD
1734: Joint 3 State: Hard Min
---
joint3MIN_HARD
1735: Joint 3 State: Hard Min
---
joint3MIN_HARD
1736: Joint 3 State: Hard Min
---
joint3MIN_HARD
1737: Joint 3 State: Hard Min
---
joint3MIN_HARD
1738: Joint 3 State: Hard Min
---
joint3MIN_HARD
1739: Joint 3 State: Hard Min
---
joint3MIN_HARD
1740: Joint 3 State: Hard Min
---
joint3MIN_HARD
1741: Joint 3 State: Hard Min
---
joint3MIN_HARD
1742: Joint 3 State: Hard Min
---
joint3MIN_HARD
1743: Joint 3 State: Hard Min
---
joint3MIN_HARD
1744: Joint 3 State: Hard Min
---
joint3MIN_HARD
1745: Joint 3 State: Hard Min
---
joint3MIN_HARD
1746: Joint 3 State: Hard Min
---
joint3MIN_HARD
1747: Joint 3 State: Hard Min
---
joint3MIN_HARD
1748: Joint 3 State: Hard Min
---
joint3MIN_HARD
1749: Joint 3 State: Hard Min
---
joint3MIN_HARD
1750: Joint 3 State: Hard Min
---
joint3MIN_HARD
1751: Joint 3 State: Hard Min
---
joint3MIN_HARD
1752: Joint 3 State: Hard Min
---
joint3MIN_HARD
1753: Joint 3 State: Hard Min
---
joint3MIN_HARD
1754: Joint 3 State: Hard Min
---
joint3MIN_HARD
1755: Joint 3 State: Hard Min
---
joint3MIN_HARD
1756: Joint 3 State: Hard Min
---
joint3MIN_HARD
1757: Joint 3 State: Hard Min
---
joint3MIN_HARD
1758: Joint 3 State: Hard Min
---
joint3MIN_HARD
1759: Joint 3 State: Hard Min
---
joint3MIN_HARD
1760: Joint 3 State: Hard Min
---
joint3MIN_HARD
1761: Joint 3 State: Hard Min
---
joint3MIN_HARD
1762: Joint 3 State: Hard Min
---
joint3MIN_HARD
1763: Joint 3 State: Hard Min
---
joint3MIN_HARD
1764: Joint 3 State: Hard Min
---
joint3MIN_HARD
1765: Joint 3 State: Hard Min
---
joint3MIN_HARD
1766: Joint 3 State: Hard Min
---
joint3MIN_HARD
1767: Joint 3 State: Hard Min
---
joint3MIN_HARD
1768: Joint 3 State: Hard Min
---
joint3MIN_HARD
1769: Joint 3 State: Hard Min
---
joint3MIN_HARD
1770: Joint 3 State: Hard Min
---
joint3MIN_HARD
1771: Joint 3 State: Hard Min
---
joint3MIN_HARD
1772: Joint 3 State: Hard Min
---
joint3MIN_HARD
1773: Joint 3 State: Hard Min
---
joint3MIN_HARD
1774: Joint 3 State: Hard Min
---
joint3MIN_HARD
1775: Joint 3 State: Hard Min
---
joint3MIN_HARD
1776: Joint 3 State: Hard Min
---
joint3MIN_HARD
1777: Joint 3 State: Hard Min
---
joint3MIN_HARD
1778: Joint 3 State: Hard Min
---
joint3MIN_HARD
1779: Joint 3 State: Hard Min
---
joint3MIN_HARD
1780: Joint 3 State: Hard Min
---
joint3MIN_HARD
1781: Joint 3 State: Hard Min
---
joint3MIN_HARD
1782: Joint 3 State: Hard Min
---
joint3MIN_HARD
1783: Joint 3 State: Hard Min
---
joint3MIN_HARD
1784: Joint 3 State: Hard Min
---
joint3MIN_HARD
1785: Joint 3 State: Hard Min
---
joint3MIN_HARD
1786: Joint 3 State: Hard Min
---
joint3MIN_HARD
1787: Joint 3 State: Hard Min
---
joint3MIN_HARD
1788: Joint 3 State: Hard Min
---
joint3MIN_HARD
1789: Joint 3 State: Hard Min
---
joint3MIN_HARD
1790: Joint 3 State: Hard Min
---
joint3MIN_HARD
1791: Joint 3 State: Hard Min
---
joint3MIN_HARD
1792: Joint 3 State: Hard Min
---
joint3MIN_HARD
1793: Joint 3 State: Hard Min
---
joint3MIN_HARD
1794: Joint 3 State: Hard Min
---
joint3MIN_HARD
1795: Joint 3 State: Hard Min
---
joint3MIN_HARD
1796: Joint 3 State: Hard Min
---
joint3MIN_HARD
1797: Joint 3 State: Hard Min
---
joint3MIN_HARD
1798: Joint 3 State: Hard Min
---
joint3MIN_HARD
1799: Joint 3 State: Hard Min
---
joint3MIN_HARD
1800: Joint 3 State: Hard Min
---
joint3MIN_HARD
1801: Joint 3 State: Hard Min
---
joint3MIN_HARD
1802: Joint 3 State: Hard Min
---
joint3MIN_HARD
1803: Joint 3 State: Hard Min
---
joint3MIN_HARD
1804: Joint 3 State: Hard Min
---
joint3MIN_HARD
1805: Joint 3 State: Hard Min
---
joint3MIN_HARD
1806: Joint 3 State: Hard Min
---
joint3MIN_HARD
1807: Joint 3 State: Hard Min
---
joint3MIN_HARD
1808: Joint 3 State: Hard Min
---
joint3MIN_HARD
1809: Joint 3 State: Hard Min
---
joint3MIN_HARD
1810: Joint 3 State: Hard Min
---
joint3MIN_HARD
1811: Joint 3 State: Hard Min
---
joint3MIN_HARD
1812: Joint 3 State: Hard Min
---
joint3MIN_HARD
1813: Joint 3 State: Hard Min
---
joint3MIN_HARD
1814: Joint 3 State: Hard Min
---
joint3MIN_HARD
1815: Joint 3 State: Hard Min
---
joint3MIN_HARD
1816: Joint 3 State: Hard Min
---
joint3MIN_HARD
1817: Joint 3 State: Hard Min
---
joint3MIN_HARD
1818: Joint 3 State: Hard Min
---
joint3MIN_HARD
1819: Joint 3 State: Hard Min
---
joint3MIN_HARD
1820: Joint 3 State: Hard Min
---
joint3MIN_HARD
1821: Joint 3 State: Hard Min
---
joint3MIN_HARD
1822: Joint 3 State: Hard Min
---
joint3MIN_HARD
1823: Joint 3 State: Hard Min
---
joint3MIN_HARD
1824: Joint 3 State: Hard Min
---
joint3MIN_HARD
1825: Joint 3 State: Hard Min
---
joint3MIN_HARD
1826: Joint 3 State: Hard Min
---
joint3MIN_HARD
1827: Joint 3 State: Hard Min
---
joint3MIN_HARD
1828: Joint 3 State: Hard Min
---
joint3MIN_HARD
1829: Joint 3 State: Hard Min
---
joint3MIN_HARD
1830: Joint 3 State: Hard Min
---
joint3MIN_HARD
1831: Joint 3 State: Hard Min
---
joint3MIN_HARD
1832: Joint 3 State: Hard Min
---
joint3MIN_HARD
1833: Joint 3 State: Hard Min
---
joint3MIN_HARD
1834: Joint 3 State: Hard Min
---
joint3MIN_HARD
1835: Joint 3 State: Hard Min
---
joint3MIN_HARD
1836: Joint 3 State: Hard Min
---
joint3MIN_HARD
1837: Joint 3 State: Hard Min
---
joint3MIN_HARD
1838: Joint 3 State: Hard Min
---
joint3MIN_HARD
1839: Joint 3 State: Hard Min
---
joint3MIN_HARD
1840: Joint 3 State: Hard Min
---
joint3MIN_HARD
1841: Joint 3 State: Hard Min
---
joint3MIN_HARD
1842: Joint 3 State: Hard Min
---
joint3MIN_HARD
1843: Joint 3 State: Hard Min
---
joint3MIN_HARD
1844: Joint 3 State: Hard Min
---
joint3MIN_HARD
1845: Joint 3 State: Hard Min
---
joint3MIN_HARD
1846: Joint 3 State: Hard Min
---
joint3MIN_HARD
1847: Joint 3 State: Hard Min
---
joint3MIN_HARD
1848: Joint 3 State: Hard Min
---
joint3MIN_HARD
1849: Joint 3 State: Hard Min
---
joint3MIN_HARD
1850: Joint 3 State: Hard Min
---
joint3MIN_HARD
1851: Joint 3 State: Hard Min
---
joint3MIN_HARD
1852: Joint 3 State: Hard Min
---
joint3MIN_HARD
1853: Joint 3 State: Hard Min
---
joint3MIN_HARD
1854: Joint 3 State: Hard Min
---
joint3MIN_HARD
1855: Joint 3 State: Hard Min
---
joint3MIN_HARD
1856: Joint 3 State: Hard Min
---
joint3MIN_HARD
1857: Joint 3 State: Hard Min
---
joint3MIN_HARD
1858: Joint 3 State: Hard Min
---
joint3MIN_HARD
1859: Joint 3 State: Hard Min
---
joint3MIN_HARD
1860: Joint 3 State: Hard Min
---
joint3MIN_HARD
1861: Joint 3 State: Hard Min
---
joint3MIN_HARD
1862: Joint 3 State: Hard Min
---
joint3MIN_HARD
1863: Joint 3 State: Hard Min
---
joint3MIN_HARD
1864: Joint 3 State: Hard Min
---
joint3MIN_HARD
1865: Joint 3 State: Hard Min
---
joint3MIN_HARD
1866: Joint 3 State: Hard Min
---
joint3MIN_HARD
1867: Joint 3 State: Hard Min
---
joint3MIN_HARD
1868: Joint 3 State: Hard Min
---
joint3MIN_HARD
1869: Joint 3 State: Hard Min
---
joint3MIN_HARD
1870: Joint 3 State: Hard Min
---
joint3MIN_HARD
1871: Joint 3 State: Hard Min
---
joint3MIN_HARD
1872: Joint 3 State: Hard Min
---
joint3MIN_HARD
1873: Joint 3 State: Hard Min
---
joint3MIN_HARD
1874: Joint 3 State: Hard Min
---
joint3MIN_HARD
1875: Joint 3 State: Hard Min
---
joint3MIN_HARD
1876: Joint 3 State: Hard Min
---
joint3MIN_HARD
1877: Joint 3 State: Hard Min
---
joint3MIN_HARD
1878: Joint 3 State: Hard Min
---
joint3MIN_HARD
1879: Joint 3 State: Hard Min
---
joint3MIN_HARD
1880: Joint 3 State: Hard Min
---
joint3MIN_HARD
1881: Joint 3 State: Hard Min
---
joint3MIN_HARD
1882: Joint 3 State: Hard Min
---
joint3MIN_HARD
1883: Joint 3 State: Hard Min
---
joint3MIN_HARD
1884: Joint 3 State: Hard Min
---
joint3MIN_HARD
1885: Joint 3 State: Hard Min
---
joint3MIN_HARD
1886: Joint 3 State: Hard Min
---
joint3MIN_HARD
1887: Joint 3 State: Hard Min
---
joint3MIN_HARD
1888: Joint 3 State: Hard Min
---
joint3MIN_HARD
1889: Joint 3 State: Hard Min
---
joint3MIN_HARD
1890: Joint 3 State: Hard Min
---
joint3MIN_HARD
1891: Joint 3 State: Hard Min
---
joint3MIN_HARD
1892: Joint 3 State: Hard Min
---
joint3MIN_HARD
1893: Joint 3 State: Hard Min
---
joint3MIN_HARD
1894: Joint 3 State: Hard Min
---
joint3MIN_HARD
1895: Joint 3 State: Hard Min
---
joint3MIN_HARD
1896: Joint 3 State: Hard Min
---
joint3MIN_HARD
1897: Joint 3 State: Hard Min
---
joint3MIN_HARD
1898: Joint 3 State: Hard Min
---
joint3MIN_HARD
1899: Joint 3 State: Hard Min
---
joint3MIN_HARD
1900: Joint 3 State: Hard Min
---
joint3MIN_HARD
1901: Joint 3 State: Hard Min
---
joint3MIN_HARD
1902: Joint 3 State: Hard Min
---
joint3MIN_HARD
1903: Joint 3 State: Hard Min
---
joint3MIN_HARD
1904: Joint 3 State: Hard Min
---
joint3MIN_HARD
1905: Joint 3 State: Hard Min
---
joint3MIN_HARD
1906: Joint 3 State: Hard Min
---
joint3MIN_HARD
1907: Joint 3 State: Hard Min
---
joint3MIN_HARD
1908: Joint 3 State: Hard Min
---
joint3MIN_HARD
1909: Joint 3 State: Hard Min
---
joint3MIN_HARD
1910: Joint 3 State: Hard Min
---
joint3MIN_HARD
1911: Joint 3 State: Hard Min
---
joint3MIN_HARD
1912: Joint 3 State: Hard Min
---
joint3MIN_HARD
1913: Joint 3 State: Hard Min
---
joint3MIN_HARD
1914: Joint 3 State: Hard Min
---
joint3MIN_HARD
1915: Joint 3 State: Hard Min
---
joint3MIN_HARD
1916: Joint 3 State: Hard Min
---
joint3MIN_HARD
1917: Joint 3 State: Hard Min
---
joint3MIN_HARD
1918: Joint 3 State: Hard Min
---
joint3MIN_HARD
1919: Joint 3 State: Hard Min
---
joint3MIN_HARD
1920: Joint 3 State: Hard Min
---
joint3MIN_HARD
1921: Joint 3 State: Hard Min
---
joint3MIN_HARD
1922: Joint 3 State: Hard Min
---
joint3MIN_HARD
1923: Joint 3 State: Hard Min
---
joint3MIN_HARD
1924: Joint 3 State: Hard Min
---
joint3MIN_HARD
1925: Joint 3 State: Hard Min
---
joint3MIN_HARD
1926: Joint 3 State: Hard Min
---
joint3MIN_HARD
1927: Joint 3 State: Hard Min
---
joint3MIN_HARD
1928: Joint 3 State: Hard Min
---
joint3MIN_HARD
1929: Joint 3 State: Hard Min
---
joint3MIN_HARD
1930: Joint 3 State: Hard Min
---
joint3MIN_HARD
1931: Joint 3 State: Hard Min
---
joint3MIN_HARD
1932: Joint 3 State: Hard Min
---
joint3MIN_HARD
1933: Joint 3 State: Hard Min
---
joint3MIN_HARD
1934: Joint 3 State: Hard Min
---
joint3MIN_HARD
1935: Joint 3 State: Hard Min
---
joint3MIN_HARD
1936: Joint 3 State: Hard Min
---
joint3MIN_HARD
1937: Joint 3 State: Hard Min
---
joint3MIN_HARD
1938: Joint 3 State: Hard Min
---
joint3MIN_HARD
1939: Joint 3 State: Hard Min
---
joint3MIN_HARD
1940: Joint 3 State: Hard Min
---
joint3MIN_HARD
1941: Joint 3 State: Hard Min
---
joint3MIN_HARD
1942: Joint 3 State: Hard Min
---
joint3MIN_HARD
1943: Joint 3 State: Hard Min
---
joint3MIN_HARD
1944: Joint 3 State: Hard Min
---
joint3MIN_HARD
1945: Joint 3 State: Hard Min
---
joint3MIN_HARD
1946: Joint 3 State: Hard Min
---
joint3MIN_HARD
1947: Joint 3 State: Hard Min
---
joint3MIN_HARD
1948: Joint 3 State: Hard Min
---
joint3MIN_HARD
1949: Joint 3 State: Hard Min
---
joint3MIN_HARD
1950: Joint 3 State: Hard Min
---
joint3MIN_HARD
1951: Joint 3 State: Hard Min
---
joint3MIN_HARD
1952: Joint 3 State: Hard Min
---
joint3MIN_HARD
1953: Joint 3 State: Hard Min
---
joint3MIN_HARD
1954: Joint 3 State: Hard Min
---
joint3MIN_HARD
1955: Joint 3 State: Hard Min
---
joint3MIN_HARD
1956: Joint 3 State: Hard Min
---
joint3MIN_HARD
1957: Joint 3 State: Hard Min
---
joint3MIN_HARD
1958: Joint 3 State: Hard Min
---
joint3MIN_HARD
1959: Joint 3 State: Hard Min
---
joint3MIN_HARD
1960: Joint 3 State: Hard Min
---
joint3MIN_HARD
1961: Joint 3 State: Hard Min
---
joint3MIN_HARD
1962: Joint 3 State: Hard Min
---
joint3MIN_HARD
1963: Joint 3 State: Hard Min
---
joint3MIN_HARD
1964: Joint 3 State: Hard Min
---
joint3MIN_HARD
1965: Joint 3 State: Hard Min
---
joint3MIN_HARD
1966: Joint 3 State: Hard Min
---
joint3MIN_HARD
1967: Joint 3 State: Hard Min
---
joint3MIN_HARD
1968: Joint 3 State: Hard Min
---
joint3MIN_HARD
1969: Joint 3 State: Hard Min
---
joint3MIN_HARD
1970: Joint 3 State: Hard Min
---
joint3MIN_HARD
1971: Joint 3 State: Hard Min
---
joint3MIN_HARD
1972: Joint 3 State: Hard Min
---
joint3MIN_HARD
1973: Joint 3 State: Hard Min
---
joint3MIN_HARD
1974: Joint 3 State: Hard Min
---
joint3MIN_HARD
1975: Joint 3 State: Hard Min
---
joint3MIN_HARD
1976: Joint 3 State: Hard Min
---
joint3MIN_HARD
1977: Joint 3 State: Hard Min
---
joint3MIN_HARD
1978: Joint 3 State: Hard Min
---
joint3MIN_HARD
1979: Joint 3 State: Hard Min
---
joint3MIN_HARD
1980: Joint 3 State: Hard Min
---
joint3MIN_HARD
1981: Joint 3 State: Hard Min
---
joint3MIN_HARD
1982: Joint 3 State: Hard Min
---
joint3MIN_HARD
1983: Joint 3 State: Hard Min
---
joint3MIN_HARD
1984: Joint 3 State: Hard Min
---
joint3MIN_HARD
1985: Joint 3 State: Hard Min
---
joint3MIN_HARD
1986: Joint 3 State: Hard Min
---
joint3MIN_HARD
1987: Joint 3 State: Hard Min
---
joint3MIN_HARD
1988: Joint 3 State: Hard Min
---
joint3MIN_HARD
1989: Joint 3 State: Hard Min
---
joint3MIN_HARD
1990: Joint 3 State: Hard Min
---
joint3MIN_HARD
1991: Joint 3 State: Hard Min
---
joint3MIN_HARD
1992: Joint 3 State: Hard Min
---
joint3MIN_HARD
1993: Joint 3 State: Hard Min
---
joint3MIN_HARD
1994: Joint 3 State: Hard Min
---
joint3MIN_HARD
1995: Joint 3 State: Hard Min
---
joint3MIN_HARD
1996: Joint 3 State: Hard Min
---
joint3MIN_HARD
1997: Joint 3 State: Hard Min
---
joint3MIN_HARD
1998: Joint 3 State: Hard Min
---
joint3MIN_HARD
1999: Joint 3 State: Hard Min
---
joint3MIN_HARD
2000: Joint 3 State: Hard Min
---
joint3MIN_HARD
2001: Joint 3 State: Hard Min
---
joint3MIN_HARD
2002: Joint 3 State: Hard Min
---
joint3MIN_HARD
2003: Joint 3 State: Hard Min
---
joint3MIN_HARD
2004: Joint 3 State: Hard Min
---
joint3MIN_HARD
2005: Joint 3 State: Hard Min
---
joint3MIN_HARD
2006: Joint 3 State: Hard Min
---
joint3MIN_HARD
2007: Joint 3 State: Hard Min
---
joint3MIN_HARD
2008: Joint 3 State: Hard Min
---
joint3MIN_HARD
2009: Joint 3 State: Hard Min
---
joint3MIN_HARD
2010: Joint 3 State: Hard Min
---
joint3MIN_HARD
2011: Joint 3 State: Hard Min
---
joint3MIN_HARD
2012: Joint 3 State: Hard Min
---
joint3MIN_HARD
2013: Joint 3 State: Hard Min
---
joint3MIN_HARD
2014: Joint 3 State: Hard Min
---
joint3MIN_HARD
2015: Joint 3 State: Hard Min
---
joint3MIN_HARD
2016: Joint 3 State: Hard Min
---
joint3MIN_HARD
2017: Joint 3 State: Hard Min
---
joint3MIN_HARD
2018: Joint 3 State: Hard Min
---
joint3MIN_HARD
2019: Joint 3 State: Hard Min
---
joint3MIN_HARD
2020: Joint 3 State: Hard Min
---
joint3MIN_HARD
2021: Joint 3 State: Hard Min
---
joint3MIN_HARD
2022: Joint 3 State: Hard Min
---
joint3MIN_HARD
2023: Joint 3 State: Hard Min
---
joint3MIN_HARD
2024: Joint 3 State: Hard Min
---
joint3MIN_HARD
2025: Joint 3 State: Hard Min
---
joint3MIN_HARD
2026: Joint 3 State: Hard Min
---
joint3MIN_HARD
2027: Joint 3 State: Hard Min
---
joint3MIN_HARD
2028: Joint 3 State: Hard Min
---
joint3MIN_HARD
2029: Joint 3 State: Hard Min
---
joint3MIN_HARD
2030: Joint 3 State: Hard Min
---
joint3MIN_HARD
2031: Joint 3 State: Hard Min
---
joint3MIN_HARD
2032: Joint 3 State: Hard Min
---
joint3MIN_HARD
2033: Joint 3 State: Hard Min
---
joint3MIN_HARD
2034: Joint 3 State: Hard Min
---
joint3MIN_HARD
2035: Joint 3 State: Hard Min
---
joint3MIN_HARD
2036: Joint 3 State: Hard Min
---
joint3MIN_HARD
2037: Joint 3 State: Hard Min
---
joint3MIN_HARD
2038: Joint 3 State: Hard Min
---
joint3MIN_HARD
2039: Joint 3 State: Hard Min
---
joint3MIN_HARD
2040: Joint 3 State: Hard Min
---
joint3MIN_HARD
2041: Joint 3 State: Hard Min
---
joint3MIN_HARD
2042: Joint 3 State: Hard Min
---
joint3MIN_HARD
2043: Joint 3 State: Hard Min
---
joint3MIN_HARD
2044: Joint 3 State: Hard Min
---
joint3MIN_HARD
2045: Joint 3 State: Hard Min
---
joint3MIN_HARD
2046: Joint 3 State: Hard Min
---
joint3MIN_HARD
2047: Joint 3 State: Hard Min
---
joint3MIN_HARD
2048: Joint 3 State: Hard Min
---
joint3MIN_HARD
2049: Joint 3 State: Hard Min
---
joint3MIN_HARD
2050: Joint 3 State: Hard Min
---
joint3MIN_HARD
2051: Joint 3 State: Hard Min
---
joint3MIN_HARD
2052: Joint 3 State: Hard Min
---
joint3MIN_HARD
2053: Joint 3 State: Hard Min
---
joint3MIN_HARD
2054: Joint 3 State: Hard Min
---
joint3MIN_HARD
2055: Joint 3 State: Hard Min
---
joint3MIN_HARD
2056: Joint 3 State: Hard Min
---
joint3MIN_HARD
2057: Joint 3 State: Hard Min
---
joint3MIN_HARD
2058: Joint 3 State: Hard Min
---
joint3MIN_HARD
2059: Joint 3 State: Hard Min
---
joint3MIN_HARD
2060: Joint 3 State: Hard Min
---
joint3MIN_HARD
2061: Joint 3 State: Hard Min
---
joint3MIN_HARD
2062: Joint 3 State: Hard Min
---
joint3MIN_HARD
2063: Joint 3 State: Hard Min
---
joint3MIN_HARD
2064: Joint 3 State: Hard Min
---
joint3MIN_HARD
2065: Joint 3 State: Hard Min
---
joint3MIN_HARD
2066: Joint 3 State: Hard Min
---
joint3MIN_HARD
2067: Joint 3 State: Hard Min
---
joint3MIN_HARD
2068: Joint 3 State: Hard Min
---
joint3MIN_HARD
2069: Joint 3 State: Hard Min
---
joint3MIN_HARD
2070: Joint 3 State: Hard Min
---
joint3MIN_HARD
2071: Joint 3 State: Hard Min
---
joint3MIN_HARD
2072: Joint 3 State: Hard Min
---
joint3MIN_HARD
2073: Joint 3 State: Hard Min
---
joint3MIN_HARD
2074: Joint 3 State: Hard Min
---
joint3MIN_HARD
2075: Joint 3 State: Hard Min
---
joint3MIN_HARD
2076: Joint 3 State: Hard Min
---
joint3MIN_HARD
2077: Joint 3 State: Hard Min
---
joint3MIN_HARD
2078: Joint 3 State: Hard Min
---
joint3MIN_HARD
2079: Joint 3 State: Hard Min
---
joint3MIN_HARD
2080: Joint 3 State: Hard Min
---
joint3MIN_HARD
2081: Joint 3 State: Hard Min
---
joint3MIN_HARD
2082: Joint 3 State: Hard Min
---
joint3MIN_HARD
2083: Joint 3 State: Hard Min
---
joint3MIN_HARD
2084: Joint 3 State: Hard Min
---
joint3MIN_HARD
2085: Joint 3 State: Hard Min
---
joint3MIN_HARD
2086: Joint 3 State: Hard Min
---
joint3MIN_HARD
2087: Joint 3 State: Hard Min
---
joint3MIN_HARD
2088: Joint 3 State: Hard Min
---
joint3MIN_HARD
2089: Joint 3 State: Hard Min
---
joint3MIN_HARD
2090: Joint 3 State: Hard Min
---
joint3MIN_HARD
2091: Joint 3 State: Hard Min
---
joint3MIN_HARD
2092: Joint 3 State: Hard Min
---
joint3MIN_HARD
2093: Joint 3 State: Hard Min
---
joint3MIN_HARD
2094: Joint 3 State: Hard Min
---
joint3MIN_HARD
2095: Joint 3 State: Hard Min
---
joint3MIN_HARD
2096: Joint 3 State: Hard Min
---
joint3MIN_HARD
2097: Joint 3 State: Hard Min
---
joint3MIN_HARD
2098: Joint 3 State: Hard Min
---
joint3MIN_HARD
2099: Joint 3 State: Hard Min
---
joint3MIN_HARD
2100: Joint 3 State: Hard Min
---
joint3MIN_HARD
2101: Joint 3 State: Hard Min
---
joint3MIN_HARD
2102: Joint 3 State: Hard Min
---
joint3MIN_HARD
2103: Joint 3 State: Hard Min
---
joint3MIN_HARD
2104: Joint 3 State: Hard Min
---
joint3MIN_HARD
2105: Joint 3 State: Hard Min
---
joint3MIN_HARD
2106: Joint 3 State: Hard Min
---
joint3MIN_HARD
2107: Joint 3 State: Hard Min
---
joint3MIN_HARD
2108: Joint 3 State: Hard Min
---
joint3MIN_HARD
2109: Joint 3 State: Hard Min
---
joint3MIN_HARD
2110: Joint 3 State: Hard Min
---
joint3MIN_HARD
2111: Joint 3 State: Hard Min
---
joint3MIN_HARD
2112: Joint 3 State: Hard Min
---
joint3MIN_HARD
2113: Joint 3 State: Hard Min
---
joint3MIN_HARD
2114: Joint 3 State: Hard Min
---
joint3MIN_HARD
2115: Joint 3 State: Hard Min
---
joint3MIN_HARD
2116: Joint 3 State: Hard Min
---
joint3MIN_HARD
2117: Joint 3 State: Hard Min
---
joint3MIN_HARD
2118: Joint 3 State: Hard Min
---
joint3MIN_HARD
2119: Joint 3 State: Hard Min
---
joint3MIN_HARD
2120: Joint 3 State: Hard Min
---
joint3MIN_HARD
2121: Joint 3 State: Hard Min
---
joint3MIN_HARD
2122: Joint 3 State: Hard Min
---
joint3MIN_HARD
2123: Joint 3 State: Hard Min
---
joint3MIN_HARD
2124: Joint 3 State: Hard Min
---
joint3MIN_HARD
2125: Joint 3 State: Hard Min
---
joint3MIN_HARD
2126: Joint 3 State: Hard Min
---
joint3MIN_HARD
2127: Joint 3 State: Hard Min
---
joint3MIN_HARD
2128: Joint 3 State: Hard Min
---
joint3MIN_HARD
2129: Joint 3 State: Hard Min
---
joint3MIN_HARD
2130: Joint 3 State: Hard Min
---
joint3MIN_HARD
2131: Joint 3 State: Hard Min
---
joint3MIN_HARD
2132: Joint 3 State: Hard Min
---
joint3MIN_HARD
2133: Joint 3 State: Hard Min
---
joint3MIN_HARD
2134: Joint 3 State: Hard Min
---
joint3MIN_HARD
2135: Joint 3 State: Hard Min
---
joint3MIN_HARD
2136: Joint 3 State: Hard Min
---
joint3MIN_HARD
2137: Joint 3 State: Hard Min
---
joint3MIN_HARD
2138: Joint 3 State: Hard Min
---
joint3MIN_HARD
2139: Joint 3 State: Hard Min
---
joint3MIN_HARD
2140: Joint 3 State: Hard Min
---
joint3MIN_HARD
2141: Joint 3 State: Hard Min
---
joint3MIN_HARD
2142: Joint 3 State: Hard Min
---
joint3MIN_HARD
2143: Joint 3 State: Hard Min
---
joint3MIN_HARD
2144: Joint 3 State: Hard Min
---
joint3MIN_HARD
2145: Joint 3 State: Hard Min
---
joint3MIN_HARD
2146: Joint 3 State: Hard Min
---
joint3MIN_HARD
2147: Joint 3 State: Hard Min
---
joint3MIN_HARD
2148: Joint 3 State: Hard Min
---
joint3MIN_HARD
2149: Joint 3 State: Hard Min
---
joint3MIN_HARD
2150: Joint 3 State: Hard Min
---
joint3MIN_HARD
2151: Joint 3 State: Hard Min
---
joint3MIN_HARD
2152: Joint 3 State: Hard Min
---
joint3MIN_HARD
2153: Joint 3 State: Hard Min
---
joint3MIN_HARD
2154: Joint 3 State: Hard Min
---
joint3MIN_HARD
2155: Joint 3 State: Hard Min
---
joint3MIN_HARD
2156: Joint 3 State: Hard Min
---
joint3MIN_HARD
2157: Joint 3 State: Hard Min
---
joint3MIN_HARD
2158: Joint 3 State: Hard Min
---
joint3MIN_HARD
2159: Joint 3 State: Hard Min
---
joint3MIN_HARD
2160: Joint 3 State: Hard Min
---
joint3MIN_HARD
2161: Joint 3 State: Hard Min
---
joint3MIN_HARD
2162: Joint 3 State: Hard Min
---
joint3MIN_HARD
2163: Joint 3 State: Hard Min
---
joint3MIN_HARD
2164: Joint 3 State: Hard Min
---
joint3MIN_HARD
2165: Joint 3 State: Hard Min
---
joint3MIN_HARD
2166: Joint 3 State: Hard Min
---
joint3MIN_HARD
2167: Joint 3 State: Hard Min
---
joint3MIN_HARD
2168: Joint 3 State: Hard Min
---
joint3MIN_HARD
2169: Joint 3 State: Hard Min
---
joint3MIN_HARD
2170: Joint 3 State: Hard Min
---
joint3MIN_HARD
2171: Joint 3 State: Hard Min
---
joint3MIN_HARD
2172: Joint 3 State: Hard Min
---
joint3MIN_HARD
2173: Joint 3 State: Hard Min
---
joint3MIN_HARD
2174: Joint 3 State: Hard Min
---
joint3MIN_HARD
2175: Joint 3 State: Hard Min
---
joint3MIN_HARD
2176: Joint 3 State: Hard Min
---
joint3MIN_HARD
2177: Joint 3 State: Hard Min
---
joint3MIN_HARD
2178: Joint 3 State: Hard Min
---
joint3MIN_HARD
2179: Joint 3 State: Hard Min
---
joint3MIN_HARD
2180: Joint 3 State: Hard Min
---
joint3MIN_HARD
2181: Joint 3 State: Hard Min
---
joint3MIN_HARD
2182: Joint 3 State: Hard Min
---
joint3MIN_HARD
2183: Joint 3 State: Hard Min
---
joint3MIN_HARD
2184: Joint 3 State: Hard Min
---
joint3MIN_HARD
2185: Joint 3 State: Hard Min
---
joint3MIN_HARD
2186: Joint 3 State: Hard Min
---
joint3MIN_HARD
2187: Joint 3 State: Hard Min
---
joint3MIN_HARD
2188: Joint 3 State: Hard Min
---
joint3MIN_HARD
2189: Joint 3 State: Hard Min
---
joint3MIN_HARD
2190: Joint 3 State: Hard Min
---
joint3MIN_HARD
2191: Joint 3 State: Hard Min
---
joint3MIN_HARD
2192: Joint 3 State: Hard Min
---
joint3MIN_HARD
2193: Joint 3 State: Hard Min
---
joint3MIN_HARD
2194: Joint 3 State: Hard Min
---
joint3MIN_HARD
2195: Joint 3 State: Hard Min
---
joint3MIN_HARD
2196: Joint 3 State: Hard Min
---
joint3MIN_HARD
2197: Joint 3 State: Hard Min
---
joint3MIN_HARD
2198: Joint 3 State: Hard Min
---
joint3MIN_HARD
2199: Joint 3 State: Hard Min
---
joint3MIN_HARD
2200: Joint 3 State: Hard Min
---
joint3MIN_HARD
2201: Joint 3 State: Hard Min
---
joint3MIN_HARD
2202: Joint 3 State: Hard Min
---
joint3MIN_HARD
2203: Joint 3 State: Hard Min
---
joint3MIN_HARD
2204: Joint 3 State: Hard Min
---
joint3MIN_HARD
2205: Joint 3 State: Hard Min
---
joint3MIN_HARD
2206: Joint 3 State: Hard Min
---
joint3MIN_HARD
2207: Joint 3 State: Hard Min
---
joint3MIN_HARD
2208: Joint 3 State: Hard Min
---
joint3MIN_HARD
2209: Joint 3 State: Hard Min
---
joint3MIN_HARD
2210: Joint 3 State: Hard Min
---
joint3MIN_HARD
2211: Joint 3 State: Hard Min
---
joint3MIN_HARD
2212: Joint 3 State: Hard Min
---
joint3MIN_HARD
2213: Joint 3 State: Hard Min
---
joint3MIN_HARD
2214: Joint 3 State: Hard Min
---
joint3MIN_HARD
2215: Joint 3 State: Hard Min
---
joint3MIN_HARD
2216: Joint 3 State: Hard Min
---
joint3MIN_HARD
2217: Joint 3 State: Hard Min
---
joint3MIN_HARD
2218: Joint 3 State: Hard Min
---
joint3MIN_HARD
2219: Joint 3 State: Hard Min
---
joint3MIN_HARD
2220: Joint 3 State: Hard Min
---
joint3MIN_HARD
2221: Joint 3 State: Hard Min
---
joint3MIN_HARD
2222: Joint 3 State: Hard Min
---
joint3MIN_HARD
2223: Joint 3 State: Hard Min
---
joint3MIN_HARD
2224: Joint 3 State: Hard Min
---
joint3MIN_HARD
2225: Joint 3 State: Hard Min
---
joint3MIN_HARD
2226: Joint 3 State: Hard Min
---
joint3MIN_HARD
2227: Joint 3 State: Hard Min
---
joint3MIN_HARD
2228: Joint 3 State: Hard Min
---
joint3MIN_HARD
2229: Joint 3 State: Hard Min
---
joint3MIN_HARD
2230: Joint 3 State: Hard Min
---
joint3MIN_HARD
2231: Joint 3 State: Hard Min
---
joint3MIN_HARD
2232: Joint 3 State: Hard Min
---
joint3MIN_HARD
2233: Joint 3 State: Hard Min
---
joint3MIN_HARD
2234: Joint 3 State: Hard Min
---
joint3MIN_HARD
2235: Joint 3 State: Hard Min
---
joint3MIN_HARD
2236: Joint 3 State: Hard Min
---
joint3MIN_HARD
2237: Joint 3 State: Hard Min
---
joint3MIN_HARD
2238: Joint 3 State: Hard Min
---
joint3MIN_HARD
2239: Joint 3 State: Hard Min
---
joint3MIN_HARD
2240: Joint 3 State: Hard Min
---
joint3MIN_HARD
2241: Joint 3 State: Hard Min
---
joint3MIN_HARD
2242: Joint 3 State: Hard Min
---
joint3MIN_HARD
2243: Joint 3 State: Hard Min
---
joint3MIN_HARD
2244: Joint 3 State: Hard Min
---
joint3MIN_HARD
2245: Joint 3 State: Hard Min
---
joint3MIN_HARD
2246: Joint 3 State: Hard Min
---
joint3MIN_HARD
2247: Joint 3 State: Hard Min
---
joint3MIN_HARD
2248: Joint 3 State: Hard Min
---
joint3MIN_HARD
2249: Joint 3 State: Hard Min
---
joint3MIN_HARD
2250: Joint 3 State: Hard Min
---
joint3MIN_HARD
2251: Joint 3 State: Hard Min
---
joint3MIN_HARD
2252: Joint 3 State: Hard Min
---
joint3MIN_HARD
2253: Joint 3 State: Hard Min
---
joint3MIN_HARD
2254: Joint 3 State: Hard Min
---
joint3MIN_HARD
2255: Joint 3 State: Hard Min
---
joint3MIN_HARD
2256: Joint 3 State: Hard Min
---
joint3MIN_HARD
2257: Joint 3 State: Hard Min
---
joint3MIN_HARD
2258: Joint 3 State: Hard Min
---
joint3MIN_HARD
2259: Joint 3 State: Hard Min
---
joint3MIN_HARD
2260: Joint 3 State: Hard Min
---
joint3MIN_HARD
2261: Joint 3 State: Hard Min
---
joint3MIN_HARD
2262: Joint 3 State: Hard Min
---
joint3MIN_HARD
2263: Joint 3 State: Hard Min
---
joint3MIN_HARD
2264: Joint 3 State: Hard Min
---
joint3MIN_HARD
2265: Joint 3 State: Hard Min
---
joint3MIN_HARD
2266: Joint 3 State: Hard Min
---
joint3MIN_HARD
2267: Joint 3 State: Hard Min
---
joint3MIN_HARD
2268: Joint 3 State: Hard Min
---
joint3MIN_HARD
2269: Joint 3 State: Hard Min
---
joint3MIN_HARD
2270: Joint 3 State: Hard Min
---
joint3MIN_HARD
2271: Joint 3 State: Hard Min
---
joint3MIN_HARD
2272: Joint 3 State: Hard Min
---
joint3MIN_HARD
2273: Joint 3 State: Hard Min
---
joint3MIN_HARD
2274: Joint 3 State: Hard Min
---
joint3MIN_HARD
2275: Joint 3 State: Hard Min
---
joint3MIN_HARD
2276: Joint 3 State: Hard Min
---
joint3MIN_HARD
2277: Joint 3 State: Hard Min
---
joint3MIN_HARD
2278: Joint 3 State: Hard Min
---
joint3MIN_HARD
2279: Joint 3 State: Hard Min
---
joint3MIN_HARD
2280: Joint 3 State: Hard Min
---
joint3MIN_HARD
2281: Joint 3 State: Hard Min
---
joint3MIN_HARD
2282: Joint 3 State: Hard Min
---
joint3MIN_HARD
2283: Joint 3 State: Hard Min
---
joint3MIN_SOFT
2284: Joint 3 State: Soft Min
---
joint3MIN_SOFT
2285: Joint 3 State: Soft Min
---
joint3MIN_SOFT
2286: Joint 3 State: Soft Min
---
joint3MIN_SOFT
2287: Joint 3 State: Soft Min
---
joint3MIN_SOFT
2288: Joint 3 State: Soft Min
---
joint3MIN_SOFT
2289: Joint 3 State: Soft Min
---
joint3MIN_SOFT
2290: Joint 3 State: Soft Min
---
joint3MIN_SOFT
2291: Joint 3 State: Soft Min
---
joint3MIN_SOFT
2292: Joint 3 State: Soft Min
---
joint3MIN_SOFT
2293: Joint 3 State: Soft Min
---
joint3MIN_SOFT
2294: Joint 3 State: Soft Min
---
joint3MIN_SOFT
2295: Joint 3 State: Soft Min
---
joint3MIN_SOFT
2296: Joint 3 State: Soft Min
---
joint3MIN_SOFT
2297: Joint 3 State: Soft Min
---
joint3MIN_SOFT
2298: Joint 3 State: Soft Min
---
joint3MIN_SOFT
2299: Joint 3 State: Soft Min
---
joint3MIN_SOFT
2300: Joint 3 State: Soft Min
---
joint3MIN_SOFT
2301: Joint 3 State: Soft Min
---
joint3MIN_SOFT
2302: Joint 3 State: Soft Min
---
joint3MIN_SOFT
2303: Joint 3 State: Soft Min
---
joint3MIN_SOFT
2304: Joint 3 State: Soft Min
---
joint3MIN_SOFT
2305: Joint 3 State: Soft Min
---
joint3MIN_SOFT
2306: Joint 3 State: Soft Min
---
joint3MIN_SOFT
2307: Joint 3 State: Soft Min
---
joint3MIN_SOFT
2308: Joint 3 State: Soft Min
---
joint3MIN_SOFT
2309: Joint 3 State: Soft Min
---
joint3MIN_SOFT
2310: Joint 3 State: Soft Min
---
joint3MIN_SOFT
2311: Joint 3 State: Soft Min
---
joint3MIN_SOFT
2312: Joint 3 State: Soft Min
---
joint3MIN_SOFT
2313: Joint 3 State: Soft Min
---
joint3MIN_SOFT
2314: Joint 3 State: Soft Min
---
joint3MIN_SOFT
2315: Joint 3 State: Soft Min
---
joint3MIN_SOFT
2316: Joint 3 State: Soft Min
---
joint3MIN_SOFT
2317: Joint 3 State: Soft Min
---
joint3MIN_SOFT
2318: Joint 3 State: Soft Min
---
joint3MIN_SOFT
2319: Joint 3 State: Soft Min
---
joint3MIN_SOFT
2320: Joint 3 State: Soft Min
---
joint3MIN_SOFT
2321: Joint 3 State: Soft Min
---
joint3MIN_SOFT
2322: Joint 3 State: Soft Min
---
joint3MIN_SOFT
2323: Joint 3 State: Soft Min
---
joint3MIN_SOFT
2324: Joint 3 State: Soft Min
---
joint3MIN_SOFT
2325: Joint 3 State: Soft Min
---
joint3MIN_SOFT
2326: Joint 3 State: Soft Min
---
joint3MIN_SOFT
2327: Joint 3 State: Soft Min
---
joint3MIN_SOFT
2328: Joint 3 State: Soft Min
---
joint3MIN_SOFT
2329: Joint 3 State: Soft Min
---
joint3MIN_SOFT
2330: Joint 3 State: Soft Min
---
joint3MIN_SOFT
2331: Joint 3 State: Soft Min
---
joint3MIN_SOFT
2332: Joint 3 State: Soft Min
---
joint3MIN_SOFT
2333: Joint 3 State: Soft Min
---
joint3MIN_SOFT
2334: Joint 3 State: Soft Min
---
joint3MIN_SOFT
2335: Joint 3 State: Soft Min
---
joint3MIN_SOFT
2336: Joint 3 State: Soft Min
---
joint3MIN_SOFT
2337: Joint 3 State: Soft Min
---
joint3MIN_SOFT
2338: Joint 3 State: Soft Min
---
joint3MIN_SOFT
2339: Joint 3 State: Soft Min
---
joint3MIN_SOFT
2340: Joint 3 State: Soft Min
---
joint3MIN_SOFT
2341: Joint 3 State: Soft Min
---
joint3MIN_SOFT
2342: Joint 3 State: Soft Min
---
joint3MIN_SOFT
2343: Joint 3 State: Soft Min
---
joint3MIN_SOFT
2344: Joint 3 State: Soft Min
---
joint3MIN_SOFT
2345: Joint 3 State: Soft Min
---
joint3MIN_SOFT
2346: Joint 3 State: Soft Min
---
joint3MIN_SOFT
2347: Joint 3 State: Soft Min
---
joint3MIN_SOFT
2348: Joint 3 State: Soft Min
---
joint3MIN_SOFT
2349: Joint 3 State: Soft Min
---
joint3MIN_SOFT
2350: Joint 3 State: Soft Min
---
joint3MIN_SOFT
2351: Joint 3 State: Soft Min
---
joint3MIN_SOFT
2352: Joint 3 State: Soft Min
---
joint3MIN_SOFT
2353: Joint 3 State: Soft Min
---
joint3MIN_SOFT
2354: Joint 3 State: Soft Min
---
joint3MIN_SOFT
2355: Joint 3 State: Soft Min
---
joint3MIN_SOFT
2356: Joint 3 State: Soft Min
---
joint3MIN_SOFT
2357: Joint 3 State: Soft Min
---
joint3MIN_SOFT
2358: Joint 3 State: Soft Min
---
joint3MIN_SOFT
2359: Joint 3 State: Soft Min
---
joint3MIN_SOFT
2360: Joint 3 State: Soft Min
---
joint3MIN_SOFT
2361: Joint 3 State: Soft Min
---
joint3MIN_SOFT
2362: Joint 3 State: Soft Min
---
joint3MIN_SOFT
2363: Joint 3 State: Soft Min
---
joint3MIN_SOFT
2364: Joint 3 State: Soft Min
---
joint3MIN_SOFT
2365: Joint 3 State: Soft Min
---
joint3MIN_SOFT
2366: Joint 3 State: Soft Min
---
joint3MIN_SOFT
2367: Joint 3 State: Soft Min
---
joint3MIN_SOFT
2368: Joint 3 State: Soft Min
---
joint3MIN_SOFT
2369: Joint 3 State: Soft Min
---
joint3MIN_SOFT
2370: Joint 3 State: Soft Min
---
joint3MIN_SOFT
2371: Joint 3 State: Soft Min
---
joint3MIN_SOFT
2372: Joint 3 State: Soft Min
---
joint3MIN_SOFT
2373: Joint 3 State: Soft Min
---
joint3MIN_SOFT
2374: Joint 3 State: Soft Min
---
joint3MIN_SOFT
2375: Joint 3 State: Soft Min
---
joint3MIN_SOFT
2376: Joint 3 State: Soft Min
---
joint3MIN_SOFT
2377: Joint 3 State: Soft Min
---
joint3MIN_SOFT
2378: Joint 3 State: Soft Min
---
joint3MIN_SOFT
2379: Joint 3 State: Soft Min
---
joint3MIN_SOFT
2380: Joint 3 State: Soft Min
---
joint3MIN_SOFT
2381: Joint 3 State: Soft Min
---
joint3MIN_SOFT
2382: Joint 3 State: Soft Min
---
joint3MIN_SOFT
2383: Joint 3 State: Soft Min
---
joint3MIN_SOFT
2384: Joint 3 State: Soft Min
---
joint3MIN_SOFT
2385: Joint 3 State: Soft Min
---
joint3MIN_SOFT
2386: Joint 3 State: Soft Min
---
joint3MIN_SOFT
2387: Joint 3 State: Soft Min
---
joint3MIN_SOFT
2388: Joint 3 State: Soft Min
---
joint3MIN_SOFT
2389: Joint 3 State: Soft Min
---
joint3MIN_SOFT
2390: Joint 3 State: Soft Min
---
joint3MIN_SOFT
2391: Joint 3 State: Soft Min
---
joint3MIN_SOFT
2392: Joint 3 State: Soft Min
---
joint3MIN_SOFT
2393: Joint 3 State: Soft Min
---
joint3MIN_SOFT
2394: Joint 3 State: Soft Min
---
joint3MIN_SOFT
2395: Joint 3 State: Soft Min
---
joint3MIN_SOFT
2396: Joint 3 State: Soft Min
---
joint3MIN_SOFT
2397: Joint 3 State: Soft Min
---
joint3MIN_SOFT
2398: Joint 3 State: Soft Min
---
joint3MIN_SOFT
2399: Joint 3 State: Soft Min
---
joint3MIN_SOFT
2400: Joint 3 State: Soft Min
---
joint3MIN_SOFT
2401: Joint 3 State: Soft Min
---
joint3MIN_SOFT
2402: Joint 3 State: Soft Min
---
joint3MIN_SOFT
2403: Joint 3 State: Soft Min
---
joint3MIN_SOFT
2404: Joint 3 State: Soft Min
---
joint3MIN_SOFT
2405: Joint 3 State: Soft Min
---
joint3MIN_SOFT
2406: Joint 3 State: Soft Min
---
joint3MIN_SOFT
2407: Joint 3 State: Soft Min
---
joint3MIN_SOFT
2408: Joint 3 State: Soft Min
---
joint3MIN_SOFT
2409: Joint 3 State: Soft Min
---
joint3MIN_SOFT
2410: Joint 3 State: Soft Min
---
joint3MIN_SOFT
2411: Joint 3 State: Soft Min
---
joint3MIN_SOFT
2412: Joint 3 State: Soft Min
---
joint3MIN_SOFT
2413: Joint 3 State: Soft Min
---
joint3MIN_SOFT
2414: Joint 3 State: Soft Min
---
joint3MIN_SOFT
2415: Joint 3 State: Soft Min
---
joint3MIN_SOFT
2416: Joint 3 State: Soft Min
---
joint3MIN_SOFT
2417: Joint 3 State: Soft Min
---
joint3MIN_SOFT
2418: Joint 3 State: Soft Min
---
joint3MIN_SOFT
2419: Joint 3 State: Soft Min
---
joint3MIN_SOFT
2420: Joint 3 State: Soft Min
---
joint3MIN_SOFT
2421: Joint 3 State: Soft Min
---
joint3MIN_SOFT
2422: Joint 3 State: Soft Min
---
joint3MIN_SOFT
2423: Joint 3 State: Soft Min
---
joint3MIN_SOFT
2424: Joint 3 State: Soft Min
---
joint3MIN_SOFT
2425: Joint 3 State: Soft Min
---
joint3MIN_SOFT
2426: Joint 3 State: Soft Min
---
joint3MIN_SOFT
2427: Joint 3 State: Soft Min
---
joint3MIN_SOFT
2428: Joint 3 State: Soft Min
---
joint3MIN_SOFT
2429: Joint 3 State: Soft Min
---
joint3MIN_SOFT
2430: Joint 3 State: Soft Min
---
joint3MIN_SOFT
2431: Joint 3 State: Soft Min
---
joint3MIN_SOFT
2432: Joint 3 State: Soft Min
---
joint3MIN_SOFT
2433: Joint 3 State: Soft Min
---
joint3MIN_SOFT
2434: Joint 3 State: Soft Min
---
joint3MIN_SOFT
2435: Joint 3 State: Soft Min
---
joint3MIN_SOFT
2436: Joint 3 State: Soft Min
---
joint3MIN_SOFT
2437: Joint 3 State: Soft Min
---
joint3MIN_SOFT
2438: Joint 3 State: Soft Min
---
joint3MIN_SOFT
2439: Joint 3 State: Soft Min
---
joint3MIN_SOFT
2440: Joint 3 State: Soft Min
---
joint3MIN_SOFT
2441: Joint 3 State: Soft Min
---
joint3MIN_SOFT
2442: Joint 3 State: Soft Min
---
joint3MIN_SOFT
2443: Joint 3 State: Soft Min
---
joint3MIN_SOFT
2444: Joint 3 State: Soft Min
---
joint3MIN_SOFT
2445: Joint 3 State: Soft Min
---
joint3MIN_SOFT
2446: Joint 3 State: Soft Min
---
joint3MIN_SOFT
2447: Joint 3 State: Soft Min
---
joint3MIN_SOFT
2448: Joint 0 State: Min Soft Vel
---
2448: Joint 3 State: Soft Min
---
joint3MIN_SOFT
2449: Joint 0 State: Min Soft Vel
---
2449: Joint 3 State: Soft Min
---
joint3MIN_SOFT
2450: Joint 0 State: Min Soft Vel
---
2450: Joint 3 State: Soft Min
---
joint3MIN_SOFT
2451: Joint 0 State: Min Soft Vel
---
2451: Joint 3 State: Soft Min
---
joint3MIN_SOFT
2452: Joint 0 State: Min Soft Vel
---
2452: Joint 3 State: Soft Min
---
joint3MIN_SOFT
2453: Joint 0 State: Min Soft Vel
---
2453: Joint 3 State: Soft Min
---
joint3MIN_SOFT
2454: Joint 0 State: Min Soft Vel
---
2454: Joint 3 State: Soft Min
---
joint3MIN_SOFT
2455: Joint 0 State: Min Soft Vel
---
2455: Joint 3 State: Soft Min
---
joint3MIN_SOFT
2456: Joint 3 State: Soft Min
---
joint3MIN_SOFT
2457: Joint 3 State: Soft Min
---
joint3MIN_SOFT
2458: Joint 3 State: Soft Min
---
joint3MIN_SOFT
2459: Joint 3 State: Soft Min
---
joint3MIN_SOFT
2460: Joint 3 State: Soft Min
---
joint3MIN_SOFT
2461: Joint 3 State: Soft Min
---
joint3MIN_SOFT
2462: Joint 3 State: Soft Min
---
joint3MIN_SOFT
2463: Joint 3 State: Soft Min
---
joint3MIN_SOFT
2464: Joint 3 State: Soft Min
---
joint3MIN_SOFT
2465: Joint 3 State: Soft Min
---
joint3MIN_SOFT
2466: Joint 3 State: Soft Min
---
joint3MIN_SOFT
2467: Joint 0 State: Min Soft Vel
---
2467: Joint 3 State: Soft Min
---
joint3MIN_SOFT
2468: Joint 0 State: Min Soft Vel
---
2468: Joint 3 State: Soft Min
---
joint3MIN_SOFT
2469: Joint 0 State: Min Soft Vel
---
2469: Joint 3 State: Soft Min
---
joint3MIN_SOFT
2470: Joint 0 State: Min Soft Vel
---
2470: Joint 3 State: Soft Min
---
joint3MIN_SOFT
2471: Joint 0 State: Min Soft Vel
---
2471: Joint 3 State: Soft Min
---
joint3MIN_SOFT
2472: Joint 0 State: Min Soft Vel
---
2472: Joint 3 State: Soft Min
---
joint3MIN_SOFT
2473: Joint 0 State: Min Soft Vel
---
2473: Joint 3 State: Soft Min
---
joint3MIN_SOFT
2474: Joint 0 State: Min Soft Vel
---
2474: Joint 3 State: Soft Min
---
joint3MIN_SOFT
2475: Joint 0 State: Min Soft Vel
---
2475: Joint 3 State: Soft Min
---
joint3MIN_SOFT
2476: Joint 0 State: Min Soft Vel
---
2476: Joint 3 State: Soft Min
---
joint3MIN_SOFT
2477: Joint 0 State: Min Soft Vel
---
2477: Joint 3 State: Soft Min
---
joint3MIN_SOFT
2478: Joint 0 State: Min Soft Vel
---
2478: Joint 3 State: Soft Min
---
joint3MIN_SOFT
2479: Joint 0 State: Min Soft Vel
---
2479: Joint 3 State: Soft Min
---
joint3MIN_SOFT
2480: Joint 0 State: Min Soft Vel
---
2480: Joint 3 State: Soft Min
---
joint3MIN_SOFT
2481: Joint 0 State: Min Soft Vel
---
2481: Joint 3 State: Soft Min
---
joint3MIN_SOFT
2482: Joint 0 State: Min Soft Vel
---
2482: Joint 3 State: Soft Min
---
joint3MIN_SOFT
2483: Joint 0 State: Min Soft Vel
---
2483: Joint 3 State: Soft Min
---
joint3MIN_SOFT
2484: Joint 0 State: Min Soft Vel
---
2484: Joint 3 State: Soft Min
---
joint3MIN_SOFT
2485: Joint 0 State: Min Soft Vel
---
2485: Joint 3 State: Soft Min
---
joint3MIN_SOFT
2486: Joint 0 State: Min Soft Vel
---
2486: Joint 3 State: Soft Min
---
joint3MIN_SOFT
2487: Joint 0 State: Min Soft Vel
---
2487: Joint 3 State: Soft Min
---
joint3MIN_SOFT
2488: Joint 0 State: Min Soft Vel
---
2488: Joint 3 State: Soft Min
---
joint3MIN_SOFT
2489: Joint 0 State: Min Soft Vel
---
2489: Joint 3 State: Soft Min
---
joint3MIN_SOFT
2490: Joint 0 State: Min Soft Vel
---
2490: Joint 3 State: Soft Min
---
joint3MIN_SOFT
2491: Joint 0 State: Min Soft Vel
---
2491: Joint 3 State: Soft Min
---
joint3MIN_SOFT
2492: Joint 0 State: Min Soft Vel
---
2492: Joint 3 State: Soft Min
---
joint3MIN_SOFT
2493: Joint 3 State: Soft Min
---
2495: Joint 0 State: Min Soft Vel
---
2496: Joint 0 State: Min Soft Vel
---
2497: Joint 0 State: Min Soft Vel
---
2498: Joint 0 State: Min Soft Vel
---
2499: Joint 0 State: Min Soft Vel
---
2500: Joint 0 State: Min Soft Vel
---
2511: Joint 0 State: Min Soft Vel
---
2512: Joint 0 State: Min Soft Vel
---
2513: Joint 0 State: Min Soft Vel
---
2514: Joint 0 State: Min Soft Vel
---
2515: Joint 0 State: Min Soft Vel
---
2516: Joint 0 State: Min Soft Vel
---
2517: Joint 0 State: Min Soft Vel
---
2518: Joint 0 State: Min Soft Vel
---
2519: Joint 0 State: Min Soft Vel
---
2520: Joint 0 State: Min Soft Vel
---
2521: Joint 0 State: Min Soft Vel
---
2522: Joint 0 State: Min Soft Vel
---
2523: Joint 0 State: Min Soft Vel
---
2524: Joint 0 State: Min Soft Vel
---
2525: Joint 0 State: Min Soft Vel
---
2526: Joint 0 State: Min Soft Vel
---
2527: Joint 0 State: Min Soft Vel
---
2528: Joint 0 State: Min Soft Vel
---
2529: Joint 0 State: Min Soft Vel
---
2530: Joint 0 State: Min Soft Vel
---
2531: Joint 0 State: Min Soft Vel
---
2532: Joint 0 State: Min Soft Vel
---
2533: Joint 0 State: Min Soft Vel
---
2534: Joint 0 State: Min Soft Vel
---
2535: Joint 0 State: Min Soft Vel
---
2536: Joint 0 State: Min Soft Vel
---
2537: Joint 0 State: Min Soft Vel
---
2538: Joint 0 State: Min Soft Vel
---
2539: Joint 0 State: Min Soft Vel
---
2540: Joint 0 State: Min Soft Vel
---
2541: Joint 0 State: Min Soft Vel
---
2542: Joint 0 State: Min Soft Vel
---
2548: Joint 0 State: Min Soft Vel
---
2549: Joint 0 State: Min Soft Vel
---
2550: Joint 0 State: Min Soft Vel
---
2551: Joint 0 State: Min Soft Vel
---
2552: Joint 0 State: Min Soft Vel
---
2553: Joint 0 State: Min Soft Vel
---
2554: Joint 0 State: Min Soft Vel
---
2555: Joint 0 State: Min Soft Vel
---
2556: Joint 0 State: Min Soft Vel
---
2557: Joint 0 State: Min Soft Vel
---
2558: Joint 0 State: Min Soft Vel
---
2559: Joint 0 State: Min Soft Vel
---
2560: Joint 0 State: Min Soft Vel
---
2561: Joint 0 State: Min Soft Vel
---
2562: Joint 0 State: Min Soft Vel
---
2563: Joint 0 State: Min Soft Vel
---
2564: Joint 0 State: Min Soft Vel
---
2565: Joint 0 State: Min Soft Vel
---
2566: Joint 0 State: Min Soft Vel
---
2567: Joint 0 State: Min Soft Vel
---
2568: Joint 0 State: Min Soft Vel
---
2569: Joint 0 State: Min Soft Vel
---
2570: Joint 0 State: Min Soft Vel
---
2571: Joint 0 State: Min Soft Vel
---
2572: Joint 0 State: Min Soft Vel
---
2573: Joint 0 State: Min Soft Vel
---
2574: Joint 0 State: Min Soft Vel
---
2575: Joint 0 State: Min Soft Vel
---
2576: Joint 0 State: Min Soft Vel
---
2577: Joint 0 State: Min Soft Vel
---
2578: Joint 0 State: Min Soft Vel
---
2586: Joint 0 State: Min Soft Vel
---
2587: Joint 0 State: Min Soft Vel
---
2588: Joint 0 State: Min Soft Vel
---
2589: Joint 0 State: Min Soft Vel
---
2590: Joint 0 State: Min Soft Vel
---
2591: Joint 0 State: Min Soft Vel
---
2592: Joint 0 State: Min Soft Vel
---
2593: Joint 0 State: Min Soft Vel
---
2594: Joint 0 State: Min Soft Vel
---
2595: Joint 0 State: Min Soft Vel
---
2596: Joint 0 State: Min Soft Vel
---
2597: Joint 0 State: Min Soft Vel
---
2598: Joint 0 State: Min Soft Vel
---
2599: Joint 0 State: Min Soft Vel
---
2600: Joint 0 State: Min Soft Vel
---
2601: Joint 0 State: Min Soft Vel
---
2602: Joint 0 State: Min Soft Vel
---
2603: Joint 0 State: Min Soft Vel
---
2604: Joint 0 State: Min Soft Vel
---
2605: Joint 0 State: Min Soft Vel
---
2606: Joint 0 State: Min Soft Vel
---
2607: Joint 0 State: Min Soft Vel
---
2608: Joint 0 State: Min Soft Vel
---
2609: Joint 0 State: Min Soft Vel
---
2610: Joint 0 State: Min Soft Vel
---
2611: Joint 0 State: Min Soft Vel
---
2612: Joint 0 State: Min Soft Vel
---
2613: Joint 0 State: Min Soft Vel
---
2614: Joint 0 State: Min Soft Vel
---
2615: Joint 0 State: Min Soft Vel
---
2616: Joint 0 State: Min Soft Vel
---
2617: Joint 0 State: Min Soft Vel
---
2618: Joint 0 State: Min Soft Vel
---
2619: Joint 0 State: Min Soft Vel
---
2620: Joint 0 State: Min Soft Vel
---
2621: Joint 0 State: Min Soft Vel
---
2622: Joint 0 State: Min Soft Vel
---
2623: Joint 0 State: Min Soft Vel
---
2624: Joint 0 State: Min Soft Vel
---
2625: Joint 0 State: Min Soft Vel
---
2626: Joint 0 State: Min Soft Vel
---
2627: Joint 0 State: Min Soft Vel
---
2628: Joint 0 State: Min Soft Vel
---
2629: Joint 0 State: Min Soft Vel
---
2630: Joint 0 State: Min Soft Vel
---
2631: Joint 0 State: Min Soft Vel
---
2632: Joint 0 State: Min Soft Vel
---
2633: Joint 0 State: Min Soft Vel
---
2634: Joint 0 State: Min Soft Vel
---
2635: Joint 0 State: Min Soft Vel
---
2636: Joint 0 State: Min Soft Vel
---
2637: Joint 0 State: Min Soft Vel
---
2638: Joint 0 State: Min Soft Vel
---
2639: Joint 0 State: Min Soft Vel
---
2640: Joint 0 State: Min Soft Vel
---
2641: Joint 0 State: Min Soft Vel
---
2642: Joint 0 State: Min Soft Vel
---
2643: Joint 0 State: Min Soft Vel
---
2644: Joint 0 State: Min Soft Vel
---
2645: Joint 0 State: Min Soft Vel
---
2646: Joint 0 State: Min Soft Vel
---
2647: Joint 0 State: Min Soft Vel
---
2648: Joint 0 State: Min Soft Vel
---
2649: Joint 0 State: Min Soft Vel
---
2650: Joint 0 State: Min Soft Vel
---
2651: Joint 0 State: Min Soft Vel
---
2652: Joint 0 State: Min Soft Vel
---
2653: Joint 0 State: Min Soft Vel
---
2654: Joint 0 State: Min Soft Vel
---
2655: Joint 0 State: Min Soft Vel
---
2656: Joint 0 State: Min Soft Vel
---
2657: Joint 0 State: Min Soft Vel
---
2658: Joint 0 State: Min Soft Vel
---
2659: Joint 0 State: Min Soft Vel
---
2660: Joint 0 State: Min Soft Vel
---
2661: Joint 0 State: Min Soft Vel
---
2662: Joint 0 State: Min Soft Vel
---
2663: Joint 0 State: Min Soft Vel
---
2664: Joint 0 State: Min Soft Vel
---
2665: Joint 0 State: Min Soft Vel
---
2666: Joint 0 State: Min Soft Vel
---
2667: Joint 0 State: Min Soft Vel
---
2668: Joint 0 State: Min Soft Vel
---
2669: Joint 0 State: Min Soft Vel
---
2670: Joint 0 State: Min Soft Vel
---
2671: Joint 0 State: Min Soft Vel
---
2672: Joint 0 State: Min Soft Vel
---
2673: Joint 0 State: Min Soft Vel
---
2674: Joint 0 State: Min Soft Vel
---
2675: Joint 0 State: Min Soft Vel
---
2676: Joint 0 State: Min Soft Vel
---
2677: Joint 0 State: Min Soft Vel
---
2678: Joint 0 State: Min Soft Vel
---
2679: Joint 0 State: Min Soft Vel
---
2680: Joint 0 State: Min Soft Vel
---
2681: Joint 0 State: Min Soft Vel
---
2682: Joint 0 State: Min Soft Vel
---
2683: Joint 0 State: Min Soft Vel
---
2684: Joint 0 State: Min Soft Vel
---
2685: Joint 0 State: Min Soft Vel
---
2686: Joint 0 State: Min Soft Vel
---
2687: Joint 0 State: Min Soft Vel
---
2688: Joint 0 State: Min Soft Vel
---
2689: Joint 0 State: Min Soft Vel
---
2690: Joint 0 State: Min Soft Vel
---
2691: Joint 0 State: Min Soft Vel
---
2692: Joint 0 State: Min Soft Vel
---
2693: Joint 0 State: Min Soft Vel
---
2694: Joint 0 State: Min Soft Vel
---
2695: Joint 0 State: Min Soft Vel
---
2696: Joint 0 State: Min Soft Vel
---
2697: Joint 0 State: Min Soft Vel
---
2698: Joint 0 State: Min Soft Vel
---
2699: Joint 0 State: Min Soft Vel
---
2700: Joint 0 State: Min Soft Vel
---
2701: Joint 0 State: Min Soft Vel
---
2702: Joint 0 State: Min Soft Vel
---
2703: Joint 0 State: Min Soft Vel
---
2704: Joint 0 State: Min Soft Vel
---
2705: Joint 0 State: Min Soft Vel
---
2706: Joint 0 State: Min Soft Vel
---
2707: Joint 0 State: Min Soft Vel
---
2708: Joint 0 State: Min Soft Vel
---
2709: Joint 0 State: Min Soft Vel
---
2710: Joint 0 State: Min Soft Vel
---
2711: Joint 0 State: Min Soft Vel
---
2712: Joint 0 State: Min Soft Vel
---
2713: Joint 0 State: Min Soft Vel
---
2714: Joint 0 State: Min Soft Vel
---
2715: Joint 0 State: Min Soft Vel
---
2716: Joint 0 State: Min Soft Vel
---
2717: Joint 0 State: Min Soft Vel
---
2718: Joint 0 State: Min Soft Vel
---
2719: Joint 0 State: Min Soft Vel
---
2720: Joint 0 State: Min Soft Vel
---
2721: Joint 0 State: Min Soft Vel
---
2722: Joint 0 State: Min Soft Vel
---
2723: Joint 0 State: Min Soft Vel
---
2724: Joint 0 State: Min Soft Vel
---
2725: Joint 0 State: Min Soft Vel
---
2726: Joint 0 State: Min Soft Vel
---
2727: Joint 0 State: Min Soft Vel
---
2728: Joint 0 State: Min Soft Vel
---
2729: Joint 0 State: Min Soft Vel
---
2730: Joint 0 State: Min Soft Vel
---
2740: Joint 0 State: Min Soft Vel
---
2741: Joint 0 State: Min Soft Vel
---
2742: Joint 0 State: Min Soft Vel
---
2743: Joint 0 State: Min Soft Vel
---
2744: Joint 0 State: Min Soft Vel
---
2745: Joint 0 State: Min Soft Vel
---
2746: Joint 0 State: Min Soft Vel
---
2747: Joint 0 State: Min Soft Vel
---
2748: Joint 0 State: Min Soft Vel
---
2749: Joint 0 State: Min Soft Vel
---
2750: Joint 0 State: Min Soft Vel
---
2751: Joint 0 State: Min Soft Vel
---
2752: Joint 0 State: Min Soft Vel
---
2753: Joint 0 State: Min Soft Vel
---
2754: Joint 0 State: Min Soft Vel
---
2755: Joint 0 State: Min Soft Vel
---
2756: Joint 0 State: Min Soft Vel
---
2757: Joint 0 State: Min Soft Vel
---
2758: Joint 0 State: Min Soft Vel
---
2759: Joint 0 State: Min Soft Vel
---
2760: Joint 0 State: Min Soft Vel
---
2761: Joint 0 State: Min Soft Vel
---
2762: Joint 0 State: Min Soft Vel
---
2763: Joint 0 State: Min Soft Vel
---
2764: Joint 0 State: Min Soft Vel
---
2765: Joint 0 State: Min Soft Vel
---
3188: Joint 3 State: Max Soft Vel
---
3189: Joint 3 State: Max Soft Vel
---
3190: Joint 3 State: Max Soft Vel
---
3213: Joint 3 State: Max Soft Vel
---
3214: Joint 3 State: Max Soft Vel
---
3215: Joint 3 State: Max Soft Vel
---
3216: Joint 3 State: Max Soft Vel
---
3217: Joint 3 State: Max Soft Vel
---
3218: Joint 3 State: Max Soft Vel
---
3238: Joint 3 State: Max Soft Vel
---
3239: Joint 3 State: Max Soft Vel
---
3240: Joint 3 State: Max Soft Vel
---
3241: Joint 3 State: Max Soft Vel
---
3242: Joint 3 State: Max Soft Vel
---
3243: Joint 3 State: Max Soft Vel
---
3244: Joint 3 State: Max Soft Vel
---
3245: Joint 3 State: Max Soft Vel
---
3263: Joint 3 State: Max Soft Vel
---
3264: Joint 3 State: Max Soft Vel
---
3265: Joint 3 State: Max Soft Vel
---
3266: Joint 3 State: Max Soft Vel
---
3267: Joint 3 State: Max Soft Vel
---
3268: Joint 3 State: Max Soft Vel
---
3269: Joint 3 State: Max Soft Vel
---
3270: Joint 3 State: Max Soft Vel
---
3282: Joint 3 State: Max Soft Vel
---
3283: Joint 3 State: Max Soft Vel
---
3284: Joint 3 State: Max Soft Vel
---
3285: Joint 3 State: Max Soft Vel
---
3286: Joint 3 State: Max Soft Vel
---
3287: Joint 3 State: Max Soft Vel
---
3288: Joint 3 State: Max Soft Vel
---
3289: Joint 3 State: Max Soft Vel
---
3290: Joint 3 State: Max Soft Vel
---
3291: Joint 3 State: Max Soft Vel
---
3292: Joint 3 State: Max Soft Vel
---
3293: Joint 3 State: Max Soft Vel
---
3294: Joint 3 State: Max Soft Vel
---
3295: Joint 3 State: Max Soft Vel
---
3309: Joint 3 State: Max Soft Vel
---
3310: Joint 3 State: Max Soft Vel
---
3311: Joint 3 State: Max Soft Vel
---
3312: Joint 3 State: Max Soft Vel
---
3313: Joint 3 State: Max Soft Vel
---
3314: Joint 3 State: Max Soft Vel
---
3315: Joint 3 State: Max Soft Vel
---
3316: Joint 3 State: Max Soft Vel
---
3317: Joint 3 State: Max Soft Vel
---
3318: Joint 3 State: Max Soft Vel
---
3319: Joint 3 State: Max Soft Vel
---
3320: Joint 3 State: Max Soft Vel
---
3327: Joint 3 State: Max Soft Vel
---
3328: Joint 3 State: Max Soft Vel
---
3329: Joint 3 State: Max Soft Vel
---
3330: Joint 3 State: Max Soft Vel
---
3331: Joint 3 State: Max Soft Vel
---
3332: Joint 3 State: Max Soft Vel
---
3333: Joint 3 State: Max Soft Vel
---
3334: Joint 3 State: Max Soft Vel
---
3335: Joint 3 State: Max Soft Vel
---
3336: Joint 3 State: Max Soft Vel
---
3337: Joint 3 State: Max Hard Vel
---
3338: Joint 3 State: Max Hard Vel
---
3339: Joint 3 State: Max Hard Vel
---
3340: Joint 3 State: Max Hard Vel
---
3341: Joint 3 State: Max Soft Vel
---
3342: Joint 3 State: Max Soft Vel
---
3343: Joint 3 State: Max Soft Vel
---
3344: Joint 3 State: Max Soft Vel
---
3357: Joint 3 State: Max Soft Vel
---
3358: Joint 3 State: Max Soft Vel
---
3359: Joint 3 State: Max Soft Vel
---
3360: Joint 3 State: Max Soft Vel
---
3361: Joint 3 State: Max Soft Vel
---
3362: Joint 3 State: Max Soft Vel
---
3363: Joint 3 State: Max Soft Vel
---
3364: Joint 3 State: Max Soft Vel
---
3365: Joint 3 State: Max Soft Vel
---
3366: Joint 3 State: Max Soft Vel
---
3367: Joint 3 State: Max Soft Vel
---
3368: Joint 3 State: Max Soft Vel
---
3369: Joint 3 State: Max Soft Vel
---
3370: Joint 3 State: Max Soft Vel
---
3371: Joint 3 State: Max Soft Vel
---
3372: Joint 3 State: Max Soft Vel
---
3373: Joint 3 State: Max Soft Vel
---
3374: Joint 3 State: Max Soft Vel
---
3375: Joint 3 State: Max Soft Vel
---
3376: Joint 3 State: Max Soft Vel
---
3377: Joint 3 State: Max Soft Vel
---
3378: Joint 3 State: Max Soft Vel
---
3379: Joint 3 State: Max Soft Vel
---
3380: Joint 3 State: Max Soft Vel
---
3381: Joint 3 State: Max Soft Vel
---
3382: Joint 3 State: Max Soft Vel
---
3383: Joint 3 State: Max Soft Vel
---
3384: Joint 3 State: Max Hard Vel
---
3385: Joint 3 State: Max Hard Vel
---
3386: Joint 3 State: Max Hard Vel
---
3387: Joint 3 State: Max Soft Vel
---
3388: Joint 3 State: Max Soft Vel
---
3389: Joint 3 State: Max Soft Vel
---
3390: Joint 3 State: Max Soft Vel
---
3391: Joint 3 State: Max Soft Vel
---
3404: Joint 3 State: Max Soft Vel
---
3405: Joint 3 State: Max Soft Vel
---
3406: Joint 3 State: Max Soft Vel
---
3407: Joint 3 State: Max Soft Vel
---
3408: Joint 3 State: Max Soft Vel
---
3409: Joint 3 State: Max Hard Vel
---
3410: Joint 3 State: Max Hard Vel
---
3411: Joint 3 State: Max Soft Vel
---
3412: Joint 3 State: Max Soft Vel
---
3413: Joint 3 State: Max Soft Vel
---
3414: Joint 3 State: Max Soft Vel
---
3415: Joint 3 State: Max Soft Vel
---
3416: Joint 3 State: Max Soft Vel
---
3417: Joint 3 State: Max Soft Vel
---
3418: Joint 3 State: Max Soft Vel
---
3419: Joint 3 State: Max Soft Vel
---
3420: Joint 3 State: Max Soft Vel
---
3421: Joint 3 State: Max Soft Vel
---
3422: Joint 3 State: Max Soft Vel
---
3423: Joint 3 State: Max Soft Vel
---
3424: Joint 3 State: Max Soft Vel
---
3425: Joint 3 State: Max Soft Vel
---
3426: Joint 3 State: Max S